all,n,K,n_all_agree,all_agree,all_agree_lo,all_agree_hi,majority,mean_frac_callers,detected,detected_discord,singleton,jaccard,fleiss_kappa,rate_MuTect2,rate_SomaticSniper,rate_VarDict,rate_MuSE,rate_Strelka,vtype,grouping,run,flags,callerset,denom,vaf_bin,lc
all,39446,5,30487,0.7728793794047558,0.7687183496761238,0.7769872654521848,0.9284338082441819,0.8983724585509304,38100,0.19981627296587925,0.010571414085078334,0.8999476383706064,0.48308926529166035,0.946306342848451,0.7985854078994068,0.9433149115246159,0.8710895908330376,0.9325660396491406,snv,all,IL_T_1,strict,native,truth,,
,1292,5,4,0.0030959752321981426,0.0012046028492181103,0.007933443120904406,0.23529411764705882,0.2541795665634675,711,0.9943741209563994,0.11068111455108359,0.219151669238102,0.2132363462432039,0.5356037151702786,0.0030959752321981426,0.29566563467492263,0.04643962848297214,0.39009287925696595,snv,vaf_bin,IL_T_1,strict,native,truth,<5%,
,3853,5,170,0.044121463794445884,0.03807839234768623,0.05107265585895446,0.6472878276667532,0.5317415001297691,3250,0.9476923076923077,0.058655593044381005,0.4173233355681032,0.17883441175328615,0.8193615364650921,0.048793148196210744,0.7305995328315599,0.3599792369582144,0.6999740461977679,snv,vaf_bin,IL_T_1,strict,native,truth,5-10%,
,6271,5,3441,0.5487163131876893,0.5363739749855937,0.5609990031222599,0.9409982458937969,0.8538670068569607,6127,0.4383874653174474,0.005421782809759209,0.7884526455803743,0.20075014987297304,0.9561473449210652,0.578695582841652,0.9674693031414447,0.8367086589060756,0.9303141444745655,snv,vaf_bin,IL_T_1,strict,native,truth,10-20%,
,28030,5,26872,0.958687120941848,0.9562937841805114,0.9609547505153725,0.9962183374955405,0.9884195504816269,28012,0.040696844209624446,0.0004994648590795576,0.9817080220299926,0.20303199688086726,0.9804851944345344,0.987513378523011,0.9970032108455227,0.9870495897252943,0.9900463788797716,snv,vaf_bin,IL_T_1,strict,native,truth,>=20%,
,37058,5,28793,0.7769712342813967,0.7727043650497272,0.7811806873918414,0.9294349398240596,0.8998758702574342,35800,0.19572625698324023,0.010470073938151006,0.9020214574571289,0.486776994504567,0.9490528360947703,0.7989368017701981,0.9441955852987209,0.8722273193372551,0.934966808786227,snv,lc,IL_T_1,strict,native,truth,,False
,2388,5,1694,0.7093802345058626,0.6908445099680743,0.7272434014660946,0.9128978224455612,0.8750418760469012,2300,0.2634782608695652,0.012144053601340033,0.8674962266596982,0.4331944951943806,0.9036850921273032,0.7931323283082077,0.9296482412060302,0.8534338358458962,0.8953098827470687,snv,lc,IL_T_1,strict,native,truth,,True
,1242,5,4,0.00322061191626409,0.0012531241011195814,0.008251663796935423,0.23510466988727857,0.2541062801932367,684,0.9941520467836257,0.11272141706924316,0.21991840995656106,0.21411720089048247,0.535426731078905,0.00322061191626409,0.2938808373590982,0.04750402576489533,0.39049919484702095,snv,vaf_bin+lc,IL_T_1,strict,native,truth,<5%,False
,50,5,0,0.0,6.938893903907228e-18,0.07134759913335872,0.24,0.256,27,1.0,0.06,0.19818254787295034,0.19144825268817148,0.54,0.0,0.34,0.02,0.38,snv,vaf_bin+lc,IL_T_1,strict,native,truth,<5%,True
,3638,5,163,0.04480483782297966,0.038548981315575756,0.05202098515613984,0.6503573391973612,0.5339747113798791,3074,0.9469746258945999,0.057174271577789995,0.41884939281978184,0.17773179796553668,0.8210555250137438,0.04920285871357889,0.7319956019791094,0.36256184716877404,0.7050577240241891,snv,vaf_bin+lc,IL_T_1,strict,native,truth,5-10%,False
,215,5,7,0.03255813953488372,0.01585896632094069,0.06566790211084202,0.5953488372093023,0.493953488372093,176,0.9602272727272727,0.08372093023255814,0.3899096763358649,0.192440040988147,0.7906976744186046,0.04186046511627907,0.7069767441860465,0.31627906976744186,0.6139534883720931,snv,vaf_bin+lc,IL_T_1,strict,native,truth,5-10%,True
,5910,5,3272,0.5536379018612522,0.540933210731212,0.5662729097599567,0.9434856175972928,0.8566159052453468,5783,0.43420370050146984,0.0054145516074450084,0.7907223413949758,0.19520186915237814,0.9598984771573604,0.5800338409475465,0.9712351945854484,0.8372250423011844,0.9346869712351946,snv,vaf_bin+lc,IL_T_1,strict,native,truth,10-20%,False
,361,5,169,0.46814404432132967,0.41727685142257964,0.5196820674614071,0.9002770083102493,0.8088642659279778,344,0.5087209302325582,0.00554016620498615,0.7501538063684408,0.2618026603136789,0.8947368421052632,0.556786703601108,0.9058171745152355,0.8282548476454293,0.8587257617728532,snv,vaf_bin+lc,IL_T_1,strict,native,truth,10-20%,True
,26268,5,25354,0.9652048119384803,0.9629197338162322,0.9673538459139143,0.9977539211207553,0.9908177249885792,26259,0.03446437411934956,0.00030455306837216383,0.9847469815005688,0.16312821678565342,0.9838967565098219,0.9896451956753465,0.9982488198568601,0.9896832648088929,0.992614588091975,snv,vaf_bin+lc,IL_T_1,strict,native,truth,>=20%,False
,1762,5,1518,0.8615209988649262,0.8446052920047925,0.8768637807911496,0.9733257661748014,0.9526674233825199,1753,0.13405590416428978,0.00340522133938706,0.9357565224862527,0.29895187864958817,0.9296254256526674,0.9557321225879682,0.978433598183882,0.9477866061293984,0.9517593643586834,snv,vaf_bin+lc,IL_T_1,strict,native,truth,>=20%,True
all,1625,3,1283,0.7895384615384615,0.7690476467410143,0.8086635816318797,0.92,0.8896410256410255,1559,0.177036561898653,0.039384615384615386,0.8802593218016757,0.4233503878188284,0.916923076923077,,0.9163076923076923,,0.8356923076923077,indel,all,IL_T_1,strict,native,truth,,
,102,3,24,0.23529411764705882,0.16352093227112996,0.32628201827699754,0.5294117647058824,0.4934640522875817,73,0.6712328767123288,0.18627450980392157,0.49972057520616103,0.35936765648365687,0.6568627450980392,,0.5784313725490197,,0.24509803921568626,indel,vaf_bin,IL_T_1,strict,native,truth,<5%,
,287,3,181,0.6306620209059234,0.5734429483905239,0.684429503164734,0.8536585365853658,0.8002322880371661,263,0.311787072243346,0.0627177700348432,0.7859912950354193,0.40424275154419964,0.8850174216027874,,0.867595818815331,,0.6480836236933798,indel,vaf_bin,IL_T_1,strict,native,truth,5-10%,
,422,3,349,0.8270142180094787,0.7880192574417748,0.860109275567533,0.9383886255924171,0.9162717219589257,415,0.15903614457831325,0.045023696682464455,0.8922516940770846,0.32046193884190016,0.9597156398104265,,0.933649289099526,,0.8554502369668247,indel,vaf_bin,IL_T_1,strict,native,truth,10-20%,
,814,3,729,0.8955773955773956,0.8726785363580684,0.914760145129944,0.9828009828009828,0.957002457002457,808,0.09777227722772278,0.009828009828009828,0.9346593373129756,0.2138150253682999,0.9385749385749386,,0.9668304668304668,,0.9656019656019657,indel,vaf_bin,IL_T_1,strict,native,truth,>=20%,
,1242,3,1011,0.8140096618357487,0.7914136386142949,0.8346692345133526,0.9323671497584541,0.9012345679012346,1189,0.14970563498738435,0.0249597423510467,0.8991904821274045,0.4632966051220974,0.9235104669887279,,0.9323671497584541,,0.8478260869565217,indel,lc,IL_T_1,strict,native,truth,,False
,383,3,272,0.7101827676240209,0.6628380311041239,0.7533531405733295,0.8798955613577023,0.8520452567449955,370,0.2648648648648649,0.08616187989556136,0.8186896023630718,0.32342726671874084,0.8955613577023499,,0.8642297650130548,,0.7963446475195822,indel,lc,IL_T_1,strict,native,truth,,True
,89,3,19,0.21348314606741572,0.1411479650217861,0.309528482248426,0.5056179775280899,0.46816479400749067,61,0.6885245901639344,0.1797752808988764,0.48664792347770286,0.368225352112676,0.6404494382022472,,0.5393258426966292,,0.2247191011235955,indel,vaf_bin+lc,IL_T_1,strict,native,truth,<5%,False
,13,3,5,0.38461538461538464,0.17709707797762575,0.6447710848733431,0.6923076923076923,0.6666666666666666,12,0.5833333333333334,0.23076923076923078,0.5681818181818182,0.19230769230769212,0.7692307692307693,,0.8461538461538461,,0.38461538461538464,indel,vaf_bin+lc,IL_T_1,strict,native,truth,<5%,True
,255,3,164,0.6431372549019608,0.5826118483427289,0.6994140695013245,0.8745098039215686,0.8143790849673204,236,0.3050847457627119,0.050980392156862744,0.7916502530486418,0.37738792304388113,0.8941176470588236,,0.8901960784313725,,0.6588235294117647,indel,vaf_bin+lc,IL_T_1,strict,native,truth,5-10%,False
,32,3,17,0.53125,0.3644951711897464,0.6913061289193116,0.6875,0.6875,27,0.37037037037037035,0.15625,0.7364053016226929,0.515151515151515,0.8125,,0.6875,,0.5625,indel,vaf_bin+lc,IL_T_1,strict,native,truth,5-10%,True
,342,3,304,0.8888888888888888,0.8511671345225094,0.9179714207769321,0.9824561403508771,0.9532163742690059,338,0.10059171597633136,0.005847953216374269,0.9327568798722644,0.2569018404907956,0.9649122807017544,,0.9853801169590644,,0.9093567251461988,indel,vaf_bin+lc,IL_T_1,strict,native,truth,10-20%,False
,80,3,45,0.5625,0.4534113429694972,0.6658613908385618,0.75,0.7583333333333333,77,0.4155844155844156,0.2125,0.7043736390155718,0.27245168624478955,0.9375,,0.7125,,0.625,indel,vaf_bin+lc,IL_T_1,strict,native,truth,10-20%,True
,556,3,524,0.9424460431654677,0.9198805163964903,0.9589397143102494,0.9964028776978417,0.9784172661870504,554,0.05415162454873646,0.0,0.9638989169675091,0.14828431372548945,0.9568345323741008,,0.9820143884892086,,0.9964028776978417,indel,vaf_bin+lc,IL_T_1,strict,native,truth,>=20%,False
,258,3,205,0.7945736434108527,0.7411260107394655,0.8393779349862867,0.9534883720930233,0.9108527131782945,254,0.19291338582677164,0.031007751937984496,0.8702442100651396,0.220351526364477,0.8992248062015504,,0.9341085271317829,,0.8992248062015504,indel,vaf_bin+lc,IL_T_1,strict,native,truth,>=20%,True
all,39446,5,30511,0.7734878061146885,0.769330633284179,0.777591716771952,0.9457232672514323,0.9135679156314962,38741,0.212436436849849,0.00986158292349034,0.8968558700801147,0.37272018951658537,0.9605790194189525,0.8019317548040359,0.9535314100289003,0.8948689347462354,0.9569284591593571,snv,all,NV_T_1,strict,native,truth,,
,1292,5,3,0.0023219814241486067,0.0007899905644007492,0.006804656723432237,0.30727554179566563,0.3382352941176471,914,0.9967177242888403,0.12229102167182662,0.23725089963195214,0.1483142639206713,0.6958204334365325,0.0023219814241486067,0.3506191950464396,0.0936532507739938,0.5487616099071208,snv,vaf_bin,NV_T_1,strict,native,truth,<5%,
,3853,5,119,0.03088502465611212,0.025872297866195507,0.03683223935754662,0.7235920062289125,0.5980275110303659,3557,0.9665448411582794,0.051388528419413444,0.4323668369416412,0.07830171758757457,0.9018946275629379,0.03270179081235401,0.7796522190500909,0.4689852063327277,0.8069037113937192,snv,vaf_bin,NV_T_1,strict,native,truth,5-10%,
,6271,5,3377,0.5385106043693191,0.5261524160064943,0.5508216403373574,0.9749641205549354,0.8776271726997289,6243,0.45907416306263016,0.004943390208898103,0.7903596543098808,0.053885036852130565,0.968745016743741,0.5673736246212725,0.9861266145750279,0.8985807686174454,0.9673098389411577,snv,vaf_bin,NV_T_1,strict,native,truth,10-20%,
,28030,5,27012,0.9636817695326436,0.9614273511851781,0.9658091118654872,0.9991437745272922,0.9915019621833749,28027,0.036215078317336856,7.135212272565108e-05,0.9845308960020944,0.08288643499815855,0.9790224759186585,0.9970032108455227,0.9979307884409562,0.9895112379593293,0.9940420977524081,snv,vaf_bin,NV_T_1,strict,native,truth,>=20%,
,37058,5,28817,0.77761886772087,0.7733563251921944,0.7818238598739453,0.946111500890496,0.914787630201306,36394,0.2081936582953234,0.00976847104538831,0.898924500350564,0.37726665958085903,0.962922985590156,0.800960656268552,0.9541259647039776,0.8967564358573048,0.95917210858654,snv,lc,NV_T_1,strict,native,truth,,False
,2388,5,1694,0.7093802345058626,0.6908445099680743,0.7272434014660946,0.9396984924623115,0.8946398659966499,2347,0.2782275244993609,0.011306532663316583,0.864619773834422,0.3118350737269864,0.9242043551088778,0.817001675041876,0.9443048576214406,0.8655778894472361,0.9221105527638191,snv,lc,NV_T_1,strict,native,truth,,True
,1242,5,3,0.0024154589371980675,0.0008218066091337951,0.007077640588593908,0.30998389694041867,0.3391304347826087,879,0.9965870307167235,0.1215780998389694,0.2383780009677785,0.14893849652621635,0.6972624798711755,0.0024154589371980675,0.3502415458937198,0.09420289855072464,0.5515297906602254,snv,vaf_bin+lc,NV_T_1,strict,native,truth,<5%,False
,50,5,0,0.0,6.938893903907228e-18,0.07134759913335872,0.24,0.316,35,1.0,0.14,0.2086948300741404,0.13020948996964962,0.66,0.0,0.36,0.08,0.48,snv,vaf_bin+lc,NV_T_1,strict,native,truth,<5%,True
,3638,5,114,0.031335898845519516,0.026150276785338905,0.03751022613390935,0.7262231995601979,0.6002199010445299,3364,0.9661117717003567,0.05057724024189115,0.43388723747947405,0.07647525377194248,0.9046179219351292,0.032985156679494226,0.7809235843870258,0.47058823529411764,0.8119846069268829,snv,vaf_bin+lc,NV_T_1,strict,native,truth,5-10%,False
,215,5,5,0.023255813953488372,0.009973457135895241,0.053275339025873183,0.6790697674418604,0.5609302325581396,193,0.9740932642487047,0.06511627906976744,0.40547739258477355,0.10295802063130662,0.8558139534883721,0.027906976744186046,0.7581395348837209,0.4418604651162791,0.7209302325581395,snv,vaf_bin+lc,NV_T_1,strict,native,truth,5-10%,True
,5910,5,3221,0.5450084602368866,0.5322875857384476,0.5576708623708612,0.9776649746192894,0.8806768189509306,5884,0.4525832766825289,0.004230118443316413,0.7942319317504073,0.04951796099381315,0.9717428087986464,0.5690355329949238,0.9888324873096447,0.9021996615905246,0.9715736040609138,snv,vaf_bin+lc,NV_T_1,strict,native,truth,10-20%,False
,361,5,156,0.43213296398891965,0.38201159484642555,0.48368349321076354,0.9307479224376731,0.8277008310249307,359,0.5654596100278552,0.01662049861495845,0.7258447834514138,0.08901952934998285,0.9196675900277008,0.5401662049861495,0.9418282548476454,0.8393351800554016,0.8975069252077562,snv,vaf_bin+lc,NV_T_1,strict,native,truth,10-20%,True
,26268,5,25479,0.9699634536317954,0.9678296119722766,0.971959859530887,0.9995431703974418,0.9932465357088474,26267,0.029999619294171394,7.613826709304096e-05,0.9873921021349276,0.06073676437403277,0.981574539363484,0.9972590223846505,0.9988579259936043,0.9925003806913355,0.9960408101111619,snv,vaf_bin+lc,NV_T_1,strict,native,truth,>=20%,False
,1762,5,1533,0.8700340522133939,0.853524486626376,0.8849336538178223,0.9931895573212258,0.9654937570942111,1760,0.12897727272727272,0.0,0.9416242856203603,0.1295018531810358,0.9409761634506243,0.9931895573212258,0.9841089670828603,0.9449489216799092,0.9642451759364359,snv,vaf_bin+lc,NV_T_1,strict,native,truth,>=20%,True
all,1625,3,1329,0.8178461538461539,0.7983375026205104,0.8358555886751322,0.9218461538461539,0.9025641025641026,1573,0.1551176096630642,0.046153846153846156,0.8952745219451147,0.43086124401913883,0.9156923076923077,,0.9126153846153846,,0.8793846153846154,indel,all,NV_T_1,strict,native,truth,,
,102,3,38,0.37254901960784315,0.2849497607818803,0.4693998080005515,0.5294117647058824,0.565359477124183,81,0.5308641975308642,0.2647058823529412,0.6128039655817433,0.4281368160285101,0.7745098039215687,,0.5392156862745098,,0.38235294117647056,indel,vaf_bin,NV_T_1,strict,native,truth,<5%,
,287,3,227,0.7909407665505227,0.7402069559857811,0.8339890361439266,0.9233449477351916,0.8908246225319396,275,0.17454545454545456,0.03484320557491289,0.8819801394099023,0.42678021581735937,0.926829268292683,,0.9198606271777003,,0.8257839721254355,indel,vaf_bin,NV_T_1,strict,native,truth,5-10%,
,422,3,360,0.8530805687203792,0.8161202327240542,0.8836707195830971,0.9360189573459715,0.9225908372827805,413,0.12832929782082325,0.04265402843601896,0.9134454334310581,0.4138069611406202,0.9383886255924171,,0.933649289099526,,0.8957345971563981,indel,vaf_bin,NV_T_1,strict,native,truth,10-20%,
,814,3,704,0.8648648648648649,0.8396585008928058,0.8866436370014169,0.9631449631449631,0.9385749385749386,804,0.12437810945273632,0.02457002457002457,0.9165809776000075,0.28970331588132753,0.9176904176904177,,0.9459459459459459,,0.952088452088452,indel,vaf_bin,NV_T_1,strict,native,truth,>=20%,
,1242,3,1086,0.8743961352657005,0.8548032295505085,0.8916801961016868,0.9500805152979066,0.9331723027375202,1211,0.10322047894302229,0.0249597423510467,0.9307353400655355,0.4620414358036115,0.9412238325281803,,0.9404186795491143,,0.9178743961352657,indel,lc,NV_T_1,strict,native,truth,,False
,383,3,243,0.6344647519582245,0.585120987971149,0.681137960369085,0.8302872062663186,0.8033072236727589,362,0.3287292817679558,0.11488250652741515,0.7733585683380629,0.34452391681607686,0.8328981723237598,,0.8224543080939948,,0.7545691906005222,indel,lc,NV_T_1,strict,native,truth,,True
,89,3,34,0.38202247191011235,0.2879491474996802,0.4858588013762895,0.5393258426966292,0.5767790262172284,72,0.5277777777777778,0.2696629213483146,0.6153122438333706,0.4169635674060453,0.7865168539325843,,0.550561797752809,,0.39325842696629215,indel,vaf_bin+lc,NV_T_1,strict,native,truth,<5%,False
,13,3,4,0.3076923076923077,0.12680703655710515,0.5763065681945096,0.46153846153846156,0.48717948717948717,9,0.5555555555555556,0.23076923076923078,0.5925925925925926,0.4868421052631582,0.6923076923076923,,0.46153846153846156,,0.3076923076923077,indel,vaf_bin+lc,NV_T_1,strict,native,truth,<5%,True
,255,3,214,0.8392156862745098,0.7891494431288135,0.8792133484742171,0.9450980392156862,0.9163398692810457,246,0.13008130081300814,0.0196078431372549,0.9125388253477759,0.4543509272467907,0.9411764705882353,,0.9490196078431372,,0.8588235294117647,indel,vaf_bin+lc,NV_T_1,strict,native,truth,5-10%,False
,32,3,13,0.40625,0.2551963484266544,0.5773997512461713,0.75,0.6875,29,0.5517241379310345,0.15625,0.6088669950738916,0.2242424242424244,0.8125,,0.6875,,0.5625,indel,vaf_bin+lc,NV_T_1,strict,native,truth,5-10%,True
,342,3,318,0.9298245614035088,0.8977084827645655,0.9523920257242909,0.9853801169590644,0.9688109161793372,339,0.061946902654867256,0.005847953216374269,0.9586612162962574,0.3226232394366176,0.956140350877193,,0.97953216374269,,0.9707602339181286,indel,vaf_bin+lc,NV_T_1,strict,native,truth,10-20%,False
,80,3,42,0.525,0.41695642649729936,0.6307526670259243,0.725,0.725,74,0.43243243243243246,0.2,0.6902531716662402,0.3312434691745034,0.8625,,0.7375,,0.575,indel,vaf_bin+lc,NV_T_1,strict,native,truth,10-20%,True
,556,3,520,0.935251798561151,0.9116634100229126,0.9528670608349368,0.9964028776978417,0.9760191846522782,554,0.061371841155234655,0.0,0.9590854392298436,0.12911547911547253,0.9568345323741008,,0.9748201438848921,,0.9964028776978417,indel,vaf_bin+lc,NV_T_1,strict,native,truth,>=20%,False
,258,3,184,0.7131782945736435,0.6551800620016579,0.7649214776682944,0.8914728682170543,0.8578811369509044,250,0.264,0.07751937984496124,0.8204168918265012,0.30060240963855417,0.8333333333333334,,0.8837209302325582,,0.8565891472868217,indel,vaf_bin+lc,NV_T_1,strict,native,truth,>=20%,True
all,39446,5,29614,0.7507478578309588,0.7464547073407424,0.7549921747880295,0.8949449880849769,0.8637124169751053,36486,0.1883462149865702,0.009658774020179487,0.9046956822196082,0.6337532736348129,0.910003549155808,0.7729807838564113,0.9121583937534857,0.8283729655731886,0.8950463925366323,snv,all,FD_T_1,strict,native,truth,,
,1292,5,2,0.0015479876160990713,0.00042461673364873687,0.005626631871894721,0.1803405572755418,0.15944272445820434,420,0.9952380952380953,0.06501547987616099,0.24773273074268234,0.34567219152854517,0.31346749226006193,0.0015479876160990713,0.23452012383900928,0.030959752321981424,0.21671826625386997,snv,vaf_bin,FD_T_1,strict,native,truth,<5%,
,3853,5,170,0.044121463794445884,0.03807839234768623,0.05107265585895446,0.4897482481183493,0.39065663119647026,2391,0.9289000418235048,0.04152608357124319,0.4176365806691037,0.3647946001183462,0.6005709836491046,0.04749545808460939,0.5746171814170776,0.22398131326239293,0.5066182195691669,snv,vaf_bin,FD_T_1,strict,native,truth,5-10%,
,6271,5,2879,0.45909743262637537,0.44679257298210984,0.47145237338560053,0.8521766863339181,0.7636421623345558,5691,0.49411351256369707,0.01578695582841652,0.7486903595880785,0.40116819716476926,0.8920427364056769,0.4865252750757455,0.8904480944028066,0.7048317652686972,0.8443629405198533,snv,vaf_bin,FD_T_1,strict,native,truth,10-20%,
,28030,5,26563,0.9476632179807349,0.9449941757433205,0.9502095742266532,0.9931501962183374,0.9835890117731003,27984,0.05077901658090337,0.0013556903317873707,0.976553628912046,0.2774907350459738,0.984052800570817,0.9723510524438101,0.9946485907955762,0.9758473064573671,0.9910453085979308,snv,vaf_bin,FD_T_1,strict,native,truth,>=20%,
,37058,5,27953,0.7543040638998327,0.7498947740434633,0.7586606365381173,0.8956230773382265,0.8647687408926548,34260,0.18409223584354933,0.00949862377894112,0.9069555242275804,0.6400306307441801,0.9117869285984133,0.7742727616169248,0.9123536078579524,0.8292406497922176,0.8961897565977657,snv,lc,FD_T_1,strict,native,truth,,False
,2388,5,1661,0.6955611390284757,0.6768027378458114,0.7136913714337024,0.8844221105527639,0.8473199329983249,2226,0.25381850853548965,0.012144053601340033,0.8696720795583573,0.5448849123510545,0.8823283082077052,0.7529313232830821,0.9091289782244556,0.8149078726968174,0.8773031825795645,snv,lc,FD_T_1,strict,native,truth,,True
,1242,5,2,0.001610305958132045,0.00044171510798921617,0.005852391389411185,0.17954911433172302,0.15958132045088566,404,0.995049504950495,0.06521739130434782,0.24878492145797537,0.3468250081351057,0.3148148148148148,0.001610305958132045,0.23429951690821257,0.0322061191626409,0.21497584541062803,snv,vaf_bin+lc,FD_T_1,strict,native,truth,<5%,False
,50,5,0,0.0,6.938893903907228e-18,0.07134759913335872,0.2,0.156,16,1.0,0.06,0.24669312169312171,0.3164418519868755,0.28,0.0,0.24,0.0,0.26,snv,vaf_bin+lc,FD_T_1,strict,native,truth,<5%,True
,3638,5,161,0.044255085211654756,0.03803909206896448,0.05143252895163001,0.4925783397471138,0.3922484881803189,2264,0.928886925795053,0.04150632215503024,0.4183608460889114,0.3642055378962994,0.6025288620120945,0.047553600879604176,0.5761407366684992,0.22484881803188564,0.5101704233095107,snv,vaf_bin+lc,FD_T_1,strict,native,truth,5-10%,False
,215,5,9,0.04186046511627907,0.02217672090826227,0.07762821979353471,0.4418604651162791,0.36372093023255814,127,0.9291338582677166,0.04186046511627907,0.4046772954835415,0.37295284246421717,0.5674418604651162,0.046511627906976744,0.5488372093023256,0.20930232558139536,0.44651162790697674,snv,vaf_bin+lc,FD_T_1,strict,native,truth,5-10%,True
,5910,5,2746,0.46463620981387477,0.45194773429474283,0.47737062790508594,0.8543147208121827,0.7658206429780033,5363,0.48797314935670333,0.015228426395939087,0.7521061561822397,0.4048471388177235,0.8937394247038917,0.4905245346869712,0.8917089678510999,0.7062605752961083,0.8468697123519459,snv,vaf_bin+lc,FD_T_1,strict,native,truth,10-20%,False
,361,5,133,0.3684210526315789,0.3202897175722076,0.4193232082529549,0.817174515235457,0.72797783933518,328,0.5945121951219512,0.024930747922437674,0.6921193756278764,0.34254170192847216,0.8642659279778393,0.42105263157894735,0.8698060941828255,0.6814404432132964,0.8033240997229917,snv,vaf_bin+lc,FD_T_1,strict,native,truth,10-20%,True
,26268,5,25044,0.9534033805390589,0.950787523937998,0.9558866441950661,0.9945941830363941,0.9858154408405664,26229,0.045179000343131645,0.0011420740063956144,0.9794295293852546,0.26765821675476603,0.986904218059997,0.9752931323283082,0.9956220496421502,0.9783005938784833,0.9929572102938937,snv,vaf_bin+lc,FD_T_1,strict,native,truth,>=20%,False
,1762,5,1519,0.862088535754824,0.8451992525639155,0.8774024247419102,0.9716231555051078,0.9503972758229284,1755,0.13447293447293449,0.004540295119182747,0.9331498540892715,0.3029531831229333,0.9415437003405221,0.9284903518728718,0.9801362088535754,0.9392735527809307,0.9625425652667423,snv,vaf_bin+lc,FD_T_1,strict,native,truth,>=20%,True
all,1625,3,1272,0.7827692307692308,0.7620656151655929,0.8021390807692528,0.9046153846153846,0.8722051282051283,1510,0.1576158940397351,0.024615384615384615,0.8938433179174926,0.562003868635513,0.8953846153846153,,0.8953846153846153,,0.8258461538461539,indel,all,FD_T_1,strict,native,truth,,
,102,3,19,0.18627450980392157,0.12262079699482112,0.27270121846962636,0.4803921568627451,0.40196078431372545,55,0.6545454545454545,0.058823529411764705,0.5406495588515566,0.5105957616953215,0.5196078431372549,,0.5,,0.18627450980392157,indel,vaf_bin,FD_T_1,strict,native,truth,<5%,
,287,3,169,0.5888501742160279,0.5311157879843336,0.6442374790732419,0.818815331010453,0.7537746806039488,245,0.31020408163265306,0.03484320557491289,0.7893355689383191,0.5244061982149604,0.818815331010453,,0.8362369337979094,,0.6062717770034843,indel,vaf_bin,FD_T_1,strict,native,truth,5-10%,
,422,3,344,0.8151658767772512,0.7753463124300167,0.849299302716635,0.9123222748815166,0.8941548183254344,403,0.14640198511166252,0.04265402843601896,0.9007719324539601,0.5075813511945579,0.9265402843601895,,0.9075829383886256,,0.8483412322274881,indel,vaf_bin,FD_T_1,strict,native,truth,10-20%,
,814,3,740,0.9090909090909091,0.8873734236694447,0.9269653369998351,0.984029484029484,0.9615069615069616,807,0.08302354399008674,0.007371007371007371,0.9445455049515111,0.2586991192141787,0.9533169533169533,,0.9594594594594594,,0.9717444717444718,indel,vaf_bin,FD_T_1,strict,native,truth,>=20%,
,1242,3,980,0.789049919484702,0.7654864060932765,0.8108309053242246,0.9106280193236715,0.8743961352657005,1147,0.14559721011333915,0.01288244766505636,0.9023738116272675,0.5919039524011891,0.893719806763285,,0.9049919484702094,,0.8244766505636071,indel,lc,FD_T_1,strict,native,truth,,False
,383,3,292,0.762402088772846,0.7173037790451542,0.8022889259683126,0.8851174934725848,0.8651000870322019,363,0.19559228650137742,0.06266318537859007,0.8668537435335854,0.47050691244239684,0.9007832898172323,,0.8642297650130548,,0.8302872062663186,indel,lc,FD_T_1,strict,native,truth,,True
,89,3,17,0.19101123595505617,0.1228195648849351,0.28477268217117596,0.4943820224719101,0.4119850187265917,49,0.6530612244897959,0.056179775280898875,0.5433012093726379,0.5052692530399533,0.5393258426966292,,0.5056179775280899,,0.19101123595505617,indel,vaf_bin+lc,FD_T_1,strict,native,truth,<5%,False
,13,3,2,0.15384615384615385,0.043258178358081184,0.4223463101948254,0.38461538461538464,0.3333333333333333,6,0.6666666666666666,0.07692307692307693,0.5222222222222223,0.5384615384615385,0.38461538461538464,,0.46153846153846156,,0.15384615384615385,indel,vaf_bin+lc,FD_T_1,strict,native,truth,<5%,True
,255,3,151,0.592156862745098,0.530905353896447,0.6506729767702724,0.8313725490196079,0.7607843137254902,219,0.3105022831050228,0.027450980392156862,0.7900333132305217,0.5115768125739397,0.8196078431372549,,0.8509803921568627,,0.611764705882353,indel,vaf_bin+lc,FD_T_1,strict,native,truth,5-10%,False
,32,3,18,0.5625,0.3932559113685198,0.7183466888495963,0.71875,0.6979166666666666,26,0.3076923076923077,0.09375,0.786510590858417,0.604734945959856,0.8125,,0.71875,,0.5625,indel,vaf_bin+lc,FD_T_1,strict,native,truth,5-10%,True
,342,3,298,0.8713450292397661,0.8316927749969268,0.9027478003641941,0.9473684210526315,0.9259259259259259,328,0.09146341463414634,0.011695906432748537,0.9387121729368317,0.5736842105263155,0.9385964912280702,,0.9502923976608187,,0.8888888888888888,indel,vaf_bin+lc,FD_T_1,strict,native,truth,10-20%,False
,80,3,46,0.575,0.4656928984656886,0.6774343821039822,0.7625,0.7583333333333333,75,0.38666666666666666,0.175,0.7254074876610087,0.3406593406593406,0.875,,0.725,,0.675,indel,vaf_bin+lc,FD_T_1,strict,native,truth,10-20%,True
,556,3,514,0.9244604316546763,0.8994649463270119,0.9436308847575026,0.9910071942446043,0.9688249400479617,551,0.06715063520871144,0.0,0.9552329098608591,0.2655654988575791,0.9568345323741008,,0.9658273381294964,,0.9838129496402878,indel,vaf_bin+lc,FD_T_1,strict,native,truth,>=20%,False
,258,3,226,0.875968992248062,0.8301495548378546,0.9107567969436976,0.9689922480620154,0.9457364341085271,256,0.1171875,0.023255813953488372,0.9213995325885999,0.244730679156909,0.9457364341085271,,0.9457364341085271,,0.9457364341085271,indel,vaf_bin+lc,FD_T_1,strict,native,truth,>=20%,True
all,39446,5,27235,0.6904375602088931,0.6858569100889673,0.6949811223194176,0.9088881001875982,0.865268975308016,37494,0.2736171120712647,0.011965725295340466,0.8660025575802115,0.4675287914596911,0.8718754753333672,0.7664401967246363,0.9342138619885413,0.8369416417380723,0.9168737007554632,snv,all,NS_T_1,strict,native,truth,,
,1292,5,0,0.0,0.0,0.0029644512409644002,0.206656346749226,0.20619195046439626,565,1.0,0.09055727554179567,0.2243763104233505,0.27838622553911174,0.42569659442724456,0.0,0.2917956656346749,0.04102167182662539,0.2724458204334365,snv,vaf_bin,NS_T_1,strict,native,truth,<5%,
,3853,5,89,0.02309888398650402,0.018809331630836153,0.028338434426495057,0.5621593563457047,0.4652997664157799,2942,0.96974847042828,0.06540358162470802,0.3893822345546128,0.23649914135178185,0.7386452115234882,0.02543472618738645,0.686478069037114,0.2899039709317415,0.5860368543991695,snv,vaf_bin,NS_T_1,strict,native,truth,5-10%,
,6271,5,2571,0.4099824589379684,0.3978682489843756,0.42220688639407483,0.896826662414288,0.7931111465476001,5991,0.5708562844266399,0.01148142242066656,0.7186233109729169,0.22292159826017957,0.9108595120395471,0.44044012119279224,0.9457821719024079,0.7641524477754744,0.9043214798277787,snv,vaf_bin,NS_T_1,strict,native,truth,10-20%,
,28030,5,24575,0.8767392079914378,0.8728390653984068,0.8805361019336717,0.991616125579736,0.9667713164466643,27996,0.12219602800400058,0.0011059579022475918,0.9450356859426401,0.15098082373140403,0.9020335354976811,0.9765608276846236,0.9952907599001071,0.9651088119871566,0.9948626471637532,snv,vaf_bin,NS_T_1,strict,native,truth,>=20%,
,37058,5,25673,0.6927788871498731,0.6880620049630242,0.6974558062843028,0.9090614712072966,0.8656592368719306,35195,0.27054979400483026,0.012008203356899994,0.8677150155963741,0.473222321651495,0.8730368611365967,0.7666900534297587,0.934292190620109,0.8372551136056992,0.9170219655674888,snv,lc,NS_T_1,strict,native,truth,,False
,2388,5,1562,0.6541038525963149,0.6347923212996588,0.6729203815158896,0.9061976549413735,0.859212730318258,2299,0.32057416267942584,0.011306532663316583,0.8396558776213908,0.38241542850406496,0.8538525963149078,0.7625628140703518,0.932998324958124,0.8320770519262981,0.914572864321608,snv,lc,NS_T_1,strict,native,truth,,True
,1242,5,0,0.0,0.0,0.0030834250967457988,0.2028985507246377,0.20128824476650564,531,1.0,0.09017713365539452,0.22405990812112137,0.28234435483870957,0.41626409017713367,0.0,0.2834138486312399,0.039452495974235106,0.2673107890499195,snv,vaf_bin+lc,NS_T_1,strict,native,truth,<5%,False
,50,5,0,0.0,6.938893903907228e-18,0.07134759913335872,0.3,0.32799999999999996,34,1.0,0.1,0.22976421414960974,0.15614111498257818,0.66,0.0,0.5,0.08,0.4,snv,vaf_bin+lc,NS_T_1,strict,native,truth,<5%,True
,3638,5,87,0.023914238592633315,0.019429037668539834,0.02940380166057335,0.5612974161627268,0.4650907091808686,2774,0.9686373467916366,0.06597031335898845,0.39094358812971397,0.23928243423498285,0.7374931280923585,0.026388125343595383,0.6858163826278175,0.28999450247388675,0.585761407366685,snv,vaf_bin+lc,NS_T_1,strict,native,truth,5-10%,False
,215,5,2,0.009302325581395349,0.0025547510706895402,0.03327693668605749,0.5767441860465117,0.4688372093023256,168,0.9880952380952381,0.05581395348837209,0.3636149723969829,0.18940941817474202,0.7581395348837209,0.009302325581395349,0.6976744186046512,0.28837209302325584,0.5906976744186047,snv,vaf_bin+lc,NS_T_1,strict,native,truth,5-10%,True
,5910,5,2434,0.411844331641286,0.3993577560969584,0.4244454338844332,0.8984771573604061,0.7943147208121827,5648,0.5690509915014165,0.01116751269035533,0.7197697928553836,0.22201311377450983,0.9125211505922166,0.44094754653130286,0.9485617597292724,0.7631133671742809,0.9064297800338409,snv,vaf_bin+lc,NS_T_1,strict,native,truth,10-20%,False
,361,5,137,0.37950138504155123,0.330960417966136,0.430579840421118,0.8698060941828255,0.7734072022160665,343,0.6005830903790087,0.01662049861495845,0.6996687884328063,0.23496052290512193,0.8836565096952909,0.43213296398891965,0.9002770083102493,0.7811634349030471,0.8698060941828255,snv,vaf_bin+lc,NS_T_1,strict,native,truth,10-20%,True
,26268,5,23152,0.8813765798690422,0.8774104890539687,0.8852311412027094,0.9929952794274403,0.9686005786508298,26242,0.11775017148083225,0.001027866605756053,0.9473230404090435,0.13981914078239338,0.9045226130653267,0.9787574234810416,0.996269224912441,0.967450890817725,0.9960027409776153,snv,vaf_bin+lc,NS_T_1,strict,native,truth,>=20%,False
,1762,5,1423,0.8076049943246311,0.788538436623675,0.8253332077333118,0.97105561861521,0.9395005675368899,1754,0.1887115165336374,0.0022701475595913734,0.9105412848371346,0.2281636243746928,0.8649262202043133,0.9438138479001135,0.9807037457434733,0.9301929625425652,0.9778660612939841,snv,vaf_bin+lc,NS_T_1,strict,native,truth,>=20%,True
all,1625,3,1237,0.7612307692307693,0.7399014339125908,0.7813279315375551,0.916923076923077,0.875897435897436,1543,0.1983149708360337,0.032615384615384616,0.8662365253435095,0.4225521125670161,0.8726153846153846,,0.9126153846153846,,0.8424615384615385,indel,all,NS_T_1,strict,native,truth,,
,102,3,25,0.24509803921568626,0.17188155492783067,0.3368175826370329,0.5294117647058824,0.4705882352941177,65,0.6153846153846154,0.10784313725490197,0.558168456755229,0.47530864197530825,0.5882352941176471,,0.5588235294117647,,0.2647058823529412,indel,vaf_bin,NS_T_1,strict,native,truth,<5%,
,287,3,165,0.5749128919860628,0.5171002245927863,0.6307466476322283,0.8466898954703833,0.775842044134727,260,0.36538461538461536,0.059233449477351915,0.7495802168845648,0.3655564518631134,0.8222996515679443,,0.8710801393728222,,0.6341463414634146,indel,vaf_bin,NS_T_1,strict,native,truth,5-10%,
,422,3,343,0.8127962085308057,0.7728185780780475,0.847130453496073,0.9360189573459715,0.9067930489731437,410,0.16341463414634147,0.035545023696682464,0.8897998430334315,0.3738410204925293,0.9123222748815166,,0.9360189573459715,,0.8720379146919431,indel,vaf_bin,NS_T_1,strict,native,truth,10-20%,
,814,3,704,0.8648648648648649,0.8396585008928058,0.8866436370014169,0.9803439803439803,0.9459459459459459,808,0.12871287128712872,0.012285012285012284,0.9139221358657817,0.16709956709956664,0.9054054054054054,,0.9594594594594594,,0.972972972972973,indel,vaf_bin,NS_T_1,strict,native,truth,>=20%,
,1242,3,955,0.7689210950080515,0.7446706460251844,0.7915131478841342,0.926731078904992,0.8805689747718733,1175,0.18723404255319148,0.01932367149758454,0.8742146622232049,0.4385652497012082,0.8679549114331723,,0.9259259259259259,,0.8478260869565217,indel,lc,NS_T_1,strict,native,truth,,False
,383,3,282,0.7362924281984334,0.6899728529990269,0.7779190853464332,0.8851174934725848,0.8607484769364665,368,0.23369565217391305,0.07571801566579635,0.8404263280191188,0.37554347826087003,0.8877284595300261,,0.8694516971279374,,0.825065274151436,indel,lc,NS_T_1,strict,native,truth,,True
,89,3,21,0.23595505617977527,0.1598243870081069,0.3339362604762063,0.550561797752809,0.4794007490636704,58,0.6379310344827587,0.10112359550561797,0.54447391688771,0.44475044964028765,0.6067415730337079,,0.5730337078651685,,0.25842696629213485,indel,vaf_bin+lc,NS_T_1,strict,native,truth,<5%,False
,13,3,4,0.3076923076923077,0.12680703655710515,0.5763065681945096,0.38461538461538464,0.4102564102564103,7,0.42857142857142855,0.15384615384615385,0.6825396825396824,0.6820652173913043,0.46153846153846156,,0.46153846153846156,,0.3076923076923077,indel,vaf_bin+lc,NS_T_1,strict,native,truth,<5%,True
,255,3,151,0.592156862745098,0.530905353896447,0.6506729767702724,0.8549019607843137,0.7803921568627451,228,0.33771929824561403,0.0392156862745098,0.7704695121413389,0.41268844221105533,0.8156862745098039,,0.8784313725490196,,0.6470588235294118,indel,vaf_bin+lc,NS_T_1,strict,native,truth,5-10%,False
,32,3,14,0.4375,0.2816533111504036,0.6067440886314801,0.78125,0.7395833333333334,32,0.5625,0.21875,0.5916461412151067,0.02647887323943637,0.875,,0.8125,,0.53125,indel,vaf_bin+lc,NS_T_1,strict,native,truth,5-10%,True
,342,3,296,0.8654970760233918,0.8252497897674245,0.8976247922809228,0.9736842105263158,0.9415204678362573,337,0.12166172106824925,0.011695906432748537,0.9184957589413515,0.27422360248447014,0.9269005847953217,,0.97953216374269,,0.9181286549707602,indel,vaf_bin+lc,NS_T_1,strict,native,truth,10-20%,False
,80,3,47,0.5875,0.47804040345890164,0.6889414238723812,0.775,0.7583333333333333,73,0.3561643835616438,0.1375,0.7524643038341668,0.4088669950738916,0.85,,0.75,,0.675,indel,vaf_bin+lc,NS_T_1,strict,native,truth,10-20%,True
,556,3,487,0.8758992805755396,0.845887937800052,0.9007520143044544,0.9910071942446043,0.9532374100719424,552,0.11775362318840579,0.0017985611510791368,0.9214405954917279,0.12578616352201327,0.8974820143884892,,0.9712230215827338,,0.9910071942446043,indel,vaf_bin+lc,NS_T_1,strict,native,truth,>=20%,False
,258,3,217,0.8410852713178295,0.7915170109884296,0.880645452483494,0.9573643410852714,0.9302325581395349,256,0.15234375,0.03488372093023256,0.8974193814008543,0.22361111111111193,0.9224806201550387,,0.9341085271317829,,0.9341085271317829,indel,vaf_bin+lc,NS_T_1,strict,native,truth,>=20%,True
all,39446,5,20642,0.5232976727678345,0.5183668044685344,0.5282240038093283,0.9710997312782031,0.8470263144552046,39438,0.47659617627668743,0.002180195710591695,0.7528367053071386,0.06824840043947292,0.7820818333924859,0.771256908178269,0.9648887086143082,0.7293008163058359,0.987603305785124,snv,all,NS_380X,strict,native,truth,,
,1292,5,0,0.0,0.0,0.0029644512409644002,0.44659442724458204,0.5102167182662539,1288,1.0,0.05417956656346749,0.25804878279227383,-0.10913182127821511,0.9845201238390093,0.0,0.21439628482972137,0.44040247678018574,0.9117647058823529,snv,vaf_bin,NS_380X,strict,native,truth,<5%,
,3853,5,3,0.0007786140669608098,0.000264833585615644,0.0022868551280042686,0.9369322605761744,0.7422268362315079,3851,0.9992209815632304,0.0028549182455229693,0.5268296529740181,-0.15860489273771222,0.970153127433169,0.0007786140669608098,0.926031663638723,0.8871009602906826,0.9270698157280042,snv,vaf_bin,NS_380X,strict,native,truth,5-10%,
,6271,5,1985,0.31653643756976557,0.30513977142085597,0.32815773655595043,0.9760803699569447,0.8386541221495774,6270,0.6834130781499203,0.0003189284005740711,0.7015548185979807,-0.08255228251866857,0.91500558124701,0.3884547918992186,0.9968107159942593,0.8998564822197417,0.9931430393876575,snv,vaf_bin,NS_380X,strict,native,truth,10-20%,
,28030,5,18654,0.6655012486621477,0.6599554799654677,0.6710016603047513,0.9988583660363896,0.8788298251872992,28029,0.3344750080274002,0.00010702818408847663,0.8098103638746326,0.11838340834207078,0.7171601855155191,0.9983589011773101,0.9976810560114163,0.6827684623617553,0.9981805208704959,snv,vaf_bin,NS_380X,strict,native,truth,>=20%,
,37058,5,19509,0.5264450321118247,0.5213589837057947,0.5315255984641915,0.9710993577635059,0.8479896378649684,37052,0.47346971823383355,0.002050839224998651,0.754467960889228,0.06922806807256465,0.7845809271952076,0.769550434454099,0.9655405040746937,0.7316099087916239,0.988666414809218,snv,lc,NS_380X,strict,native,truth,,False
,2388,5,1133,0.47445561139028475,0.4544848765470777,0.4945083982579537,0.9711055276381909,0.8320770519262982,2386,0.5251466890192791,0.0041876046901172526,0.7273329584417743,0.052636651953407596,0.7432998324958124,0.7977386934673367,0.9547738693467337,0.6934673366834171,0.9711055276381909,snv,lc,NS_380X,strict,native,truth,,True
,1242,5,0,0.0,0.0,0.0030834250967457988,0.44122383252818037,0.5095008051529791,1238,1.0,0.05152979066022544,0.2572261999822325,-0.11022372504862224,0.9847020933977456,0.0,0.21256038647342995,0.4355877616747182,0.9146537842190016,snv,vaf_bin+lc,NS_380X,strict,native,truth,<5%,False
,50,5,0,0.0,6.938893903907228e-18,0.07134759913335872,0.58,0.528,50,1.0,0.12,0.2820224429947932,-0.0833975346687211,0.98,0.0,0.26,0.56,0.84,snv,vaf_bin+lc,NS_380X,strict,native,truth,<5%,True
,3638,5,1,0.0002748763056624519,4.852406554693321e-05,0.0015554608653582452,0.9376030786146234,0.7429906542056075,3637,0.9997250481165796,0.002748763056624519,0.5275229684393129,-0.16021928496956292,0.9716877405167674,0.0002748763056624519,0.9241341396371633,0.8884002199010446,0.9304562946673997,snv,vaf_bin+lc,NS_380X,strict,native,truth,5-10%,False
,215,5,2,0.009302325581395349,0.0025547510706895402,0.03327693668605749,0.9255813953488372,0.7293023255813954,214,0.9906542056074766,0.004651162790697674,0.5149939184724601,-0.1332206851812888,0.9441860465116279,0.009302325581395349,0.958139534883721,0.8651162790697674,0.8697674418604651,snv,vaf_bin+lc,NS_380X,strict,native,truth,5-10%,True
,5910,5,1885,0.3189509306260575,0.30718937637839394,0.3309476932570935,0.9763113367174281,0.8400676818950931,5909,0.6809950922321882,0.00016920473773265651,0.7036268420989302,-0.08358357010246002,0.916751269035533,0.38747884940778343,0.999492385786802,0.9027072758037225,0.9939086294416244,snv,vaf_bin+lc,NS_380X,strict,native,truth,10-20%,False
,361,5,100,0.2770083102493075,0.23337547334129058,0.3253369588466164,0.9722991689750693,0.8155124653739613,361,0.7229916897506925,0.002770083102493075,0.6675062381710574,-0.071564091265179,0.8864265927977839,0.40443213296398894,0.9529085872576177,0.853185595567867,0.9806094182825484,snv,vaf_bin+lc,NS_380X,strict,native,truth,10-20%,True
,26268,5,17623,0.6708923404903304,0.6651853367704146,0.6765493685821735,0.9996193086645347,0.8803182579564488,26268,0.3291076595096696,3.806913354652048e-05,0.8123894335063433,0.12008642846988145,0.7194685548956906,0.9984391655245927,0.9992386173290696,0.6853966803715548,0.999048271661337,snv,vaf_bin+lc,NS_380X,strict,native,truth,>=20%,False
,1762,5,1031,0.5851305334846765,0.5619643629461499,0.607926313536411,0.9875141884222475,0.8566401816118047,1761,0.4145371947756956,0.0011350737797956867,0.7711132765102271,0.09283035075731864,0.6827468785471056,0.9971623155505108,0.9744608399545971,0.6435868331441543,0.985244040862656,snv,vaf_bin+lc,NS_380X,strict,native,truth,>=20%,True
all,1625,3,1141,0.7021538461538461,0.6794633882871719,0.7238907849763685,0.9255384615384615,0.874051282051282,1616,0.2939356435643564,0.06892307692307692,0.80136799801335,0.11490818552021369,0.8276923076923077,,0.9181538461538462,,0.8763076923076923,indel,all,NS_380X,strict,native,truth,,
,102,3,40,0.39215686274509803,0.302975181892627,0.48916676092327677,0.5392156862745098,0.6339869281045751,99,0.5959595959595959,0.43137254901960786,0.5676767676767677,0.16909057437407946,0.9509803921568627,,0.5294117647058824,,0.4215686274509804,indel,vaf_bin,NS_380X,strict,native,truth,<5%,
,287,3,214,0.7456445993031359,0.6922447911139196,0.7925554178099654,0.9512195121951219,0.8989547038327527,287,0.25435540069686413,0.04878048780487805,0.8275633337404099,0.06660429475184827,0.8954703832752613,,0.9581881533101045,,0.8432055749128919,indel,vaf_bin,NS_380X,strict,native,truth,5-10%,
,422,3,330,0.7819905213270142,0.7401483724445553,0.8187450726866593,0.9502369668246445,0.9091627172195893,420,0.21428571428571427,0.045023696682464455,0.8562399324972065,0.1391984285876167,0.8459715639810427,,0.9502369668246445,,0.9312796208530806,indel,vaf_bin,NS_380X,strict,native,truth,10-20%,
,814,3,557,0.6842751842751843,0.6515424576002814,0.7152768039624574,0.952088452088452,0.8771498771498772,810,0.31234567901234567,0.042997542997543,0.7897724429503304,0.03855275443510669,0.7788697788697788,,0.9361179361179361,,0.9164619164619164,indel,vaf_bin,NS_380X,strict,native,truth,>=20%,
,1242,3,932,0.750402576489533,0.7255864113711157,0.7736745464306751,0.9541062801932367,0.9006977992485239,1239,0.24778046811945117,0.043478260869565216,0.8334383182838029,0.07879232032986572,0.8252818035426731,,0.9476650563607085,,0.92914653784219,indel,lc,NS_380X,strict,native,truth,,False
,383,3,209,0.5456919060052219,0.4956190875322942,0.5948572541367173,0.8328981723237598,0.7876414273281114,377,0.44562334217506633,0.1514360313315927,0.6916003694175078,0.1258400507200437,0.835509138381201,,0.8224543080939948,,0.7049608355091384,indel,lc,NS_380X,strict,native,truth,,True
,89,3,36,0.4044943820224719,0.3085343968169969,0.5083577522730738,0.5393258426966292,0.6367041198501873,86,0.5813953488372093,0.42696629213483145,0.5786498708010336,0.19041843541540301,0.9550561797752809,,0.5280898876404494,,0.42696629213483145,indel,vaf_bin+lc,NS_380X,strict,native,truth,<5%,False
,13,3,4,0.3076923076923077,0.12680703655710515,0.5763065681945096,0.5384615384615384,0.6153846153846154,13,0.6923076923076923,0.46153846153846156,0.4945054945054945,0.02499999999999966,0.9230769230769231,,0.5384615384615384,,0.38461538461538464,indel,vaf_bin+lc,NS_380X,strict,native,truth,<5%,True
,255,3,196,0.7686274509803922,0.7131121095689552,0.8161694074808437,0.9647058823529412,0.9111111111111111,255,0.23137254901960785,0.03529411764705882,0.8437087864016998,0.04770444763271147,0.8862745098039215,,0.9764705882352941,,0.8705882352941177,indel,vaf_bin+lc,NS_380X,strict,native,truth,5-10%,False
,32,3,18,0.5625,0.3932559113685198,0.7183466888495963,0.84375,0.8020833333333334,32,0.4375,0.15625,0.6929012345679012,0.08133971291865998,0.96875,,0.8125,,0.625,indel,vaf_bin+lc,NS_380X,strict,native,truth,5-10%,True
,342,3,284,0.8304093567251462,0.7870184758022275,0.8664601463694784,0.9912280701754386,0.9405458089668616,342,0.1695906432748538,0.008771929824561403,0.8864756456337402,-0.010923299074150856,0.8421052631578947,,0.9912280701754386,,0.9883040935672515,indel,vaf_bin+lc,NS_380X,strict,native,truth,10-20%,False
,80,3,46,0.575,0.4656928984656886,0.6774343821039822,0.775,0.775,78,0.41025641025641024,0.2,0.7187758478081059,0.23536439665471887,0.8625,,0.775,,0.6875,indel,vaf_bin+lc,NS_380X,strict,native,truth,10-20%,True
,556,3,416,0.7482014388489209,0.7105036932855918,0.7824930215011158,0.9928057553956835,0.9136690647482014,556,0.2517985611510791,0.007194244604316547,0.8315434608834672,-0.06408573928259055,0.7661870503597122,,0.9748201438848921,,1.0,indel,vaf_bin+lc,NS_380X,strict,native,truth,>=20%,False
,258,3,141,0.5465116279069767,0.485526181919557,0.6061323358266143,0.8643410852713178,0.7984496124031008,254,0.4448818897637795,0.12015503875968993,0.6936164256750952,0.09279312920089615,0.8062015503875969,,0.8527131782945736,,0.7364341085271318,indel,vaf_bin+lc,NS_380X,strict,native,truth,>=20%,True
all,38171,5,30487,0.7986953446333604,0.7946428520864363,0.8026877229363222,0.9594718503576013,0.9284011422283933,38101,0.1998372746122149,0.010924523853186974,0.8999396519122881,0.2662337569010152,0.977941369102198,0.8252862120457939,0.9748500170286343,0.9002122029813209,0.9637159099840192,snv,all,IL_T_1,strict,native,truth_obsvaf,,
,773,5,0,0.0,0.0,0.004944971431527044,0.019404915912031046,0.3166882276843467,765,1.0,0.4152652005174644,0.0705417241001545,-0.18009462399120965,0.9780077619663649,0.0,0.031047865459249677,0.0,0.574385510996119,snv,vaf_bin,IL_T_1,strict,native,truth_obsvaf,<5%,
,3270,5,0,0.0,0.0,0.0011733796119980406,0.8146788990825689,0.6100305810397553,3214,1.0,0.021712538226299694,0.3611653565283183,-0.10783881882103004,0.9464831804281345,0.0,0.9697247706422019,0.3220183486238532,0.8119266055045872,snv,vaf_bin,IL_T_1,strict,native,truth_obsvaf,5-10%,
,6188,5,3479,0.5622171945701357,0.549821348179627,0.5745358410541321,0.9815772462831286,0.8894634776987719,6186,0.43760103459424504,0.003393665158371041,0.8027380493872587,0.019876984734121923,0.978021978021978,0.6016483516483516,0.9912734324499031,0.9091790562378798,0.9671945701357466,snv,vaf_bin,IL_T_1,strict,native,truth_obsvaf,10-20%,
,27940,5,27008,0.9666428060128848,0.9644722880389899,0.9686850245812798,0.9975304223335719,0.991209735146743,27936,0.033218785796105384,0.00014316392269148176,0.985209986849456,0.1525671272481067,0.9816034359341446,0.9942376521116678,0.9979241231209736,0.9908017179670723,0.9914817465998569,snv,vaf_bin,IL_T_1,strict,native,truth_obsvaf,>=20%,
,35861,5,28793,0.8029056635342015,0.7987560717766282,0.8069903672518062,0.9604863221884499,0.9299350269094561,35801,0.19574872210273456,0.010819553275145702,0.902012906181836,0.26652692344677636,0.9807590418560553,0.8256323025013246,0.9757396614706785,0.9013691754273445,0.966174953291877,snv,lc,IL_T_1,strict,native,truth_obsvaf,,False
,2310,5,1694,0.7333333333333333,0.7149233815607,0.7509685212274145,0.9437229437229437,0.9045887445887446,2300,0.2634782608695652,0.012554112554112554,0.8674962266596982,0.25766669538608644,0.9341991341991343,0.8199134199134199,0.961038961038961,0.8822510822510823,0.9255411255411256,snv,lc,IL_T_1,strict,native,truth_obsvaf,,True
,742,5,0,0.0,0.0,0.005150503200463199,0.02021563342318059,0.31805929919137466,735,1.0,0.4110512129380054,0.07127431514137626,-0.18057881690895683,0.9784366576819407,0.0,0.03234501347708895,0.0,0.5795148247978437,snv,vaf_bin+lc,IL_T_1,strict,native,truth_obsvaf,<5%,False
,31,5,0,0.0,0.0,0.11025539546043596,0.0,0.2838709677419355,30,1.0,0.5161290322580645,0.06666666666666667,-0.17424242424242445,0.967741935483871,0.0,0.0,0.0,0.45161290322580644,snv,vaf_bin+lc,IL_T_1,strict,native,truth_obsvaf,<5%,True
,3092,5,0,0.0,0.0,0.0012408448145007597,0.8192108667529108,0.6117723156532988,3043,1.0,0.021345407503234153,0.3619542882997565,-0.11088190875121698,0.9492238033635187,0.0,0.9718628719275549,0.3208279430789133,0.8169469598965071,snv,vaf_bin+lc,IL_T_1,strict,native,truth_obsvaf,5-10%,False
,178,5,0,0.0,1.734723475976807e-18,0.021125318976251826,0.7359550561797753,0.5797752808988764,171,1.0,0.028089887640449437,0.3470128038532495,-0.06070969614061256,0.898876404494382,0.0,0.9325842696629213,0.34269662921348315,0.7247191011235955,snv,vaf_bin+lc,IL_T_1,strict,native,truth_obsvaf,5-10%,True
,5829,5,3316,0.5688797392348601,0.5561251168941115,0.5815436343773062,0.9831875107222509,0.8922628238119745,5827,0.4309250042903724,0.0027448962086121117,0.8066247990065424,0.01613491158608561,0.9800995024875622,0.603534053868588,0.9943386515697376,0.9126779893635272,0.970663921770458,snv,vaf_bin+lc,IL_T_1,strict,native,truth_obsvaf,10-20%,False
,359,5,163,0.45403899721448465,0.40329414696794064,0.5057570399960396,0.9554317548746518,0.8440111420612814,359,0.5459610027855153,0.013927576601671309,0.7387879753981684,0.047913719943422466,0.9442896935933147,0.5710306406685237,0.9415041782729805,0.8523676880222841,0.9108635097493036,snv,vaf_bin+lc,IL_T_1,strict,native,truth_obsvaf,10-20%,True
,26198,5,25477,0.9724788151767311,0.9704274648244692,0.974391625043966,0.998740361859684,0.9931979540422933,26196,0.027446938463887616,3.817085273685014e-05,0.9880263053220156,0.11462861714848696,0.9846934880525231,0.9958775479044202,0.9987785327124208,0.9929002213909459,0.9937399801511566,snv,vaf_bin+lc,IL_T_1,strict,native,truth_obsvaf,>=20%,False
,1742,5,1531,0.8788748564867968,0.8627137576366061,0.8933686422461714,0.9793340987370838,0.961308840413318,1740,0.12011494252873563,0.001722158438576349,0.9424518714294596,0.23447594199385488,0.9351320321469575,0.9695752009184845,0.9850746268656716,0.9592422502870264,0.9575200918484501,snv,vaf_bin+lc,IL_T_1,strict,native,truth_obsvaf,>=20%,True
all,1562,3,1283,0.821382842509603,0.801606219167993,0.8395825770184085,0.9571062740076824,0.9255228339735382,1559,0.177036561898653,0.040973111395646605,0.8802593218016757,0.14553059467644677,0.9539052496798975,,0.9532650448143406,,0.8693982074263764,indel,all,IL_T_1,strict,native,truth_obsvaf,,
,102,3,13,0.12745098039215685,0.07601833536259127,0.20592655800144005,0.7058823529411765,0.6045751633986928,100,0.87,0.27450980392156865,0.3416548463356974,-0.1892785347330798,0.9215686274509803,,0.7647058823529411,,0.12745098039215685,indel,vaf_bin,IL_T_1,strict,native,truth_obsvaf,<5%,
,219,3,155,0.7077625570776256,0.6443616959208551,0.7640003767454422,0.9497716894977168,0.8858447488584474,219,0.2922374429223744,0.0502283105022831,0.8006396500908634,0.036701030927835734,0.9634703196347032,,0.9817351598173516,,0.7123287671232876,indel,vaf_bin,IL_T_1,strict,native,truth_obsvaf,5-10%,
,421,3,365,0.8669833729216152,0.8312031715821528,0.8961269737801776,0.9524940617577197,0.9398258115597783,421,0.1330166270783848,0.047505938242280284,0.9100670287056208,0.21598013568039728,0.9714964370546318,,0.9406175771971497,,0.9073634204275535,indel,vaf_bin,IL_T_1,strict,native,truth_obsvaf,10-20%,
,820,3,750,0.9146341463414634,0.893522461002974,0.9318790682832566,0.9926829268292683,0.96869918699187,819,0.08424908424908426,0.006097560975609756,0.9437814437814437,0.07494100528091203,0.9463414634146341,,0.975609756097561,,0.9841463414634146,indel,vaf_bin,IL_T_1,strict,native,truth_obsvaf,>=20%,
,1190,3,1011,0.8495798319327731,0.8281455812106913,0.8687643760141734,0.973109243697479,0.9406162464985995,1189,0.14970563498738435,0.026050420168067228,0.8991904821274045,0.10736961578657576,0.9638655462184874,,0.973109243697479,,0.8848739495798319,indel,lc,IL_T_1,strict,native,truth_obsvaf,,False
,372,3,272,0.7311827956989247,0.6839360556094605,0.7737037176600912,0.9059139784946236,0.8772401433691757,370,0.2648648648648649,0.08870967741935484,0.8186896023630718,0.18456938780074933,0.9220430107526881,,0.8897849462365591,,0.8198924731182796,indel,lc,IL_T_1,strict,native,truth_obsvaf,,True
,93,3,11,0.11827956989247312,0.06734437805470361,0.19949855404672862,0.7419354838709677,0.6164874551971326,92,0.8804347826086957,0.24731182795698925,0.34189497716894973,-0.22793957835253204,0.946236559139785,,0.7849462365591398,,0.11827956989247312,indel,vaf_bin+lc,IL_T_1,strict,native,truth_obsvaf,<5%,False
,9,3,2,0.2222222222222222,0.06322510711784671,0.5474110308930111,0.3333333333333333,0.48148148148148145,8,0.75,0.5555555555555556,0.36944444444444446,0.10989010989010975,0.6666666666666666,,0.5555555555555556,,0.2222222222222222,indel,vaf_bin+lc,IL_T_1,strict,native,truth_obsvaf,<5%,True
,194,3,143,0.7371134020618557,0.6709972836349779,0.7940215276313737,0.9587628865979382,0.8986254295532646,194,0.26288659793814434,0.041237113402061855,0.8214155150983403,0.03807887999481441,0.9639175257731959,,0.9896907216494846,,0.7422680412371134,indel,vaf_bin+lc,IL_T_1,strict,native,truth_obsvaf,5-10%,False
,25,3,12,0.48,0.30031285954112974,0.6650148304964322,0.88,0.7866666666666666,25,0.52,0.12,0.6339130434782608,-0.03283898305084759,0.96,,0.92,,0.48,indel,vaf_bin+lc,IL_T_1,strict,native,truth_obsvaf,5-10%,True
,336,3,320,0.9523809523809523,0.9240555952604826,0.970479171200708,1.0,0.9841269841269842,336,0.047619047619047616,0.0,0.9682539682539683,-0.016129032258063943,0.9761904761904762,,0.9910714285714286,,0.9851190476190477,indel,vaf_bin+lc,IL_T_1,strict,native,truth_obsvaf,10-20%,False
,85,3,45,0.5294117647058824,0.4243417305015005,0.6319382998623788,0.7647058823529411,0.7647058823529411,85,0.47058823529411764,0.23529411764705882,0.6601147776183643,0.12820512820512808,0.9529411764705882,,0.7411764705882353,,0.6,indel,vaf_bin+lc,IL_T_1,strict,native,truth_obsvaf,10-20%,True
,567,3,537,0.9470899470899471,0.9254729484072415,0.9626895915866394,1.0,0.982363315696649,567,0.05291005291005291,0.0,0.964726631393298,-0.017953321364452574,0.9594356261022927,,0.9876543209876543,,1.0,indel,vaf_bin+lc,IL_T_1,strict,native,truth_obsvaf,>=20%,False
,253,3,213,0.841897233201581,0.7918730796248145,0.8816941894381393,0.9762845849802372,0.938076416337286,252,0.15476190476190477,0.019762845849802372,0.8964505280294754,0.11543748505857152,0.9169960474308301,,0.9486166007905138,,0.9486166007905138,indel,vaf_bin+lc,IL_T_1,strict,native,truth_obsvaf,>=20%,True
all,38768,5,30511,0.7870150639702848,0.7829112628170296,0.7910619910361776,0.9622884853487412,0.9295656211308296,38742,0.21245676526766816,0.010034048699958728,0.8968481383681823,0.23018490985888546,0.9774040445728436,0.81598225340487,0.970233182005778,0.9105447791993396,0.9736638464713165,snv,all,NV_T_1,strict,native,truth_obsvaf,,
,1043,5,0,0.0,0.0,0.0036695707724660348,0.014381591562799617,0.3346116970278044,1038,1.0,0.3317353787152445,0.07033475252653662,-0.19197047141689316,0.9827420901246404,0.0,0.02205177372962608,0.0019175455417066154,0.6663470757430489,snv,vaf_bin,NV_T_1,strict,native,truth_obsvaf,<5%,
,3574,5,0,0.0,0.0,0.001073680559887168,0.8933967543368775,0.663682148852826,3555,1.0,0.010352546166759933,0.41968143920057477,-0.13244073256208722,0.9681029658645776,0.0,0.985170677112479,0.4826524902070509,0.8824846110800224,snv,vaf_bin,NV_T_1,strict,native,truth_obsvaf,5-10%,
,6060,5,3358,0.5541254125412541,0.5415802918139094,0.5666019560985516,0.9935643564356436,0.8977227722772276,6059,0.4457831325301205,0.0006600660066006601,0.8076395223155733,-0.03323353844295524,0.9750825082508251,0.5854785478547855,0.995049504950495,0.9493399339933993,0.9836633663366336,snv,vaf_bin,NV_T_1,strict,native,truth_obsvaf,10-20%,
,28091,5,27153,0.9666085223025168,0.9644429862903674,0.9686464578491902,0.9995016197358585,0.992353422804457,28090,0.033357066571733714,7.119718059164857e-05,0.9858279029168397,0.06688722752182152,0.9788900359545762,0.9998220070485209,0.998184471894913,0.9903527820298316,0.9945178170944431,snv,vaf_bin,NV_T_1,strict,native,truth_obsvaf,>=20%,
,36416,5,28817,0.7913279876977153,0.7871237517291017,0.7954707668107672,0.9628185413005272,0.9309369507908611,36395,0.20821541420524797,0.009940685413005272,0.8989162175605511,0.23158285647901392,0.9799264059753954,0.8151087434094904,0.9709742970123023,0.9125933655536028,0.976081942003515,snv,lc,NV_T_1,strict,native,truth_obsvaf,,False
,2352,5,1694,0.7202380952380952,0.7017491894934801,0.7380087560681915,0.9540816326530612,0.9083333333333334,2347,0.2782275244993609,0.011479591836734694,0.864619773834422,0.20903473983421608,0.9383503401360545,0.8295068027210885,0.9587585034013606,0.8788265306122449,0.9362244897959183,snv,lc,NV_T_1,strict,native,truth_obsvaf,,True
,998,5,0,0.0,0.0,0.0038343979347950454,0.01503006012024048,0.3350701402805611,994,1.0,0.3316633266533066,0.07052879188117436,-0.19225080105326603,0.9839679358717435,0.0,0.022044088176352707,0.002004008016032064,0.6673346693386774,snv,vaf_bin+lc,NV_T_1,strict,native,truth_obsvaf,<5%,False
,45,5,0,0.0,0.0,0.07865159873288836,0.0,0.3244444444444444,44,1.0,0.3333333333333333,0.07329105003523609,-0.18623828406633058,0.9555555555555556,0.0,0.022222222222222223,0.0,0.6444444444444445,snv,vaf_bin+lc,NV_T_1,strict,native,truth_obsvaf,<5%,True
,3364,5,0,0.0,1.0842021724855044e-19,0.0011406293519645892,0.9007134363852557,0.6667063020214031,3348,1.0,0.007431629013079667,0.4216560897017441,-0.13790951514979155,0.9699762187871581,0.0,0.9875148632580262,0.48513674197384066,0.8909036860879905,snv,vaf_bin+lc,NV_T_1,strict,native,truth_obsvaf,5-10%,False
,210,5,0,0.0,0.0,0.017964050759283236,0.7761904761904762,0.6152380952380953,207,1.0,0.05714285714285714,0.38689560484504487,-0.06213407718480827,0.9380952380952381,0.0,0.9476190476190476,0.44285714285714284,0.7476190476190476,snv,vaf_bin+lc,NV_T_1,strict,native,truth_obsvaf,5-10%,True
,5724,5,3210,0.560796645702306,0.5479032917338745,0.5736084513902621,0.9944095038434662,0.9002795248078266,5723,0.4391053643194129,0.0006988120195667365,0.8116019299132912,-0.035845845861636264,0.9786862334032146,0.5861285814116003,0.9980782669461915,0.9516072676450035,0.9868972746331237,snv,vaf_bin+lc,NV_T_1,strict,native,truth_obsvaf,10-20%,False
,336,5,148,0.44047619047619047,0.38836339959775973,0.49393465744682036,0.9791666666666666,0.8541666666666666,336,0.5595238095238095,0.0,0.7395388567413386,-0.017819810851169786,0.9136904761904762,0.5744047619047619,0.9434523809523809,0.9107142857142857,0.9285714285714286,snv,vaf_bin+lc,NV_T_1,strict,native,truth_obsvaf,10-20%,True
,26330,5,25607,0.9725408279529054,0.9704969585340015,0.9744468332372116,0.9998101025446259,0.9939460691226737,26330,0.02745917204709457,7.59589821496392e-05,0.9885172465377959,0.04629660908199385,0.9813140903911888,0.9999240410178504,0.998936574249905,0.9932396505886821,0.9963159893657425,snv,vaf_bin+lc,NV_T_1,strict,native,truth_obsvaf,>=20%,False
,1761,5,1546,0.8779102782509938,0.8617913137583249,0.8923840787947284,0.9948892674616695,0.9685406019307212,1760,0.1215909090909091,0.0,0.9454174108177421,0.10915878719325967,0.9426462237365133,0.9982964224872232,0.986939239068711,0.9471890971039182,0.9676320272572402,snv,vaf_bin+lc,NV_T_1,strict,native,truth_obsvaf,>=20%,True
all,1574,3,1329,0.8443456162642948,0.8255998157823909,0.8614147089913469,0.951715374841169,0.9318085556967387,1573,0.1551176096630642,0.04764930114358323,0.8952745219451147,0.18678147939017384,0.9453621346886912,,0.9421855146124524,,0.9078780177890724,indel,all,NV_T_1,strict,native,truth_obsvaf,,
,64,3,19,0.296875,0.19905151325539794,0.41770201103542925,0.515625,0.6041666666666666,64,0.703125,0.484375,0.46275252525252525,0.019963702359346743,1.0,,0.5,,0.3125,indel,vaf_bin,NV_T_1,strict,native,truth_obsvaf,<5%,
,228,3,173,0.7587719298245614,0.699246699995786,0.8097218020151553,0.9210526315789473,0.8932748538011696,228,0.2412280701754386,0.07894736842105263,0.8343189680908979,0.15655897585364215,0.9473684210526315,,0.9385964912280702,,0.793859649122807,indel,vaf_bin,NV_T_1,strict,native,truth_obsvaf,5-10%,
,427,3,378,0.8852459016393442,0.851519829446209,0.9121021323318983,0.9718969555035128,0.9523809523809524,427,0.11475409836065574,0.02810304449648712,0.9228936872543568,0.15655737704917963,0.9601873536299765,,0.9648711943793911,,0.9320843091334895,indel,vaf_bin,NV_T_1,strict,native,truth_obsvaf,10-20%,
,855,3,759,0.887719298245614,0.8647994370752178,0.9071707480977117,0.9824561403508771,0.9563352826510721,854,0.11124121779859485,0.016374269005847954,0.9255234550239139,0.11305762623027232,0.9333333333333333,,0.9649122807017544,,0.9707602339181286,indel,vaf_bin,NV_T_1,strict,native,truth_obsvaf,>=20%,
,1211,3,1086,0.8967795210569777,0.878370334197236,0.9126793892233735,0.9744013212221305,0.9570602807597027,1211,0.10322047894302229,0.02559867877786953,0.9307353400655355,0.16276741665007158,0.9653179190751445,,0.9644921552436003,,0.9413707679603633,indel,lc,NV_T_1,strict,native,truth_obsvaf,,False
,363,3,243,0.6694214876033058,0.6194757887377291,0.7158189197595466,0.8760330578512396,0.8475665748393021,362,0.3287292817679558,0.12121212121212122,0.7733585683380629,0.15420511950293023,0.8787878787878788,,0.8677685950413223,,0.7961432506887053,indel,lc,NV_T_1,strict,native,truth_obsvaf,,True
,58,3,18,0.3103448275862069,0.2062209562281909,0.4380306442428171,0.5344827586206896,0.6149425287356322,58,0.6896551724137931,0.46551724137931033,0.4751575824990731,0.029153298925931277,1.0,,0.5344827586206896,,0.3103448275862069,indel,vaf_bin+lc,NV_T_1,strict,native,truth_obsvaf,<5%,False
,6,3,1,0.16666666666666666,0.030053369748306635,0.5635028221864702,0.3333333333333333,0.5,6,0.8333333333333334,0.6666666666666666,0.3333333333333333,-0.11111111111111105,1.0,,0.16666666666666666,,0.3333333333333333,indel,vaf_bin+lc,NV_T_1,strict,native,truth_obsvaf,<5%,True
,193,3,164,0.8497409326424871,0.792533531803941,0.8932975975160948,0.9844559585492227,0.9447322970639033,193,0.15025906735751296,0.015544041450777202,0.8991411894492218,0.04073354661791582,0.9689119170984456,,0.9896373056994818,,0.8756476683937824,indel,vaf_bin+lc,NV_T_1,strict,native,truth_obsvaf,5-10%,False
,35,3,9,0.2571428571428571,0.14163027069060447,0.42069306843839166,0.5714285714285714,0.6095238095238095,35,0.7428571428571429,0.42857142857142855,0.42220942140296974,-0.04039634146341494,0.8285714285714286,,0.6571428571428571,,0.34285714285714286,indel,vaf_bin+lc,NV_T_1,strict,native,truth_obsvaf,5-10%,True
,349,3,330,0.9455587392550143,0.9165422426257767,0.9648734533626105,0.997134670487106,0.9808978032473735,349,0.054441260744985676,0.0028653295128939827,0.9636619130740266,0.031499513145085326,0.9627507163323782,,0.994269340974212,,0.9856733524355301,indel,vaf_bin+lc,NV_T_1,strict,native,truth_obsvaf,10-20%,False
,78,3,48,0.6153846153846154,0.5044278560846394,0.7155095724433158,0.8589743589743589,0.8247863247863249,78,0.38461538461538464,0.14102564102564102,0.7314629814629815,0.11285226841905732,0.9487179487179487,,0.8333333333333334,,0.6923076923076923,indel,vaf_bin+lc,NV_T_1,strict,native,truth_obsvaf,10-20%,True
,611,3,574,0.939443535188216,0.9176459979781523,0.9557498869219988,1.0,0.9798145117294054,611,0.060556464811783964,0.0,0.9596290234588108,-0.020601336302898135,0.9623567921440261,,0.9803600654664485,,0.9967266775777414,indel,vaf_bin+lc,NV_T_1,strict,native,truth_obsvaf,>=20%,False
,244,3,185,0.7581967213114754,0.7007378820379315,0.8076516368082969,0.9385245901639344,0.8975409836065573,243,0.23868312757201646,0.05737704918032787,0.8384188610510406,0.13838660578386544,0.860655737704918,,0.9262295081967213,,0.9057377049180327,indel,vaf_bin+lc,NV_T_1,strict,native,truth_obsvaf,>=20%,True
all,36941,5,29614,0.8016566958122412,0.7975591454719255,0.8056915147005224,0.95565902384884,0.9223031320213313,36487,0.18836845999945187,0.010313743536991419,0.9046871994349542,0.357508474565025,0.9717387184970628,0.8254243252754392,0.9740396849029533,0.8845726970033296,0.9557402344278715,snv,all,FD_T_1,strict,native,truth_obsvaf,,
,252,5,0,0.0,8.673617379884035e-19,0.015014997328429099,0.03571428571428571,0.2928571428571428,251,1.0,0.5634920634920635,0.06140852796858973,-0.17078645533930098,0.9722222222222222,0.0,0.07142857142857142,0.0,0.42063492063492064,snv,vaf_bin,FD_T_1,strict,native,truth_obsvaf,<5%,
,2700,5,0,0.0,1.0842021724855044e-19,0.001420741148916924,0.6377777777777778,0.47881481481481486,2274,1.0,0.04037037037037037,0.2953711609213444,0.048662483324796474,0.81,0.0,0.8181481481481482,0.1237037037037037,0.6422222222222222,snv,vaf_bin,FD_T_1,strict,native,truth_obsvaf,5-10%,
,6108,5,2688,0.4400785854616896,0.4276713108706785,0.4525611845348482,0.9441715782580222,0.8330386378519974,6082,0.5580401183821111,0.01899148657498363,0.7293018839618186,0.07996489676566942,0.9788801571709234,0.4731499672560576,0.9746234446627374,0.8025540275049116,0.9359855926653569,snv,vaf_bin,FD_T_1,strict,native,truth_obsvaf,10-20%,
,27881,5,26926,0.9657472830960152,0.9635474254991139,0.9678188165630119,0.9972741293353897,0.9904953193931352,27880,0.034218077474892396,0.0005021340697966357,0.9843982795438855,0.17289333227661996,0.9858326458878807,0.9899931853233385,0.9971665291775761,0.9842186435206771,0.9952655930562031,snv,vaf_bin,FD_T_1,strict,native,truth_obsvaf,>=20%,
,34682,5,27953,0.805980047286777,0.8017844509377293,0.8101078690221973,0.9570093996885993,0.9240355227495531,34261,0.18411605031960537,0.01014935701516637,0.9069464296960209,0.35911970456768644,0.9742806066547489,0.8273455971397267,0.9748861080675855,0.8860792341848798,0.9575860677008247,snv,lc,FD_T_1,strict,native,truth_obsvaf,,False
,2259,5,1661,0.7352810978308987,0.7166995375148301,0.7530638194611353,0.9349269588313412,0.8957060646303674,2226,0.25381850853548965,0.012837538733953076,0.8696720795583573,0.33373880437589937,0.932713590084108,0.7959274015050908,0.9610447100486941,0.8614431164231962,0.9274015050907481,snv,lc,FD_T_1,strict,native,truth_obsvaf,,True
,243,5,0,0.0,0.0,0.015562453888609386,0.037037037037037035,0.29300411522633746,242,1.0,0.5637860082304527,0.061849033907857426,-0.170087703234752,0.9711934156378601,0.0,0.07407407407407407,0.0,0.41975308641975306,snv,vaf_bin+lc,FD_T_1,strict,native,truth_obsvaf,<5%,False
,9,5,0,0.0,0.0,0.2991450484195441,0.0,0.28888888888888886,9,1.0,0.5555555555555556,0.06349206349206349,-0.18990384615384617,1.0,0.0,0.0,0.0,0.4444444444444444,snv,vaf_bin+lc,FD_T_1,strict,native,truth_obsvaf,<5%,True
,2542,5,0,0.0,0.0,0.0015089151790597354,0.6447678992918962,0.4814319433516916,2146,1.0,0.03933910306845004,0.2968189240854274,0.04667898940273967,0.8139260424862313,0.0,0.8198269079464988,0.12273800157356413,0.6506687647521636,snv,vaf_bin+lc,FD_T_1,strict,native,truth_obsvaf,5-10%,False
,158,5,0,0.0,0.0,0.023735937927685878,0.5253164556962026,0.43670886075949367,128,1.0,0.056962025316455694,0.27086670181638545,0.07376648754274544,0.7468354430379747,0.0,0.7911392405063291,0.13924050632911392,0.5063291139240507,snv,vaf_bin+lc,FD_T_1,strict,native,truth_obsvaf,5-10%,True
,5746,5,2552,0.4441350504698921,0.43132944244801374,0.45701530503800214,0.9455273233553777,0.8349460494256874,5722,0.5540020971688221,0.01896971806474069,0.7320321778040447,0.08001743561222485,0.9805081796032022,0.4754611903933171,0.9763313609467456,0.8050817960320222,0.93734772015315,snv,vaf_bin+lc,FD_T_1,strict,native,truth_obsvaf,10-20%,False
,362,5,136,0.3756906077348066,0.32735188255779424,0.42663991407969193,0.9226519337016574,0.8027624309392266,360,0.6222222222222222,0.019337016574585635,0.6855280634121816,0.07357712527543711,0.9530386740331491,0.43646408839779005,0.9475138121546961,0.7624309392265194,0.914364640883978,snv,vaf_bin+lc,FD_T_1,strict,native,truth_obsvaf,10-20%,True
,26151,5,25401,0.9713204083973844,0.9692272609214418,0.9732751067113956,0.9984321823257237,0.9924974188367557,26151,0.02867959160261558,0.00022943673282092462,0.987151642934737,0.1382851693857341,0.9885281633589538,0.9927727429161409,0.9980115483155519,0.9863102749416849,0.9968643646514473,snv,vaf_bin+lc,FD_T_1,strict,native,truth_obsvaf,>=20%,False
,1730,5,1525,0.8815028901734104,0.8654213778542182,0.8958939046271591,0.9797687861271677,0.9602312138728324,1729,0.11798727588201273,0.004624277456647399,0.9423695166256936,0.25375289087742575,0.9450867052023122,0.9479768786127167,0.9843930635838151,0.9526011560693641,0.9710982658959537,snv,vaf_bin+lc,FD_T_1,strict,native,truth_obsvaf,>=20%,True
all,1511,3,1272,0.8418266048974189,0.8225636960736555,0.8593558500181129,0.9728656518861681,0.9380101478049857,1510,0.1576158940397351,0.026472534745201854,0.8938433179174926,0.09705125157765293,0.9629384513567174,,0.9629384513567174,,0.8881535407015222,indel,all,FD_T_1,strict,native,truth_obsvaf,,
,45,3,4,0.08888888888888889,0.035111116726370226,0.20733575334289356,0.8888888888888888,0.6592592592592593,45,0.9111111111111111,0.1111111111111111,0.3591196518025786,-0.35197850512945794,0.9777777777777777,,0.9111111111111111,,0.08888888888888889,indel,vaf_bin,FD_T_1,strict,native,truth_obsvaf,<5%,
,168,3,92,0.5476190476190477,0.47212934624121194,0.6209797329635627,0.9166666666666666,0.8214285714285715,168,0.4523809523809524,0.08333333333333333,0.6870733954518,-0.028019323671497256,0.9047619047619048,,0.9940476190476191,,0.5654761904761905,indel,vaf_bin,FD_T_1,strict,native,truth_obsvaf,5-10%,
,378,3,325,0.8597883597883598,0.8211559051061825,0.8911816206304513,0.9576719576719577,0.9382716049382717,377,0.13793103448275862,0.03968253968253968,0.9067648520062312,0.20827067669173002,0.9788359788359788,,0.9470899470899471,,0.8888888888888888,indel,vaf_bin,FD_T_1,strict,native,truth_obsvaf,10-20%,
,920,3,851,0.925,0.9061566759938561,0.9403089080450352,0.9934782608695653,0.9728260869565218,920,0.075,0.006521739130434782,0.9499161252900131,0.05430167597765326,0.966304347826087,,0.966304347826087,,0.9858695652173913,indel,vaf_bin,FD_T_1,strict,native,truth_obsvaf,>=20%,
,1147,3,980,0.8544027898866609,0.8328081263590177,0.8736314911649359,0.986050566695728,0.9468177855274629,1147,0.14559721011333915,0.013949433304272014,0.9023738116272675,0.036173253227868,0.967741935483871,,0.979947689625109,,0.8927637314734089,indel,lc,FD_T_1,strict,native,truth_obsvaf,,False
,364,3,292,0.8021978021978022,0.758212261226496,0.8398714912284985,0.9313186813186813,0.9102564102564102,363,0.19559228650137742,0.06593406593406594,0.8668537435335854,0.20408163265306126,0.9478021978021978,,0.9093406593406593,,0.8736263736263736,indel,lc,FD_T_1,strict,native,truth_obsvaf,,True
,42,3,4,0.09523809523809523,0.03766224880557388,0.22065105808571023,0.8809523809523809,0.6587301587301587,42,0.9047619047619048,0.11904761904761904,0.36125883815229126,-0.341552255533763,0.9761904761904762,,0.9047619047619048,,0.09523809523809523,indel,vaf_bin+lc,FD_T_1,strict,native,truth_obsvaf,<5%,False
,3,3,0,0.0,5.551115123125783e-17,0.5614970317550454,1.0,0.6666666666666666,3,1.0,0.0,0.3333333333333333,-0.5000000000000001,1.0,,1.0,,0.0,indel,vaf_bin+lc,FD_T_1,strict,native,truth_obsvaf,<5%,True
,152,3,84,0.5526315789473685,0.47325830984670736,0.6294101335898308,0.9407894736842105,0.831140350877193,152,0.4473684210526316,0.05921052631578947,0.6936112133480554,-0.06253640818284624,0.9210526315789473,,1.0,,0.5723684210526315,indel,vaf_bin+lc,FD_T_1,strict,native,truth_obsvaf,5-10%,False
,16,3,8,0.5,0.27999563610326017,0.7200043638967398,0.6875,0.7291666666666666,16,0.5,0.3125,0.6291666666666665,0.1560439560439562,0.75,,0.9375,,0.5,indel,vaf_bin+lc,FD_T_1,strict,native,truth_obsvaf,5-10%,True
,297,3,270,0.9090909090909091,0.8709646210882697,0.9367697947484502,0.9932659932659933,0.967452300785634,297,0.09090909090909091,0.006734006734006734,0.9392308975642308,0.03764301144091571,0.9797979797979798,,0.9831649831649831,,0.9393939393939394,indel,vaf_bin+lc,FD_T_1,strict,native,truth_obsvaf,10-20%,False
,81,3,55,0.6790123456790124,0.5712362384861901,0.7705777803096118,0.8271604938271605,0.831275720164609,80,0.3125,0.16049382716049382,0.7809475055845123,0.26648152620140036,0.9753086419753086,,0.8148148148148148,,0.7037037037037037,indel,vaf_bin+lc,FD_T_1,strict,native,truth_obsvaf,10-20%,True
,656,3,622,0.948170731707317,0.9284470225239437,0.9626761285598132,1.0,0.9827235772357724,656,0.051829268292682924,0.0,0.9654471544715447,-0.017580144777660886,0.9725609756097561,,0.9786585365853658,,0.9969512195121951,indel,vaf_bin+lc,FD_T_1,strict,native,truth_obsvaf,>=20%,False
,264,3,229,0.8674242424242424,0.8212018290183682,0.9031072486508691,0.9772727272727273,0.9482323232323232,264,0.13257575757575757,0.022727272727272728,0.9110717922504995,0.09973693611769668,0.9507575757575758,,0.9356060606060606,,0.9583333333333334,indel,vaf_bin+lc,FD_T_1,strict,native,truth_obsvaf,>=20%,True
all,37625,5,27235,0.7238538205980066,0.7193135716015251,0.7283483639495443,0.9529036544850499,0.9071681063122924,37495,0.27363648486464864,0.01254485049833887,0.8659953430697497,0.22715602586684988,0.9140996677740864,0.8035614617940199,0.9794551495016611,0.8774750830564784,0.961249169435216,snv,all,NS_T_1,strict,native,truth_obsvaf,,
,497,5,0,0.0,4.336808689942018e-19,0.007670009646843959,0.008048289738430584,0.2704225352112676,493,1.0,0.6398390342052314,0.04296838071169479,-0.18402682018753472,0.9778672032193159,0.0,0.03219315895372234,0.0,0.3420523138832998,snv,vaf_bin,NS_T_1,strict,native,truth_obsvaf,<5%,
,3188,5,0,0.0,0.0,0.0012035243198180179,0.7095357590966123,0.5628607277289837,3080,1.0,0.03168130489335006,0.31773282727578134,-0.0820972301631864,0.9215809284818067,0.0,0.9563989962358845,0.2186323713927227,0.7176913425345044,snv,vaf_bin,NS_T_1,strict,native,truth_obsvaf,5-10%,
,6088,5,2407,0.39536793692509853,0.3831559523618003,0.4077118815088088,0.9681340341655716,0.8432982917214191,6070,0.6034596375617792,0.005091984231274638,0.7240861672737265,-0.007449820696323715,0.9518725361366623,0.4336399474375821,0.9898160315374507,0.8656373193166885,0.9755256241787122,snv,vaf_bin,NS_T_1,strict,native,truth_obsvaf,10-20%,
,27852,5,24828,0.8914261094355881,0.8877183470491972,0.895025912614718,0.9942912537699268,0.9719014792474509,27852,0.10857389056441188,0.0007898894154818325,0.9513623593272472,0.1146580855650756,0.9038489156972569,0.9907367514002585,0.9967327301450524,0.9711331322705731,0.9970558667241132,snv,vaf_bin,NS_T_1,strict,native,truth_obsvaf,>=20%,
,35318,5,25673,0.7269097910413953,0.7222386140056719,0.7315316125179351,0.9538762104309417,0.9083300300130246,35196,0.27057051937720195,0.012599807463616287,0.8677072815175618,0.22796762237916515,0.9160767880400928,0.804490628008381,0.9803499631915737,0.8785321932159239,0.9622005776091511,snv,lc,NS_T_1,strict,native,truth_obsvaf,,False
,2307,5,1562,0.6770697876029476,0.6577082811653441,0.6958425852869761,0.9380147377546597,0.8893801473775467,2299,0.32057416267942584,0.011703511053315995,0.8396558776213908,0.21399239325299196,0.8838318162115302,0.7893368010403121,0.9657563935847421,0.8612917208495882,0.9466840052015605,snv,lc,NS_T_1,strict,native,truth_obsvaf,,True
,472,5,0,0.0,0.0,0.008072980505344444,0.00847457627118644,0.27033898305084747,468,1.0,0.6398305084745762,0.04313246402716065,-0.183613134832647,0.9788135593220338,0.0,0.03389830508474576,0.0,0.3389830508474576,snv,vaf_bin+lc,NS_T_1,strict,native,truth_obsvaf,<5%,False
,25,5,0,0.0,1.3877787807814457e-17,0.13319225093904846,0.0,0.272,25,1.0,0.64,0.05142857142857143,-0.1918228829993537,0.96,0.0,0.0,0.0,0.4,snv,vaf_bin+lc,NS_T_1,strict,native,truth_obsvaf,<5%,True
,3006,5,0,0.0,1.0842021724855044e-19,0.0012762993909317976,0.7125748502994012,0.5639387890884897,2904,1.0,0.031936127744510975,0.3192043620025133,-0.08142335291821115,0.9221556886227545,0.0,0.9577511643379907,0.21989354624085164,0.7198935462408517,snv,vaf_bin+lc,NS_T_1,strict,native,truth_obsvaf,5-10%,False
,182,5,0,0.0,0.0,0.020670623471593007,0.6593406593406593,0.5450549450549451,176,1.0,0.027472527472527472,0.2932481059976523,-0.09460222845566452,0.9120879120879121,0.0,0.9340659340659341,0.1978021978021978,0.6813186813186813,snv,vaf_bin+lc,NS_T_1,strict,native,truth_obsvaf,5-10%,True
,5744,5,2289,0.3985027855153203,0.385913512881363,0.41122772555508613,0.9691852367688022,0.8448119777158775,5728,0.6003840782122905,0.004874651810584958,0.7260923644823583,-0.009075709881074681,0.9528203342618384,0.43662952646239556,0.9923398328690808,0.8645543175487466,0.9777158774373259,snv,vaf_bin+lc,NS_T_1,strict,native,truth_obsvaf,10-20%,False
,344,5,118,0.3430232558139535,0.29483896598924075,0.3946747556753408,0.9505813953488372,0.8180232558139535,342,0.6549707602339181,0.00872093023255814,0.6901445613190532,0.01187808106886841,0.936046511627907,0.38372093023255816,0.9476744186046512,0.8837209302325582,0.938953488372093,snv,vaf_bin+lc,NS_T_1,strict,native,truth_obsvaf,10-20%,True
,26096,5,23384,0.8960760269773145,0.8923150758694952,0.8997203865916646,0.9954015941140405,0.9735208461066831,26096,0.10392397302268547,0.0007280809319435929,0.9537050052190319,0.10673791381358792,0.9061541998773759,0.9926808706315144,0.9974325567136726,0.9733675659104843,0.9979690374003679,snv,vaf_bin+lc,NS_T_1,strict,native,truth_obsvaf,>=20%,False
,1756,5,1444,0.8223234624145785,0.8037474144743281,0.8394923468838208,0.9777904328018223,0.9478359908883827,1756,0.1776765375854214,0.0017084282460136675,0.9162828132313248,0.16495604327562438,0.8695899772209568,0.9618451025056948,0.9863325740318907,0.9379271070615034,0.9834851936218679,snv,vaf_bin+lc,NS_T_1,strict,native,truth_obsvaf,>=20%,True
all,1543,3,1237,0.8016850291639663,0.781051380283858,0.8208202560697414,0.9656513285806869,0.9224454525815511,1543,0.1983149708360337,0.034348671419313026,0.8662365253435095,0.07596954851167367,0.9189889825016202,,0.9611147116007777,,0.8872326636422554,indel,all,NS_T_1,strict,native,truth_obsvaf,,
,64,3,5,0.078125,0.03383117690855046,0.17019537354162906,0.8125,0.6302083333333334,64,0.921875,0.1875,0.3288175726265349,-0.318589221278082,0.984375,,0.8125,,0.09375,indel,vaf_bin,NS_T_1,strict,native,truth_obsvaf,<5%,
,206,3,120,0.5825242718446602,0.514273518015913,0.6477535675327648,0.9029126213592233,0.8284789644012944,206,0.4174757281553398,0.0970873786407767,0.7095954692556634,0.02071049528301839,0.9029126213592233,,0.970873786407767,,0.6116504854368932,indel,vaf_bin,NS_T_1,strict,native,truth_obsvaf,5-10%,
,419,3,363,0.8663484486873508,0.8304164917955275,0.8956239510130461,0.9761336515513126,0.9474940334128878,419,0.13365155131264916,0.02386634844868735,0.9103035336199374,0.10449584001221196,0.9212410501193318,,0.9713603818615751,,0.9498806682577565,indel,vaf_bin,NS_T_1,strict,native,truth_obsvaf,10-20%,
,854,3,749,0.8770491803278688,0.8533212981486376,0.8974001706940204,0.9871194379391101,0.9547228727556596,854,0.12295081967213115,0.01288056206088993,0.9178053158069045,0.05190035807934251,0.9168618266978923,,0.9648711943793911,,0.9824355971896955,indel,vaf_bin,NS_T_1,strict,native,truth_obsvaf,>=20%,
,1175,3,955,0.8127659574468085,0.7894547089572885,0.8340388019812304,0.9795744680851064,0.9307801418439716,1175,0.18723404255319148,0.020425531914893616,0.8742146622232049,0.03130792791082277,0.9174468085106383,,0.9787234042553191,,0.8961702127659574,indel,lc,NS_T_1,strict,native,truth_obsvaf,,False
,368,3,282,0.7663043478260869,0.7204527420984554,0.8066536236672652,0.9211956521739131,0.8958333333333334,368,0.23369565217391305,0.07880434782608696,0.8404263280191188,0.16521739130434698,0.9239130434782609,,0.904891304347826,,0.8586956521739131,indel,lc,NS_T_1,strict,native,truth_obsvaf,,True
,61,3,5,0.08196721311475409,0.03551956660687358,0.17794661802925352,0.819672131147541,0.633879781420765,61,0.9180327868852459,0.18032786885245902,0.3337726347369549,-0.3185795162120437,0.9836065573770492,,0.819672131147541,,0.09836065573770492,indel,vaf_bin+lc,NS_T_1,strict,native,truth_obsvaf,<5%,False
,3,3,0,0.0,5.551115123125783e-17,0.5614970317550454,0.6666666666666666,0.5555555555555556,3,1.0,0.3333333333333333,0.2222222222222222,-0.3500000000000001,1.0,,0.6666666666666666,,0.0,indel,vaf_bin+lc,NS_T_1,strict,native,truth_obsvaf,<5%,True
,172,3,108,0.627906976744186,0.5536148828120255,0.6966105207707944,0.9418604651162791,0.8565891472868218,172,0.37209302325581395,0.05813953488372093,0.7454780361757106,-0.009661244955362937,0.9127906976744186,,1.0,,0.6569767441860465,indel,vaf_bin+lc,NS_T_1,strict,native,truth_obsvaf,5-10%,False
,34,3,12,0.35294117647058826,0.21487920594879492,0.5208603688021826,0.7058823529411765,0.6862745098039215,34,0.6470588235294118,0.29411764705882354,0.5135854341736695,-0.0017857142857143704,0.8529411764705882,,0.8235294117647058,,0.38235294117647056,indel,vaf_bin+lc,NS_T_1,strict,native,truth_obsvaf,5-10%,True
,347,3,314,0.9048991354466859,0.8694510657343363,0.9314805030276433,0.9942363112391931,0.9663784822286262,347,0.09510086455331412,0.005763688760806916,0.9364379289701931,0.024339676228343373,0.9221902017291066,,0.9942363112391931,,0.9827089337175793,indel,vaf_bin+lc,NS_T_1,strict,native,truth_obsvaf,10-20%,False
,72,3,49,0.6805555555555556,0.5660765126783435,0.7767438972173802,0.8888888888888888,0.8564814814814815,72,0.3194444444444444,0.1111111111111111,0.7793169793169792,0.13374019180470698,0.9166666666666666,,0.8611111111111112,,0.7916666666666666,indel,vaf_bin+lc,NS_T_1,strict,native,truth_obsvaf,10-20%,True
,595,3,528,0.8873949579831932,0.8594702129061709,0.9103495669531811,0.9983193277310924,0.9619047619047619,595,0.11260504201680673,0.0016806722689075631,0.9248790425261014,-0.024315666860807657,0.9092436974789916,,0.9798319327731092,,0.9966386554621849,indel,vaf_bin+lc,NS_T_1,strict,native,truth_obsvaf,>=20%,False
,259,3,221,0.8532818532818532,0.8050331705001256,0.8912040244274807,0.9613899613899614,0.9382239382239382,259,0.14671814671814673,0.03861003861003861,0.9012683117658565,0.1562071330589849,0.9343629343629344,,0.9305019305019305,,0.9498069498069498,indel,vaf_bin+lc,NS_T_1,strict,native,truth_obsvaf,>=20%,True
all,39442,5,20642,0.523350742862938,0.518419643734473,0.5282772939369658,0.9712235687845444,0.8471324983520105,39439,0.4766094475012044,0.002180416814563156,0.7528329435172836,0.06758436071621947,0.7821865016986969,0.7713604786775519,0.9650119162314285,0.7294001318391562,0.9877034633132195,snv,all,NS_380X,strict,native,truth_obsvaf,,
,1291,5,0,0.0,0.0,0.002966740672786937,0.343144848954299,0.4579395817195972,1288,1.0,0.05964368706429125,0.1706179564676551,-0.17734754874870484,0.9868319132455461,0.0,0.017041053446940357,0.37490317583268784,0.9109217660728117,snv,vaf_bin,NS_380X,strict,native,truth_obsvaf,<5%,
,3900,5,1,0.0002564102564102564,4.526414042501086e-05,0.0014510719383610273,0.9707692307692307,0.7587692307692308,3900,0.9997435897435898,0.0010256410256410256,0.5441117798854905,-0.18806456585067097,0.9694871794871794,0.0002564102564102564,0.992051282051282,0.9074358974358975,0.9246153846153846,snv,vaf_bin,NS_380X,strict,native,truth_obsvaf,5-10%,
,6064,5,1821,0.3002968337730871,0.2888890126826159,0.31195751298275254,0.9764182058047494,0.8364116094986807,6064,0.699703166226913,0.00032981530343007914,0.6959505712379139,-0.09145212170550532,0.91688654353562,0.3687335092348285,0.9975263852242744,0.9030343007915568,0.995877308707124,snv,vaf_bin,NS_380X,strict,native,truth_obsvaf,10-20%,
,28187,5,18820,0.6676836839677865,0.6621621468918584,0.6731595218071165,0.9989356795685954,0.8794905452868343,28187,0.33231631603221345,0.00010643204314045482,0.8108666207398288,0.11914946495711795,0.7179196083300813,1.0,0.9976939723986235,0.6836484904388548,0.9981906552666122,snv,vaf_bin,NS_380X,strict,native,truth_obsvaf,>=20%,
,37055,5,19509,0.5264876534880583,0.5214014176928258,0.5315683979497182,0.971204965591688,0.84807988125759,37053,0.47348392842684806,0.0020510052624477127,0.7544639123809069,0.0686569888210113,0.7846714343543382,0.7696397247335043,0.9656456618540008,0.7316961273782215,0.9887464579678856,snv,lc,NS_380X,strict,native,truth_obsvaf,,False
,2387,5,1133,0.47465437788018433,0.4546787508299873,0.4947114525423081,0.9715123586091328,0.8324256388772519,2386,0.5251466890192791,0.0041893590280687055,0.7273329584417743,0.050665953699043496,0.7436112274821952,0.7980728948470884,0.9551738583996648,0.6937578550481777,0.9715123586091328,snv,lc,NS_380X,strict,native,truth_obsvaf,,True
,1245,5,0,0.0,0.0,0.0030760180113828793,0.3389558232931727,0.45783132530120485,1243,1.0,0.0570281124497992,0.16946152122052696,-0.17947368421052626,0.9879518072289156,0.0,0.015261044176706828,0.3710843373493976,0.914859437751004,snv,vaf_bin+lc,NS_380X,strict,native,truth_obsvaf,<5%,False
,46,5,0,0.0,0.0,0.07707356308558039,0.45652173913043476,0.4608695652173913,45,1.0,0.13043478260869565,0.200518648018648,-0.11990261716372534,0.9565217391304348,0.0,0.06521739130434782,0.4782608695652174,0.8043478260869565,snv,vaf_bin+lc,NS_380X,strict,native,truth_obsvaf,<5%,True
,3673,5,0,0.0,0.0,0.0010447714060334357,0.9722297849169617,0.7603049278518922,3673,1.0,0.0008167710318540703,0.5460436862570626,-0.1902192716565815,0.9705962428532535,0.0,0.9931935747345494,0.9098829294854343,0.9278518921862238,snv,vaf_bin+lc,NS_380X,strict,native,truth_obsvaf,5-10%,False
,227,5,1,0.004405286343612335,0.00077806494092382,0.024527003093806773,0.947136563876652,0.733920704845815,227,0.9955947136563876,0.004405286343612335,0.5127466461566336,-0.15951678684718962,0.9515418502202643,0.004405286343612335,0.973568281938326,0.8678414096916299,0.8722466960352423,snv,vaf_bin+lc,NS_380X,strict,native,truth_obsvaf,5-10%,True
,5726,5,1730,0.30213063220398184,0.290373114238043,0.3141534653740944,0.9767726161369193,0.8374781697520083,5726,0.6978693677960182,0.00017464198393293747,0.6974889280222294,-0.09243876445423325,0.9182675515193852,0.3681453021306322,0.9996507160321342,0.904994760740482,0.9963325183374083,snv,vaf_bin+lc,NS_380X,strict,native,truth_obsvaf,10-20%,False
,338,5,91,0.2692307692307692,0.22473198762557414,0.31891611012658705,0.9704142011834319,0.8183431952662723,338,0.7307692307692307,0.0029585798816568047,0.6698284034456767,-0.0786869878774609,0.893491124260355,0.378698224852071,0.9615384615384616,0.8698224852071006,0.9881656804733728,snv,vaf_bin+lc,NS_380X,strict,native,truth_obsvaf,10-20%,True
,26411,5,17779,0.6731664836621105,0.6674847335170329,0.6787978672799351,0.9996592328953845,0.8809814092612926,26411,0.32683351633788954,3.786301162394457e-05,0.8135073430939099,0.12114243771600768,0.7202680701222975,1.0,0.9992427397675211,0.6863428117072432,0.9990534247094014,snv,vaf_bin+lc,NS_380X,strict,native,truth_obsvaf,>=20%,False
,1776,5,1041,0.5861486486486487,0.56308050925515,0.6088449161716477,0.9881756756756757,0.8573198198198199,1776,0.41385135135135137,0.0011261261261261261,0.7713594806839036,0.0899668877364773,0.6829954954954955,1.0,0.9746621621621622,0.643581081081081,0.9853603603603603,snv,vaf_bin+lc,NS_380X,strict,native,truth_obsvaf,>=20%,True
all,1621,3,1141,0.7038864898210981,0.68120075847098,0.7256081621234958,0.9278223318938926,0.8762081019946536,1616,0.2939356435643564,0.06909315237507711,0.80136799801335,0.0994872758488689,0.8297347316471314,,0.9204194941394201,,0.878470080197409,indel,all,NS_380X,strict,native,truth_obsvaf,,
,106,3,34,0.32075471698113206,0.23950855737983967,0.4145382805993295,0.5471698113207547,0.6226415094339622,106,0.6792452830188679,0.4528301886792453,0.4874868655489058,0.03636363636363607,0.9716981132075472,,0.5377358490566038,,0.3584905660377358,indel,vaf_bin,NS_380X,strict,native,truth_obsvaf,<5%,
,257,3,199,0.77431906614786,0.7193882400750538,0.8211700003115916,0.9688715953307393,0.914396887159533,257,0.22568093385214008,0.0311284046692607,0.8478440298775268,0.03894261766602167,0.8949416342412452,,0.9766536964980544,,0.8715953307392996,indel,vaf_bin,NS_380X,strict,native,truth_obsvaf,5-10%,
,425,3,336,0.7905882352941176,0.7493871742379922,0.8265832570706907,0.9505882352941176,0.9129411764705883,424,0.20754716981132076,0.047058823529411764,0.8607888508564115,0.13160583263676015,0.851764705882353,,0.9482352941176471,,0.9388235294117647,indel,vaf_bin,NS_380X,strict,native,truth_obsvaf,10-20%,
,833,3,572,0.6866746698679472,0.6543793017697886,0.7172562054364054,0.9519807923169268,0.8779511804721888,829,0.3100120627261761,0.04321728691476591,0.7912834724989711,0.04023940104906031,0.78031212484994,,0.9375750300120048,,0.9159663865546218,indel,vaf_bin,NS_380X,strict,native,truth_obsvaf,>=20%,
,1239,3,932,0.7522195318805488,0.7274253733561845,0.7754545358745947,0.9564164648910412,0.90287866559053,1239,0.24778046811945117,0.043583535108958835,0.8334383182838029,0.05810653759422087,0.8272800645682001,,0.9499596448748991,,0.9313962873284907,indel,lc,NS_380X,strict,native,truth_obsvaf,,False
,382,3,209,0.5471204188481675,0.4969810921593498,0.5963214785649893,0.8350785340314136,0.7897033158813264,377,0.44562334217506633,0.1518324607329843,0.6916003694175078,0.11726920519933043,0.837696335078534,,0.824607329842932,,0.7068062827225131,indel,lc,NS_380X,strict,native,truth_obsvaf,,True
,91,3,29,0.31868131868131866,0.23196000154381546,0.4200909009798445,0.5494505494505495,0.6227106227106227,91,0.6813186813186813,0.45054945054945056,0.4830544183485361,0.033352370074243284,0.978021978021978,,0.5384615384615384,,0.3516483516483517,indel,vaf_bin+lc,NS_380X,strict,native,truth_obsvaf,<5%,False
,15,3,5,0.3333333333333333,0.1517632443971473,0.5828645226148023,0.5333333333333333,0.6222222222222222,15,0.6666666666666666,0.4666666666666667,0.5166666666666667,0.054621848739495625,0.9333333333333333,,0.5333333333333333,,0.4,indel,vaf_bin+lc,NS_380X,strict,native,truth_obsvaf,<5%,True
,230,3,183,0.7956521739130434,0.7388862323363499,0.842704391866361,0.9782608695652174,0.9246376811594202,230,0.20434782608695654,0.021739130434782608,0.8625452180969839,0.022486134555100845,0.8826086956521739,,0.991304347826087,,0.9,indel,vaf_bin+lc,NS_380X,strict,native,truth_obsvaf,5-10%,False
,27,3,16,0.5925925925925926,0.4072670096806468,0.7548524292560443,0.8888888888888888,0.8271604938271605,27,0.4074074074074074,0.1111111111111111,0.7160493827160493,0.05010660980810222,1.0,,0.8518518518518519,,0.6296296296296297,indel,vaf_bin+lc,NS_380X,strict,native,truth_obsvaf,5-10%,True
,344,3,288,0.8372093023255814,0.7945107328070427,0.8724597910245968,0.9912790697674418,0.9428294573643411,344,0.16279069767441862,0.00872093023255814,0.8910228096212159,-0.006706499207415348,0.8459302325581395,,0.9883720930232558,,0.9941860465116279,indel,vaf_bin+lc,NS_380X,strict,native,truth_obsvaf,10-20%,False
,81,3,48,0.5925925925925926,0.4837631326834876,0.6930372218660651,0.7777777777777778,0.7860082304526749,80,0.4,0.20987654320987653,0.7265873015873016,0.21707611759967815,0.8765432098765432,,0.7777777777777778,,0.7037037037037037,indel,vaf_bin+lc,NS_380X,strict,native,truth_obsvaf,10-20%,True
,574,3,432,0.7526132404181185,0.7157120359592749,0.7861557265094404,0.9912891986062717,0.9146341463414634,574,0.24738675958188153,0.008710801393728223,0.8343814871741486,-0.056145124716554744,0.7700348432055749,,0.975609756097561,,0.9982578397212544,indel,vaf_bin+lc,NS_380X,strict,native,truth_obsvaf,>=20%,False
,259,3,140,0.5405405405405406,0.4796976416780655,0.600198429871004,0.8648648648648649,0.7966537966537967,255,0.45098039215686275,0.11969111969111969,0.6894477696216826,0.08636837692480732,0.803088803088803,,0.8532818532818532,,0.7335907335907336,indel,vaf_bin+lc,NS_380X,strict,native,truth_obsvaf,>=20%,True
all,351516,5,91945,0.26156704104507333,0.2601167962196004,0.2630224971291172,0.33431195166080635,0.453782473628512,351516,0.7384329589549267,0.6314051138497252,0.5530299667415152,0.3782789407844115,0.3196554353144665,0.4866890838539355,0.795229804617713,0.32576611021973395,0.3415719341367107,snv,all,IL_T_1,strict,native,union,,
,83570,5,0,0.0,0.0,4.596484681856973e-05,0.0006341988751944477,0.20374296996529856,83570,1.0,0.9819313150652148,0.02436765918926958,-0.2439343367277965,0.05272226875673088,0.3500179490247697,0.5989589565633601,0.004618882374057676,0.012396793107574489,snv,vaf_bin,IL_T_1,strict,native,union,<5%,
,74665,5,3,4.017946829170294e-05,1.366473707678498e-05,0.00011813667604841554,0.050157369584142505,0.22925333154757918,74665,0.9999598205317083,0.9186901493336905,0.11064856421619443,-0.16950435159894317,0.09142168351972142,0.022929083238465143,0.9590303354985602,0.021696912877519587,0.05118864260362955,snv,vaf_bin,IL_T_1,strict,native,union,5-10%,
,37199,5,3875,0.1041694669211538,0.10110591669459247,0.10731476180125075,0.19637624667329767,0.3425952310545982,37199,0.8958305330788462,0.7589720153767574,0.3890919916871467,0.17358329794203814,0.2305438318234361,0.27664722169950806,0.8134089626065217,0.18841904352267533,0.20395709562085002,snv,vaf_bin,IL_T_1,strict,native,union,10-20%,
,156082,5,88067,0.5642354659730142,0.5617739561504795,0.5666938139726052,0.6817762458195051,0.7215668686972233,156082,0.43576453402698584,0.27589344062736254,0.7727416091767566,0.5232051635082462,0.5929959892876822,0.8317743237528992,0.8176279135326303,0.6759075357824733,0.6895285811304315,snv,vaf_bin,IL_T_1,strict,native,union,>=20%,
,224245,5,86719,0.386715422863386,0.3847017374456795,0.3887329894876598,0.4847020000445941,0.5671502151664474,224245,0.613284577136614,0.48149568552253114,0.653271847404512,0.47075659329180286,0.4533033066512074,0.6726705166224441,0.7510847510535352,0.46767597939753397,0.49101652210751634,snv,lc,IL_T_1,strict,native,union,,False
,127271,5,5226,0.041061985841236416,0.03998558515050238,0.042166090223641706,0.06933236951072907,0.25403430475127875,127271,0.9589380141587636,0.8955378680139231,0.2592176913710016,-0.038002123002320934,0.08417471379968729,0.1589993007047953,0.8730111337225291,0.07572817059660096,0.07825820493278123,snv,lc,IL_T_1,strict,native,union,,True
,40464,5,0,0.0,0.0,9.492621010199223e-05,0.0008649663898774219,0.20568900751285094,40464,1.0,0.9724199288256228,0.033502583610369834,-0.24101307892406662,0.07456010280743376,0.6351571767497034,0.29248220640569395,0.0019523527085804665,0.02429319889284302,snv,vaf_bin+lc,IL_T_1,strict,native,union,<5%,False
,43106,5,0,0.0,0.0,8.91086278840426e-05,0.00041757527954345105,0.2019162065605716,43106,1.0,0.9908597411033266,0.005460876121202619,-0.24676778253518672,0.03222289240476964,0.08235512457662507,0.8866515102305943,0.00712197837887997,0.0012295272119890502,snv,vaf_bin+lc,IL_T_1,strict,native,union,<5%,True
,36893,5,3,8.131623885289892e-05,2.765523603638589e-05,0.0002390737963572904,0.09513999945789174,0.2518743393055593,36893,0.9999186837611471,0.8640121432250021,0.13959440252360986,-0.11851711596219053,0.14341473992356274,0.024693031198330308,0.9601279375491285,0.035399669313962,0.095736318542813,snv,vaf_bin+lc,IL_T_1,strict,native,union,5-10%,False
,37772,5,0,0.0,0.0,0.00010169088688286893,0.006221539764905221,0.20715874192523565,37772,1.0,0.9720957322884677,0.03549706396576278,-0.2336745303025281,0.04063856825161495,0.02120618447527269,0.9579582759716192,0.008313036111405273,0.007677644816266017,snv,vaf_bin+lc,IL_T_1,strict,native,union,5-10%,True
,17468,5,3682,0.21078543622624227,0.2048009017790699,0.21689714740400717,0.38395923975269064,0.4723952370048088,17468,0.7892145637737578,0.5753950080146554,0.5292881778634629,0.33380633960388983,0.40302267002518893,0.38350125944584385,0.835527822303641,0.3548774902679185,0.3850469429814518,snv,vaf_bin+lc,IL_T_1,strict,native,union,10-20%,False
,19731,5,193,0.009781562009021336,0.008500577189106007,0.011253392440401726,0.030307637727433986,0.22768232730221477,19731,0.9902184379909786,0.9214940955856267,0.10880686199273652,-0.15962833935359697,0.0778470427246465,0.18204855303836603,0.7938269727839441,0.0410521514368253,0.043636916527292076,snv,vaf_bin+lc,IL_T_1,strict,native,union,10-20%,True
,129420,5,83034,0.6415855354659249,0.6389688014098023,0.6441938646563292,0.7606243239066605,0.7828264564982228,129420,0.3584144645340751,0.206289599752743,0.8224268208557565,0.5339503230444833,0.6668443826301963,0.9081440271982693,0.8234816875289754,0.7517385257301809,0.7639236594034925,snv,vaf_bin+lc,IL_T_1,strict,native,union,>=20%,False
,26662,5,5033,0.18877053484359763,0.18411827694240535,0.19351246365774655,0.29903983197059486,0.42420673617883126,26662,0.8112294651564024,0.6137574075463206,0.4565749657714866,0.2787381826437718,0.23452854249493663,0.46106818693271323,0.7892131122946515,0.3078163678643763,0.3284074713074788,snv,vaf_bin+lc,IL_T_1,strict,native,union,>=20%,True
all,49534,3,7942,0.1603343158234748,0.15712948092639029,0.16359183011474127,0.3050026244599669,0.48844564676114727,49534,0.8396656841765252,0.6949973755400332,0.30069934793551845,-0.12015242075614278,0.27415512577219686,,0.8847054548391005,,0.30647635967214437,indel,all,IL_T_1,strict,native,union,,
,17556,3,32,0.001822738664843928,0.0012914876126710797,0.0025719560852568344,0.023923444976076555,0.3419153945469735,17556,0.998177261335156,0.9760765550239234,0.012303800529363177,-0.4787202866559532,0.19281157439052177,,0.829630895420369,,0.0033037138300296195,indel,vaf_bin,IL_T_1,strict,native,union,<5%,
,6587,3,230,0.03491726127220282,0.030748252805537647,0.039628414835272165,0.07924700166995598,0.3713880876473863,6587,0.9650827387277972,0.920752998330044,0.13068385464223234,-0.37794764524802915,0.12600576893881887,,0.9307727341733718,,0.057385759829968117,indel,vaf_bin,IL_T_1,strict,native,union,5-10%,
,5939,3,625,0.10523657181343661,0.09768588912382549,0.11329760547364069,0.21788179828253915,0.44103945669865857,5939,0.8947634281865634,0.7821182017174608,0.23897194352882875,-0.20984120922762198,0.235393163832295,,0.8659707021384071,,0.22175450412527362,indel,vaf_bin,IL_T_1,strict,native,union,10-20%,
,19452,3,7055,0.3626876413736377,0.3559590721143756,0.3694704339130751,0.6617314414970183,0.6748063609568854,19452,0.6373123586263624,0.3382685585029817,0.5207737508847617,0.03192305845184884,0.40957228048529715,,0.9245321817807938,,0.690314620604565,indel,vaf_bin,IL_T_1,strict,native,union,>=20%,
,10742,3,4153,0.38661329361385216,0.37744641378083504,0.39586124115386384,0.5463600819214299,0.6443244585117607,10742,0.6133867063861478,0.4536399180785701,0.5267046630448832,0.10781588612507007,0.6061254887358034,,0.8126047291007261,,0.5142431576987525,indel,lc,IL_T_1,strict,native,union,,False
,38792,3,3789,0.09767477830480512,0.0947602259368833,0.1006690049735568,0.23816766343575996,0.44528081391352164,38792,0.9023252216951949,0.7618323365642401,0.22518600510054151,-0.21768420377495767,0.18222829449371003,,0.9046710661992163,,0.24894308104763868,indel,lc,IL_T_1,strict,native,union,,True
,3165,3,25,0.007898894154818325,0.00535606125567787,0.011634835739443995,0.09194312796208531,0.3666140073723012,3165,0.9921011058451816,0.9080568720379147,0.0413635611445812,-0.4241547086292093,0.6243285939968405,,0.46477093206951026,,0.010742496050552922,indel,vaf_bin+lc,IL_T_1,strict,native,union,<5%,False
,14391,3,7,0.00048641512056146204,0.0002356432079318277,0.0010037909929750156,0.008963935793204087,0.33648345030458854,14391,0.9995135848794385,0.9910360642067959,0.005466872678114554,-0.49228570291180723,0.09790841498158571,,0.9098742269473977,,0.0016677089847821555,indel,vaf_bin+lc,IL_T_1,strict,native,union,<5%,True
,1074,3,186,0.17318435754189945,0.15172844894046028,0.19696982736440194,0.2774674115456238,0.48355058969584114,1074,0.8268156424581006,0.7225325884543762,0.3373425719126586,-0.10361533524242121,0.30446927374301674,,0.9450651769087524,,0.2011173184357542,indel,vaf_bin+lc,IL_T_1,strict,native,union,5-10%,False
,5513,3,44,0.007981135497914021,0.005950888319804859,0.010696582793190761,0.04063123526210775,0.3495374569200072,5513,0.992018864502086,0.9593687647378922,0.053797374109124725,-0.4543959658604313,0.09123888989660801,,0.9279883910756394,,0.029385089787774352,indel,vaf_bin+lc,IL_T_1,strict,native,union,5-10%,True
,796,3,402,0.5050251256281407,0.4703517034371731,0.5396502787203852,0.6080402010050251,0.704355108877722,796,0.4949748743718593,0.39195979899497485,0.6404291133834134,0.20768139911679406,0.6030150753768844,,0.9120603015075377,,0.5979899497487438,indel,vaf_bin+lc,IL_T_1,strict,native,union,10-20%,False
,5143,3,223,0.043359906669259186,0.03812618576489556,0.04927527441603785,0.1574956251215244,0.4002851772635945,5143,0.9566400933307408,0.8425043748784756,0.14579177875211244,-0.32835156669535515,0.17849504180439432,,0.8588372545207078,,0.1635232354656815,indel,vaf_bin+lc,IL_T_1,strict,native,union,10-20%,True
,5707,3,3540,0.620290870860347,0.6076227242087386,0.6327971876204244,0.8403714736288768,0.820220781496408,5707,0.37970912913965305,0.15962852637112318,0.73389587009103,0.14165965325936478,0.6532328719116874,,0.9667075521289644,,0.840721920448572,indel,vaf_bin+lc,IL_T_1,strict,native,union,>=20%,False
,13745,3,3515,0.25572935612950165,0.24850488162037085,0.26309033022986605,0.5875591124045108,0.6144294895113375,13745,0.7442706438704983,0.41244088759548925,0.4213984263590172,-0.04720998115412538,0.3084030556566024,,0.9070207348126591,,0.6278646780647508,indel,vaf_bin+lc,IL_T_1,strict,native,union,>=20%,True
all,415508,5,97432,0.23448886664035348,0.23320308943238582,0.23577955321543648,0.29301722229174887,0.4245848455384734,415508,0.7655111333596465,0.6777559036167775,0.5185568292810372,0.35324964199876685,0.30319271831107947,0.5287479422778864,0.712571117764279,0.2800403361668127,0.29837211317230955,snv,all,NV_T_1,strict,native,union,,
,98265,5,0,0.0,0.0,3.9091320948399275e-05,0.000661476619345647,0.2049417391746807,98265,1.0,0.9759833104360658,0.026515767408320956,-0.24216179250004574,0.07359690632473413,0.36512491731542257,0.5639647890907241,0.0033786190403500738,0.018643464102172696,snv,vaf_bin,NV_T_1,strict,native,union,<5%,
,88508,5,1,1.1298413702716138e-05,1.994450234517354e-06,6.400190374950646e-05,0.049430559949383106,0.22989786234012746,88508,0.9999887015862973,0.9209562977357979,0.11195890401459337,-0.16242721888590955,0.12091562344646811,0.034019523658878295,0.9173859990057396,0.028155646947168617,0.04901251864238261,snv,vaf_bin,NV_T_1,strict,native,union,5-10%,
,45058,5,3798,0.08429135780549514,0.08176139546273586,0.08689219730634198,0.16334502197168094,0.3195880864663323,45058,0.9157086421945049,0.7966842736029118,0.3366446102804656,0.13187799359964014,0.24137777975054375,0.3144169736783701,0.710084779617382,0.16427715389054107,0.16778374539482444,snv,vaf_bin,NV_T_1,strict,native,union,10-20%,
,183677,5,93633,0.5097698677569864,0.5074835212130172,0.5120558056514267,0.5986106044850471,0.6616615036177638,183677,0.49023013224301354,0.37184296346303564,0.7499443867948676,0.5368437647008028,0.5290210532619762,0.9072556716409784,0.693989993303462,0.5778241151586753,0.600216684723727,snv,vaf_bin,NV_T_1,strict,native,union,>=20%,
,248625,5,91507,0.36805228758169933,0.3661586336150876,0.36995001888463896,0.4495444947209653,0.5433902463549523,248625,0.6319477124183006,0.5243841126194068,0.646759588464158,0.4696972675408621,0.42856913021618903,0.7593283056812469,0.6446254399195576,0.42869381598793366,0.4557345399698341,snv,lc,NV_T_1,strict,native,union,,False
,166883,5,5925,0.035503915917139556,0.03462672248460902,0.03640249321149862,0.05982035318157032,0.24758663255094887,166883,0.9644960840828605,0.9062516853124645,0.21667420141711718,-0.05958799670477135,0.11640490643145197,0.18522557720079336,0.8137976905976043,0.05857397098566061,0.06393101753923408,snv,lc,NV_T_1,strict,native,union,,True
,48624,5,0,0.0,6.776263578034403e-21,7.89971075304087e-05,0.0010077328068443566,0.20805774925962486,48624,1.0,0.9607601184600197,0.03877515298442664,-0.23760526021247258,0.09647499177360974,0.6424605133267522,0.26361467588022375,0.0016247120763409016,0.036113853241197764,snv,vaf_bin+lc,NV_T_1,strict,native,union,<5%,False
,49641,5,0,0.0,0.0,7.737881132887758e-05,0.0003223142160713926,0.20188956709171854,49641,1.0,0.9908946233959831,0.004595549194969415,-0.24687092092593033,0.05118752643983804,0.09347112266070386,0.8581616002900828,0.005096593541628895,0.0015309925263391148,snv,vaf_bin+lc,NV_T_1,strict,native,union,<5%,True
,30690,5,1,3.258390355164549e-05,5.751882228831743e-06,0.00018456182707116294,0.13398501140436625,0.27281199087650704,30690,0.9999674160964483,0.8273378950798306,0.18403212968800614,-0.06621478182810199,0.17996089931573803,0.04649723036819811,0.9371456500488758,0.06920821114369502,0.13124796350602802,snv,vaf_bin+lc,NV_T_1,strict,native,union,5-10%,False
,57818,5,0,0.0,0.0,6.643612039630246e-05,0.004548756442630322,0.20711889031097583,57818,1.0,0.9706492787713169,0.030204840229429153,-0.23471419602687763,0.08957418105088381,0.02739631256702065,0.9068975059669999,0.006364799889307828,0.00536165208066692,snv,vaf_bin+lc,NV_T_1,strict,native,union,5-10%,True
,16707,5,3620,0.21667564493924701,0.21049410735837626,0.22298744272820448,0.40198719099778535,0.4842281678338421,16707,0.7833243550607529,0.5692823367450769,0.5491862211952687,0.3491099492436903,0.404680672771892,0.490512958640091,0.737894295804154,0.38570659005207397,0.40234632190099956,snv,vaf_bin+lc,NV_T_1,strict,native,union,10-20%,False
,28351,5,178,0.0062784381503297945,0.0054235216831807105,0.0072671314930427,0.022715248139395437,0.2225671052167472,28351,0.9937215618496702,0.9306902754752919,0.07639165646756871,-0.18026299568064755,0.14514479207082642,0.2106451271560086,0.6936968713625622,0.03379069521357271,0.02955804028076611,snv,vaf_bin+lc,NV_T_1,strict,native,union,10-20%,True
,152604,5,87886,0.5759088883646563,0.5734274652561689,0.5783864899019059,0.6611294592540169,0.7111294592540169,152604,0.42409111163534374,0.31950014416398,0.7993236573757379,0.5664715599344861,0.586996409006317,0.9693520484390973,0.6969869728185368,0.6417721684883751,0.6605396975177584,snv,vaf_bin+lc,NV_T_1,strict,native,union,>=20%,False
,31073,5,5747,0.18495156566794324,0.18067364853724052,0.18930737009543666,0.291571460753709,0.4187172143018055,31073,0.8150484343320568,0.628906124287967,0.4476498370559437,0.27885321650176065,0.24429569079264957,0.6022913783670711,0.6792713931709201,0.26376597045666655,0.30396163872171983,snv,vaf_bin+lc,NV_T_1,strict,native,union,>=20%,True
all,57265,3,9726,0.16984196280450536,0.1667886988912982,0.17293951916267566,0.2889897843359818,0.48627724904682906,57265,0.8301580371954946,0.7110102156640181,0.30192298179747057,-0.10771177299570762,0.3584737623330132,,0.8286737099449926,,0.2716842748624814,indel,all,NV_T_1,strict,native,union,,
,22036,3,52,0.002359774913777455,0.001800096714472994,0.003092926632459217,0.01955890361227083,0.3406395595086828,22036,0.9976402250862225,0.9804410963877291,0.011054048842620914,-0.4805897113964318,0.2785895806861499,,0.7396532946088219,,0.00367580323107642,indel,vaf_bin,NV_T_1,strict,native,union,<5%,
,9447,3,291,0.03080342966020959,0.027505406041686158,0.03448287948540988,0.06922832645284217,0.3666772520376839,9447,0.9691965703397905,0.9307716735471578,0.1019998535254512,-0.3911743396127363,0.17105959563882714,,0.8769979887795067,,0.0519741716947179,indel,vaf_bin,NV_T_1,strict,native,union,5-10%,
,6490,3,734,0.11309707241910631,0.10561952789419427,0.12103236500372475,0.24329738058551617,0.4521314843348742,6490,0.8869029275808937,0.7567026194144838,0.23567191336207147,-0.19347613679132042,0.3531587057010786,,0.7788906009244992,,0.22434514637904468,indel,vaf_bin,NV_T_1,strict,native,union,10-20%,
,19292,3,8649,0.44832054737715116,0.4413137882277693,0.4553478834461298,0.7197283848227245,0.7226829773999586,19292,0.5516794526228489,0.28027161517727556,0.5972388781532684,0.08242578622338803,0.5432821895086046,,0.9234397677793904,,0.7013269749118806,indel,vaf_bin,NV_T_1,strict,native,union,>=20%,
,10822,3,4382,0.4049159120310479,0.39570284592011956,0.41419645772032126,0.5499907595638515,0.6516355571982998,10822,0.5950840879689522,0.4500092404361486,0.5423941564904968,0.1261870264745455,0.613287747181667,,0.817039364257993,,0.5245795601552393,indel,lc,NV_T_1,strict,native,union,,False
,46443,3,5344,0.11506577955773745,0.11219543365489906,0.1179997986366223,0.22817216803393406,0.4477459825305572,46443,0.8849342204422626,0.771827831966066,0.23477691218251093,-0.1929415169094095,0.2990978188316862,,0.8313847081368559,,0.21275542062312944,indel,lc,NV_T_1,strict,native,union,,True
,3164,3,43,0.01359039190897598,0.010105404719951729,0.018255060912106703,0.07806573957016436,0.3638853771597135,3164,0.9864096080910241,0.9219342604298356,0.04424608747741102,-0.4204830514634873,0.6077749683944375,,0.4664981036662453,,0.01738305941845765,indel,vaf_bin+lc,NV_T_1,strict,native,union,<5%,False
,18872,3,9,0.00047689699025010596,0.00025092428659536417,0.000906187509895573,0.009749894022891056,0.33674226367104704,18872,0.9995231030097499,0.9902501059771089,0.004747529482065717,-0.4917348325501026,0.22339974565493853,,0.7854493429419246,,0.001377702416278084,indel,vaf_bin+lc,NV_T_1,strict,native,union,<5%,True
,1304,3,218,0.16717791411042945,0.1479093223323156,0.18840166999339616,0.24386503067484663,0.47034764826175873,1304,0.8328220858895705,0.7561349693251533,0.35250942164318283,-0.11434866543562197,0.2553680981595092,,0.9601226993865031,,0.1955521472392638,indel,vaf_bin+lc,NV_T_1,strict,native,union,5-10%,False
,8143,3,73,0.00896475500429817,0.0071364756847487705,0.011256107450456198,0.0412624339923861,0.35007572966556144,8143,0.9910352449957018,0.958737566007614,0.04678050382182975,-0.4519213359860145,0.15755863932211717,,0.8636866019894388,,0.02898194768512833,indel,vaf_bin+lc,NV_T_1,strict,native,union,5-10%,True
,730,3,404,0.5534246575342465,0.5171753021430895,0.5891146860586515,0.6561643835616439,0.7365296803652969,730,0.4465753424657534,0.34383561643835614,0.6796898786949622,0.23290079198367689,0.6465753424657534,,0.9328767123287671,,0.6301369863013698,indel,vaf_bin+lc,NV_T_1,strict,native,union,10-20%,False
,5760,3,330,0.057291666666666664,0.05157981233774522,0.06359362946551333,0.1909722222222222,0.41608796296296297,5760,0.9427083333333334,0.8090277777777778,0.1602977912347282,-0.2933721678743881,0.3159722222222222,,0.759375,,0.17291666666666666,indel,vaf_bin+lc,NV_T_1,strict,native,union,10-20%,True
,5624,3,3717,0.6609174964438123,0.6484390554833334,0.6731762588861093,0.8726884779516358,0.8445353247984827,5624,0.33908250355618774,0.12731152204836416,0.7645552852399281,0.13913592855483817,0.6950568990042674,,0.9660384068278806,,0.8725106685633002,indel,vaf_bin+lc,NV_T_1,strict,native,union,>=20%,False
,13668,3,4932,0.3608428446005268,0.35283182016733716,0.36893206866522654,0.6567895815042435,0.6725441420349235,13668,0.6391571553994733,0.3432104184957565,0.5223865037765395,0.03258494379950706,0.48083113842551944,,0.9059116183786947,,0.630889669300556,indel,vaf_bin+lc,NV_T_1,strict,native,union,>=20%,True
all,245836,5,73740,0.29995606827315774,0.29814779532226354,0.30177059294079156,0.4650376673880148,0.5303039424657088,245836,0.7000439317268423,0.4935770188255585,0.5897992689497016,0.3871858003153175,0.38411786719601687,0.44243316682666495,0.8961177370279373,0.4457361818448071,0.483114759433118,snv,all,FD_T_1,strict,native,union,,
,40979,5,0,0.0,0.0,9.373334507696347e-05,0.00046365211449766954,0.20260133238976058,40979,1.0,0.9874569901656947,0.01958706623233849,-0.2457398794974565,0.02603772664047439,0.2966641450499036,0.6796407916249787,0.005588228116840333,0.005075770516606066,snv,vaf_bin,FD_T_1,strict,native,union,<5%,
,37321,5,1,2.6794566062002625e-05,4.729914507496587e-06,0.00015177333084824915,0.062190187829908095,0.23422737868760218,37321,0.999973205433938,0.9001902414190402,0.09933366986304495,-0.16558248386112265,0.10160499450711395,0.014603038503791431,0.9739288872216715,0.01706813858149567,0.06393183462393827,snv,vaf_bin,FD_T_1,strict,native,union,5-10%,
,31959,5,2924,0.09149222441252855,0.08838025029413842,0.09470239166558565,0.2152132419662693,0.34838386682937517,31959,0.9085077755874714,0.7378203323007604,0.3868875666695009,0.1603279051157017,0.2445633467880722,0.18605087768703651,0.8939265934478551,0.1876779623893113,0.22970055383460058,snv,vaf_bin,FD_T_1,strict,native,union,10-20%,
,135577,5,70815,0.5223231079017827,0.5196636753714585,0.5249812754554504,0.775242113337808,0.753739941140459,135577,0.47767689209821723,0.1747936596915406,0.7402408555966264,0.38872094972266835,0.6030152607005613,0.6646997647093533,0.9406462748106242,0.7576063786630476,0.8027320268187081,snv,vaf_bin,FD_T_1,strict,native,union,>=20%,
,159216,5,69412,0.4359612099286504,0.43352703142474236,0.4383984785295303,0.6647321877198271,0.6711988744849764,159216,0.5640387900713496,0.29373304190533617,0.6863749180703046,0.4175970747820389,0.5473382072153552,0.5999145814491006,0.8950293940307507,0.6322542960506482,0.6814578936790272,snv,lc,FD_T_1,strict,native,union,,False
,86620,5,4328,0.04996536596628954,0.048534299020519395,0.0514363477781153,0.09797968136688986,0.27132532902332024,86620,0.9500346340337105,0.8609097206187948,0.2924593219125905,0.0037988971033355466,0.0841029785268991,0.15296698222119604,0.8981182175017317,0.1028977141537751,0.11854075271299931,snv,lc,FD_T_1,strict,native,union,,True
,15082,5,0,0.0,0.0,0.000254640010050485,0.0009282588516111921,0.20363347036202098,15082,1.0,0.9827609070415064,0.030167417490943954,-0.24392791646847592,0.04276621137780135,0.6780930911019759,0.2808646068160721,0.0037793396101312824,0.012664102904124121,snv,vaf_bin+lc,FD_T_1,strict,native,union,<5%,False
,25897,5,0,0.0,0.0,0.00014831405484650354,0.0001930725566667954,0.20200023168706802,25897,1.0,0.9901919141213268,0.004361911466372598,-0.24680907976431435,0.01629532378267753,0.07452600687338301,0.9118816851372746,0.006641695949337761,0.0006564466926671043,snv,vaf_bin+lc,FD_T_1,strict,native,union,<5%,True
,17806,5,1,5.616084465910367e-05,9.9138368994953e-06,0.00031807666398174755,0.12254296304616422,0.2638548803774009,17806,0.9999438391553409,0.8213523531393913,0.12177298611392548,-0.11231360329627847,0.18544310906436032,0.011737616533752668,0.9728743120296529,0.024205324048073684,0.12501404021116477,snv,vaf_bin+lc,FD_T_1,strict,native,union,5-10%,False
,19515,5,0,0.0,0.0,0.0001968077269749094,0.007122726108121958,0.20719446579554188,19515,1.0,0.9721240071739687,0.039672710818902765,-0.23392285669001386,0.025108890596976685,0.01721752498078401,0.9748911094030234,0.010555982577504484,0.008198821419420958,snv,vaf_bin+lc,FD_T_1,strict,native,union,5-10%,True
,16323,5,2765,0.16939288121056179,0.16371650597162818,0.1752248301574733,0.3895729951602034,0.46356674630888933,16323,0.8306071187894383,0.5591496661152975,0.48940766558500026,0.28257197582091403,0.4257183115848802,0.24125467132267353,0.9212154628438399,0.329473748698156,0.4001715370948968,snv,vaf_bin+lc,FD_T_1,strict,native,union,10-20%,False
,15636,5,159,0.010168841135840368,0.00871221087566909,0.011866096114724292,0.033192632386799696,0.22814018930672808,15636,0.9898311588641596,0.9243412637503198,0.1392309275888249,-0.15487217310742077,0.055448963929393705,0.12842159119979535,0.8654387311332822,0.039652084932207725,0.05173957533896137,snv,vaf_bin+lc,FD_T_1,strict,native,union,10-20%,True
,110005,5,66646,0.605845188855052,0.6029538138926658,0.6087291716855157,0.8843325303395301,0.8320476341984456,110005,0.39415481114494794,0.07447843279850916,0.7909380712862435,0.3063818496266715,0.6931412208535975,0.7376210172264897,0.9627471478569156,0.8617699195491114,0.9049588655061134,snv,vaf_bin+lc,FD_T_1,strict,native,union,>=20%,False
,25572,5,4169,0.1630298764273424,0.15855308916300673,0.16760788865865264,0.3059596433599249,0.4168778351321758,25572,0.8369701235726575,0.6063272329109964,0.43274585798953097,0.24065952251199285,0.21531362427655248,0.35100891600187706,0.8455732832785859,0.30951822305646803,0.3629751290473956,snv,vaf_bin+lc,FD_T_1,strict,native,union,>=20%,True
all,45805,3,7816,0.17063639340683331,0.16721896187104235,0.17410906479115434,0.36926099770767384,0.5132991303715023,45805,0.8293636065931667,0.6307390022923262,0.32261800654694217,-0.10660102635767736,0.24056325728632244,,0.9200742277043991,,0.37925990612378563,indel,all,FD_T_1,strict,native,union,,
,11222,3,5,0.00044555337729459987,0.00019032831200115264,0.0010426713585775023,0.022010336838353236,0.34081863007188257,11222,0.9995544466227054,0.9779896631616468,0.00957236278023306,-0.483053949187524,0.08456603101051506,,0.9370878631260025,,0.0008019960791302798,indel,vaf_bin,FD_T_1,strict,native,union,<5%,
,5428,3,120,0.02210759027266028,0.018520855742423216,0.02637026647999055,0.06098010316875461,0.3610292311471383,5428,0.9778924097273397,0.9390198968312454,0.10042443030901436,-0.41301399462277844,0.09893146647015476,,0.9504421518054532,,0.03371407516580693,indel,vaf_bin,FD_T_1,strict,native,union,5-10%,
,6046,3,492,0.0813761164406219,0.07474721256319693,0.08853664628576798,0.1768111147866358,0.4193957437424192,6046,0.9186238835593781,0.8231888852133642,0.20301448831690727,-0.25751230658975655,0.18541184254052265,,0.8824015878266622,,0.19037380086007277,indel,vaf_bin,FD_T_1,strict,native,union,10-20%,
,23109,3,7199,0.31152364879484185,0.3055843820354814,0.31752556679880334,0.6606516941451382,0.6573917809799934,23109,0.6884763512051582,0.33934830585486175,0.4789749460603327,-0.018933227922764678,0.364014020511489,,0.9145354623739669,,0.6936258600545242,indel,vaf_bin,FD_T_1,strict,native,union,>=20%,
,8180,3,3643,0.44535452322738384,0.43461226421374594,0.4561480829290458,0.7015892420537897,0.7156479217603913,8180,0.5546454767726161,0.29841075794621025,0.593461908327057,0.09147182569886565,0.5405867970660146,,0.9407090464547677,,0.6656479217603912,indel,lc,FD_T_1,strict,native,union,,False
,37625,3,4173,0.11091029900332226,0.10777694480021574,0.11412309610214325,0.29700996677740865,0.4693067552602436,37625,0.8890897009966777,0.7029900332225913,0.24824584331000477,-0.18993697546464736,0.17533554817275748,,0.9155880398671097,,0.31699667774086376,indel,lc,FD_T_1,strict,native,union,,True
,1075,3,5,0.004651162790697674,0.0019882858782228107,0.01084164265995604,0.15813953488372093,0.3875968992248062,1075,0.9953488372093023,0.8418604651162791,0.05907333155127862,-0.3977721518987344,0.3488372093023256,,0.8093023255813954,,0.004651162790697674,indel,vaf_bin+lc,FD_T_1,strict,native,union,<5%,False
,10147,3,0,0.0,0.0,0.00037843747597457,0.007588449788114714,0.3358628165960382,10147,1.0,0.9924115502118853,0.003079441454436626,-0.49437303902888385,0.056568443875036956,,0.9506258007292796,,0.00039420518379816696,indel,vaf_bin+lc,FD_T_1,strict,native,union,<5%,True
,844,3,104,0.12322274881516587,0.1027392388498713,0.14712051572659773,0.26066350710900477,0.46129541864139023,844,0.8767772511848341,0.7393364928909952,0.2726646425982803,-0.1760836379705138,0.28080568720379145,,0.9644549763033176,,0.1386255924170616,indel,vaf_bin+lc,FD_T_1,strict,native,union,5-10%,False
,4584,3,16,0.0034904013961605585,0.0021496638605338282,0.005662606712108668,0.024214659685863876,0.3425683536940081,4584,0.9965095986038395,0.9757853403141361,0.030323974508430607,-0.47489935410869477,0.06544502617801047,,0.9478621291448517,,0.014397905759162303,indel,vaf_bin+lc,FD_T_1,strict,native,union,5-10%,True
,808,3,342,0.42326732673267325,0.3896419161257526,0.45761890228560786,0.5457920792079208,0.6563531353135313,808,0.5767326732673267,0.4542079207920792,0.5736660693124004,0.14767868178069463,0.5371287128712872,,0.9195544554455446,,0.5123762376237624,indel,vaf_bin+lc,FD_T_1,strict,native,union,10-20%,False
,5238,3,150,0.0286368843069874,0.02445410382321167,0.033510537268595056,0.11989308896525391,0.3828433244240805,5238,0.9713631156930126,0.880106911034746,0.11146250040038774,-0.37038893739880546,0.1311569301260023,,0.8766704849179076,,0.14070255822833141,indel,vaf_bin+lc,FD_T_1,strict,native,union,10-20%,True
,5453,3,3192,0.5853658536585366,0.57223417398006,0.5983773431449404,0.9000550155877498,0.8284736230820955,5453,0.4146341463414634,0.09994498441225014,0.713093899165781,0.027400124292270237,0.6191087474784522,,0.9660737208875848,,0.9002384008802494,indel,vaf_bin+lc,FD_T_1,strict,native,union,>=20%,False
,17656,3,4007,0.2269483461712732,0.2208298181907265,0.23318566532970814,0.5867127322156774,0.6045536927956502,17656,0.7730516538287268,0.4132872677843226,0.39698549068135097,-0.07786620702850004,0.28522881739918443,,0.8986180335296783,,0.6298142274580879,indel,vaf_bin+lc,FD_T_1,strict,native,union,>=20%,True
all,294732,5,74364,0.25231057367371035,0.2507457484339411,0.2538818554660783,0.37590081837058753,0.4756775647028487,294732,0.7476894263262897,0.5724183325868925,0.5379342141259884,0.35833531140634195,0.36329275409524586,0.42094512981284693,0.8334826215002104,0.35518369230351643,0.4054836258024239,snv,all,NS_T_1,strict,native,union,,
,59390,5,0,0.0,0.0,6.467772964908337e-05,0.00026940562384239773,0.20248863445024418,59390,1.0,0.987859909075602,0.011366825586812733,-0.24598671881048945,0.053325475669304595,0.2917326149183364,0.6568277487792558,0.005085031150025256,0.005472301734298703,snv,vaf_bin,NS_T_1,strict,native,union,<5%,
,58698,5,3,5.1109066748441174e-05,1.7381843698505877e-05,0.00015026977635497919,0.05098981225936148,0.23109134893863503,58698,0.9999488909332516,0.9080547889195544,0.07203967828583994,-0.1702370294773483,0.1868206753211353,0.017360046338887186,0.8770997308255818,0.020699172033118676,0.05347712017445228,snv,vaf_bin,NS_T_1,strict,native,union,5-10%,
,39117,5,2654,0.06784773883477772,0.0653977720107365,0.07038257577171174,0.18107216811105145,0.32554132474371755,39117,0.9321522611652223,0.7742413784288161,0.30787814177307754,0.1177818115035409,0.3361198455914308,0.1653756678681903,0.7529462893371168,0.17547357926221335,0.19779124165963646,snv,vaf_bin,NS_T_1,strict,native,union,10-20%,
,137527,5,71707,0.5214030699426294,0.5187623756389467,0.5240425686015978,0.7322053124113811,0.7407476350098526,137527,0.47859693005737053,0.19235495575414283,0.7387446495128758,0.41556405531446705,0.5801987973270704,0.7216910134010049,0.9140605117540556,0.7002479513113788,0.7875399012557535,snv,vaf_bin,NS_T_1,strict,native,union,>=20%,
,184026,5,69915,0.3799191418603893,0.37770409552100465,0.3821392013614225,0.5551824198754524,0.6063871409474748,184026,0.6200808581396107,0.3848532272613652,0.6418807591624729,0.42449685921229724,0.5082434003890755,0.5887102909371502,0.8243291708780282,0.519806983795768,0.5908458587373523,snv,lc,NS_T_1,strict,native,union,,False
,110706,5,4449,0.040187523711451956,0.03904647387234747,0.04136048310204038,0.07788195761747331,0.25839972539880407,110706,0.959812476288548,0.8842068180586418,0.23802662551846984,-0.03182660237296181,0.12234205914765234,0.1420699871732336,0.8486983541994111,0.08153126298484274,0.09735696348888045,snv,lc,NS_T_1,strict,native,union,,True
,24041,5,0,0.0,0.0,0.00015976228528156552,0.00033276486003078074,0.20356058400232935,24041,1.0,0.9825714404558878,0.01575836219905697,-0.24435064358518335,0.086518863608003,0.6223950750800715,0.2937481801921717,0.0027037144877500936,0.01243708664365043,snv,vaf_bin+lc,NS_T_1,strict,native,union,<5%,False
,35349,5,0,0.0,6.776263578034403e-21,0.00010866053935632561,0.00022631474723471668,0.20175959715974995,35349,1.0,0.9914566182918895,0.0036976850338726374,-0.24711697776651306,0.03075051628051713,0.06684771846445443,0.9037596537384367,0.006704574386828482,0.0007355229285128292,snv,vaf_bin+lc,NS_T_1,strict,native,union,<5%,True
,29113,5,2,6.8697832583382e-05,1.8839625723089594e-05,0.0002504704514631371,0.09610826778415141,0.2556933328753478,29113,0.9999313021674167,0.8415141002301377,0.09768324686024331,-0.1215895174501402,0.26994813313639954,0.015216569917219112,0.8632913131590698,0.030604884415896677,0.09940576374815374,snv,vaf_bin+lc,NS_T_1,strict,native,union,5-10%,False
,29585,5,1,3.3800912624640865e-05,5.966715975883578e-06,0.00019145428912915863,0.006591177961804969,0.20688186581037687,29585,0.9999661990873754,0.9735338854149062,0.02125477668757771,-0.2341897627494667,0.10501943552475917,0.019469325671793138,0.8906878485719114,0.010951495690383641,0.008281223593037013,snv,vaf_bin+lc,NS_T_1,strict,native,union,5-10%,True
,19139,5,2516,0.13145932389362036,0.1267460148729964,0.13632054552523873,0.3410836511834474,0.430962955222321,19139,0.8685406761063796,0.6113172057056272,0.4302386975166124,0.252886635569941,0.4999738753330895,0.19812947384920843,0.7909504153822039,0.31119703223783896,0.3545639793092638,snv,vaf_bin+lc,NS_T_1,strict,native,union,10-20%,False
,19978,5,138,0.0069075983581940135,0.005850100075193354,0.008154688192064276,0.027780558614475922,0.22454700170187208,19978,0.993092401641806,0.9303233556912603,0.08079494137152288,-0.17012702628563964,0.17914706176794473,0.13399739713685055,0.7165381920112124,0.045449994994493946,0.04760236259885874,snv,vaf_bin+lc,NS_T_1,strict,native,union,10-20%,True
,111733,5,67397,0.6031969069120134,0.6003247768126196,0.6060619412914432,0.8308557006434983,0.8144863200665873,111733,0.39680309308798656,0.09846688086778302,0.7892045711411082,0.3657816890916477,0.6624900432280526,0.7977947428244118,0.9340570825091961,0.794268479321239,0.8838212524500372,snv,vaf_bin+lc,NS_T_1,strict,native,union,>=20%,False
,25794,5,4310,0.16709312243157323,0.16259009254096718,0.17169529612561313,0.3048771032022951,0.4213305419865085,25794,0.8329068775684267,0.5990540435760254,0.43492786571831205,0.2481789957188383,0.2237342017523455,0.39202915406683725,0.8274404900364426,0.2929751104908118,0.3704737535861053,snv,vaf_bin+lc,NS_T_1,strict,native,union,>=20%,True
all,52480,3,7551,0.14388338414634147,0.14090667002857196,0.14691222887334768,0.3165205792682927,0.4868013211382114,52480,0.8561166158536585,0.6834794207317073,0.28903611978737526,-0.1422847885897837,0.22389481707317074,,0.9161966463414634,,0.3203125,indel,all,NS_T_1,strict,native,union,,
,16220,3,13,0.0008014796547472256,0.00046846718086907707,0.0013708912039152928,0.01966707768187423,0.3401561857788738,16220,0.9991985203452528,0.9803329223181257,0.009996821672905892,-0.48392176494953026,0.09648581997533909,,0.9226263871763255,,0.0013563501849568433,indel,vaf_bin,NS_T_1,strict,native,union,<5%,
,7642,3,183,0.023946610834859983,0.020750611511433113,0.027620972023564616,0.065166186862078,0.36303759923231266,7642,0.9760533891651401,0.934833813137922,0.0950963907613715,-0.40697673222719205,0.11986390997121173,,0.9269824653232138,,0.04226642240251243,indel,vaf_bin,NS_T_1,strict,native,union,5-10%,
,6634,3,545,0.08215254748266505,0.0757840639642293,0.08900466526447846,0.189779921615918,0.4239774896995277,6634,0.9178474525173349,0.810220078384082,0.2019512241074748,-0.25275745981484454,0.2007838408200181,,0.8697618329816099,,0.20138679529695508,indel,vaf_bin,NS_T_1,strict,native,union,10-20%,
,21984,3,6810,0.3097707423580786,0.30369202275619656,0.31591593122763206,0.6611626637554585,0.6569778020378457,21984,0.6902292576419214,0.3388373362445415,0.4780072457861251,-0.020937575687123088,0.3610352983988355,,0.9217157933042213,,0.6881823144104804,indel,vaf_bin,NS_T_1,strict,native,union,>=20%,
,8979,3,3513,0.3912462412295356,0.3812004119402053,0.40138508631744757,0.6331440026729035,0.6747967479674797,8979,0.6087537587704644,0.36685599732709656,0.5452678604226636,0.0753177091929361,0.49181423321082524,,0.9354048335003898,,0.5971711771912239,indel,lc,NS_T_1,strict,native,union,,False
,43501,3,4038,0.09282545228845314,0.09013433737100376,0.09558847388136296,0.2511666398473598,0.447997364045271,43501,0.9071745477115468,0.7488333601526401,0.22079180299038006,-0.22279313506077447,0.1685938254293005,,0.9122319027148801,,0.2631663639916324,indel,lc,NS_T_1,strict,native,union,,True
,1543,3,10,0.0064808813998703824,0.003524083570209114,0.011888910880347416,0.14128321451717435,0.38258803197234825,1543,0.9935191186001296,0.8587167854828257,0.057346640273969414,-0.4020017314963613,0.3272845106934543,,0.8107582631237849,,0.009721322099805573,indel,vaf_bin+lc,NS_T_1,strict,native,union,<5%,False
,14677,3,3,0.00020440144443687402,6.951731665375796e-05,0.0006008433604436082,0.006881515296041425,0.3356953055801594,14677,0.9997955985555631,0.9931184847039586,0.0033129854031804912,-0.49443619060505606,0.07222184370102883,,0.9343871363357634,,0.00047693670368603936,indel,vaf_bin+lc,NS_T_1,strict,native,union,<5%,True
,1122,3,151,0.13458110516934046,0.11585405951744639,0.15580182633086792,0.2540106951871658,0.46286393345216875,1122,0.8654188948306596,0.7459893048128342,0.2908688290372912,-0.1602924386835861,0.26559714795008915,,0.9616755793226381,,0.16131907308377896,indel,vaf_bin+lc,NS_T_1,strict,native,union,5-10%,False
,6520,3,32,0.0049079754601227,0.003478808892734631,0.006920195934240078,0.03266871165644172,0.3458588957055215,6520,0.9950920245398773,0.9673312883435583,0.03419754864651326,-0.4661270295959916,0.09478527607361963,,0.9210122699386503,,0.021779141104294478,indel,vaf_bin+lc,NS_T_1,strict,native,union,5-10%,True
,809,3,368,0.45488257107540175,0.4208625331261391,0.4893290556420917,0.5908529048207664,0.6819118252987226,809,0.5451174289245982,0.40914709517923364,0.6000180936372012,0.1622912198863546,0.5550061804697157,,0.9196538936959209,,0.5710754017305315,indel,vaf_bin+lc,NS_T_1,strict,native,union,10-20%,False
,5825,3,177,0.030386266094420602,0.02627839376425975,0.0351131299799962,0.1340772532188841,0.3881545064377683,5825,0.9696137339055794,0.8659227467811159,0.11569615715288885,-0.3609153272035965,0.151587982832618,,0.8628326180257511,,0.15004291845493561,indel,vaf_bin+lc,NS_T_1,strict,native,union,10-20%,True
,5505,3,2984,0.5420526793823797,0.5288666376905471,0.5551800722140645,0.8544959128065395,0.7988495307296398,5505,0.45794732061762033,0.1455040871934605,0.6783096324711367,0.050033625278725596,0.5747502270663034,,0.9673024523160763,,0.8544959128065395,indel,vaf_bin+lc,NS_T_1,strict,native,union,>=20%,False
,16479,3,3826,0.23217428242004975,0.2257906940182022,0.23868270869864042,0.5965774622246496,0.6095839148815664,16479,0.7678257175799502,0.4034225377753504,0.4033267694592544,-0.07542517441990768,0.2896413617331149,,0.9064870441167546,,0.6326233387948298,indel,vaf_bin+lc,NS_T_1,strict,native,union,>=20%,True
all,437682,5,60542,0.13832417143039924,0.13730454763309938,0.1393501439037141,0.2805964147486074,0.38473412203380536,437682,0.8616758285696008,0.6788604511951599,0.3805158777886147,0.21386885403056025,0.2617676760753241,0.6191527181835214,0.5503104994036766,0.18250464949438178,0.309935067012123,snv,all,NS_380X,strict,native,union,,
,162360,5,0,0.0,0.0,2.3659570912951143e-05,0.005346144370534615,0.21144493717664448,162360,1.0,0.9483247105198325,0.03387900634079442,-0.23037156714449963,0.2100948509485095,0.3564979058881498,0.431029810298103,0.008813747228381375,0.05078837152007884,snv,vaf_bin,NS_380X,strict,native,union,<5%,
,44883,5,1,2.228015061381815e-05,3.9330044977542515e-06,0.0001262044395915808,0.10750172671167257,0.26439854733418,44883,0.9999777198493862,0.8696611189091639,0.20231699812856094,-0.05205609496448538,0.20395249871889135,0.20090011808479824,0.7074839025911815,0.10649911993405076,0.10315709734197803,snv,vaf_bin,NS_380X,strict,native,union,5-10%,
,30512,5,2024,0.06633455689564761,0.0635963862342907,0.06918191071316235,0.2380374934452019,0.35969454640797066,30512,0.9336654431043524,0.7128670686942842,0.4009530426596239,0.15441837816523113,0.23430125852123754,0.5825249082328264,0.5012454116413214,0.22358416360776087,0.2568169900367069,snv,vaf_bin,NS_380X,strict,native,union,10-20%,
,199927,5,58517,0.2926918325188694,0.2907013861822726,0.2946902452680793,0.5494805604045476,0.5562980487878075,199927,0.7073081674811306,0.412005381964417,0.5675612051899239,0.3310034532572495,0.3209021292771862,0.9319401581577276,0.6193810740920436,0.3343520384940503,0.57491484391803,snv,vaf_bin,NS_380X,strict,native,union,>=20%,
,279044,5,57046,0.20443370937916602,0.20294145712279563,0.20593409934932963,0.40395421510586144,0.46470879144507676,279044,0.795566290620834,0.5521494818021531,0.4789614351785653,0.2877807770444562,0.3442754547669902,0.7659508894654606,0.5115250641475896,0.2625858287581887,0.4392067200871547,snv,lc,NS_380X,strict,native,union,,False
,158638,5,3496,0.022037595027673065,0.021326668267426536,0.02277166918560052,0.0636102321007577,0.2440588005395933,158638,0.9779624049723269,0.9017448530616876,0.13753690408399644,-0.09368749558819317,0.11663661922111979,0.3609349588371008,0.618534020852507,0.04164197733203898,0.08254642645519988,snv,lc,NS_380X,strict,native,union,,True
,83407,5,0,0.0,0.0,4.6054670514151624e-05,0.009483616483029002,0.21998153632189146,83407,1.0,0.9099236275132783,0.04363133808009538,-0.21786399008827767,0.29101873943434003,0.534679343460381,0.17223974006977832,0.012145263586989101,0.08982459505796876,snv,vaf_bin+lc,NS_380X,strict,native,union,<5%,False
,78953,5,0,0.0,0.0,4.86526404769827e-05,0.0009752637645181311,0.2024267602244373,78953,1.0,0.9888921256950337,0.008841614072104582,-0.2456210166896168,0.12460577812116069,0.1682646637873165,0.7044190847719529,0.00529428900738414,0.009549985434372348,snv,vaf_bin+lc,NS_380X,strict,native,union,<5%,True
,18951,5,0,0.0,0.0,0.0002026637273141892,0.2363463669463353,0.33782913830404726,18951,1.0,0.7356867711466414,0.28528044185287643,0.07205120355737357,0.33043111181468,0.1516014986016569,0.759696058255501,0.22632051079098728,0.2210965120574112,snv,vaf_bin+lc,NS_380X,strict,native,union,5-10%,False
,25932,5,1,3.856239395341663e-05,6.8072418632317175e-06,0.0002184200302100044,0.013342588307882153,0.2107357704766312,25932,0.9999614376060466,0.9675690266851766,0.05697756935115955,-0.21717868441257915,0.11152244331328089,0.23692734844979177,0.6693274718494524,0.018934135431127565,0.016967453339503315,snv,vaf_bin+lc,NS_380X,strict,native,union,5-10%,True
,13358,5,1913,0.1432100613864351,0.1373724014670381,0.14925287175025936,0.4939362179967061,0.5239407096870788,13358,0.8567899386135649,0.46009881718820184,0.5435785224767258,0.27400557364566736,0.45852672555771823,0.5202126066776463,0.6726306333283426,0.45762838748315615,0.5107051953885312,snv,vaf_bin+lc,NS_380X,strict,native,union,10-20%,False
,17154,5,111,0.006470793983910458,0.0053764758380888044,0.007786104044859761,0.03876646846216626,0.231794333683106,17154,0.9935292060160895,0.909700361431736,0.12169757018563229,-0.15346360702758377,0.059694531887606386,0.6310481520345109,0.36778593913955926,0.041331467879211846,0.059111577474641484,snv,vaf_bin+lc,NS_380X,strict,native,union,10-20%,True
,163328,5,55133,0.3375600019592476,0.3352705163310339,0.339857128553947,0.6174875097962382,0.5995616183385579,163328,0.6624399980407524,0.3556769200626959,0.6090153972908454,0.34575282774318683,0.3637343260188088,0.9754359326018809,0.64281690830721,0.378734815830721,0.6370861089341693,snv,vaf_bin+lc,NS_380X,strict,native,union,>=20%,False
,36599,5,3384,0.09246154266510014,0.08953641634746656,0.09547221109582144,0.24599032760457937,0.36322850351102487,36599,0.9075384573348999,0.6633787808410065,0.3202503998161444,0.13070267703196226,0.1297576436514659,0.7378343670592092,0.5147954862154703,0.13628787671794312,0.29746714391103585,snv,vaf_bin+lc,NS_380X,strict,native,union,>=20%,True
all,56214,3,7057,0.1255381221759704,0.12282473385801734,0.12830268570258513,0.29229373465684705,0.4726106189442725,56214,0.8744618778240296,0.707706265343153,0.2479013550455532,-0.16945837913418876,0.3096381684277938,,0.8027003949194151,,0.30549329348560855,indel,all,NS_380X,strict,native,union,,
,23538,3,170,0.0072223638371994225,0.006218121663400703,0.008387424781304584,0.028592063896677712,0.3452714759112924,23538,0.9927776361628006,0.9714079361033223,0.027095701318362864,-0.4638910903705153,0.20592233834650353,,0.8028294672444558,,0.027062622142917835,indel,vaf_bin,NS_380X,strict,native,union,<5%,
,6273,3,325,0.05180934162282799,0.046593639418697895,0.05757363374093664,0.11892236569424518,0.39024390243902435,6273,0.948190658377172,0.8810776343057548,0.13710052867048708,-0.32825708061002196,0.18284712258887295,,0.8432966682608003,,0.14458791646739996,indel,vaf_bin,NS_380X,strict,native,union,5-10%,
,4953,3,600,0.12113870381586916,0.11234419587025105,0.13052043250684975,0.2875025237229962,0.46954707584628846,4953,0.8788612961841308,0.7124974762770039,0.2373578150235397,-0.1761781206143053,0.34766807995154453,,0.7272360185746013,,0.33373712901271957,indel,vaf_bin,NS_380X,strict,native,union,10-20%,
,21450,3,5962,0.27794871794871795,0.27199372234518776,0.2839832331905114,0.6334731934731934,0.6371406371406371,21450,0.7220512820512821,0.3665268065268065,0.4487802826942737,-0.041053742100590526,0.45174825174825173,,0.8081118881118882,,0.6515617715617715,indel,vaf_bin,NS_380X,strict,native,union,>=20%,
,9774,3,3052,0.3122570083896051,0.3031451200885881,0.32151641533759184,0.6042561898915491,0.6388377327603847,9774,0.6877429916103949,0.395743810108451,0.47190299045043343,0.006399072287866361,0.449048496009822,,0.8314917127071824,,0.6359729895641498,indel,lc,NS_380X,strict,native,union,,False
,46440,3,4005,0.08624031007751938,0.0837212779260543,0.0888277879372022,0.2266365202411714,0.4376256101062303,46440,0.9137596899224806,0.7733634797588286,0.1918842004945698,-0.23760620029372012,0.280297157622739,,0.796640826873385,,0.23593884582256675,indel,lc,NS_380X,strict,native,union,,True
,2511,3,128,0.050975706889685383,0.0430379485368546,0.060285248203564866,0.12783751493428913,0.39293774060799147,2511,0.9490242931103147,0.8721624850657109,0.10668213709979384,-0.32616968871342383,0.49143767423337315,,0.6125049780963759,,0.07487056949422541,indel,vaf_bin+lc,NS_380X,strict,native,union,<5%,False
,21027,3,42,0.00199743187330575,0.0014781557871850937,0.002698636615186991,0.016740381414371997,0.33957927109589253,21027,0.9980025681266943,0.983259618585628,0.0140118335689432,-0.48336673693195864,0.17182669900603986,,0.8255576163979645,,0.021353497883673373,indel,vaf_bin+lc,NS_380X,strict,native,union,<5%,True
,734,3,226,0.3079019073569482,0.2755784097145566,0.34222566373677,0.4305177111716621,0.5794732061762035,734,0.6920980926430518,0.5694822888283378,0.4582033113985779,0.053284765431931835,0.39373297002724794,,0.885558583106267,,0.4591280653950954,indel,vaf_bin+lc,NS_380X,strict,native,union,5-10%,False
,5539,3,99,0.017873262321718722,0.014703503017332593,0.021711296200763446,0.07763134139736415,0.36516820123969423,5539,0.9821267376782813,0.9223686586026358,0.07203063182183368,-0.41219495323109345,0.15490160678822892,,0.837696335078534,,0.10290666185231992,indel,vaf_bin+lc,NS_380X,strict,native,union,5-10%,True
,656,3,355,0.5411585365853658,0.5028973103832127,0.5789405300224383,0.7347560975609756,0.7586382113821138,656,0.45884146341463417,0.2652439024390244,0.6633862192917319,0.16470828779920307,0.6051829268292683,,0.850609756097561,,0.8201219512195121,indel,vaf_bin+lc,NS_380X,strict,native,union,10-20%,False
,4297,3,245,0.057016523155690016,0.05047105506573021,0.064353326058076,0.2192227135210612,0.4254130788922504,4297,0.9429834768443099,0.7807772864789388,0.15275111760279772,-0.2859268200670076,0.30835466604607864,,0.708401210146614,,0.2594833604840586,indel,vaf_bin+lc,NS_380X,strict,native,union,10-20%,True
,5873,3,2343,0.3989443214711391,0.3864906279176883,0.41153012722478677,0.815085986718883,0.7380101027300073,5873,0.6010556785288609,0.18491401328111698,0.5662039704997605,-0.0362071824246398,0.42039843350927975,,0.9162268006129747,,0.8774050740677678,indel,vaf_bin+lc,NS_380X,strict,native,union,>=20%,False
,15577,3,3619,0.23232971689028697,0.22576417874417765,0.23902724333405112,0.5649996790139308,0.5991097986347392,15577,0.7676702831097131,0.4350003209860692,0.3994013179738303,-0.06542187779357585,0.4635680811452783,,0.7673492970405085,,0.566412017718431,indel,vaf_bin+lc,NS_380X,strict,native,union,>=20%,True
all,114928,5,30505,0.26542704997911737,0.26288207136183567,0.2679877092348803,0.3199568425448977,0.4460392593623834,114928,0.7345729500208826,0.6538528469998608,0.5943087591853107,0.3861999214749085,0.3670123903661423,0.3270830432966727,0.9081946958095504,0.3023719198106641,0.32553424752888765,snv,all,IL_T_1,strict,native,union_hc,,
,9705,5,0,0.0,0.0,0.0003956660366725915,0.0015455950540958269,0.21032457496136012,9705,1.0,0.9499227202472952,0.023405615924328847,-0.23433086758504101,0.22493560020607933,0.031014940752189593,0.7479649665121072,0.0009273570324574962,0.04678001030396703,snv,vaf_bin,IL_T_1,strict,native,union_hc,<5%,
,44748,5,0,0.0,0.0,8.583912293819061e-05,0.05995798694913739,0.23378475015643158,44748,1.0,0.9124430142129257,0.12587362774518868,-0.15343865256429104,0.10789309019397515,0.010369178510771432,0.9655403593456691,0.0239116832037186,0.0612094395280236,snv,vaf_bin,IL_T_1,strict,native,union_hc,5-10%,
,21452,5,3487,0.1625489464851762,0.15767217617840404,0.16754655142139555,0.2852880850270371,0.40570576170054073,21452,0.8374510535148237,0.681661383553981,0.47858123317363316,0.28211287893900233,0.3405743054260675,0.2812325191124371,0.8482192802535894,0.2700913667723289,0.2884113369382808,snv,vaf_bin,IL_T_1,strict,native,union_hc,10-20%,
,39023,5,27018,0.6923609153576096,0.687763123530146,0.6969208385537704,0.7163467698536761,0.7702278143658867,39023,0.30763908464239037,0.268405811957051,0.8567752990569119,0.6406112566720006,0.7140148117776696,0.7890987366424929,0.91525510596315,0.7143992004715168,0.7183712169746047,snv,vaf_bin,IL_T_1,strict,native,union_hc,>=20%,
,69935,5,28809,0.41193965825409307,0.40829681276895313,0.4155921773388951,0.4938013870022163,0.5773589761921785,69935,0.5880603417459069,0.48101808822478015,0.7020582335889738,0.4946918443248866,0.5296203617644956,0.44780152999213557,0.9470079359405162,0.4630013584042325,0.49936369485951243,snv,lc,IL_T_1,strict,native,union_hc,,False
,44993,5,1696,0.03769475251705821,0.03597401572269438,0.039494424921710215,0.049741070833240725,0.24192207676749716,44993,0.9623052474829418,0.9224990554086191,0.23764305379388717,-0.06732977418095779,0.1142622185673327,0.1394439134976552,0.8478652234792079,0.052697086213410974,0.055341942079879095,snv,lc,IL_T_1,strict,native,union_hc,,True
,5592,5,0,0.0,0.0,0.0006864845705445879,0.002682403433476395,0.2167381974248927,5592,1.0,0.9189914163090128,0.03402324022801152,-0.22583344635833436,0.25464949928469244,0.03469241773962804,0.7153075822603719,0.001072961373390558,0.07796852646638054,snv,vaf_bin+lc,IL_T_1,strict,native,union_hc,<5%,False
,4113,5,0,0.0,5.421010862427522e-20,0.000933108272232214,0.0,0.20160466812545588,4113,1.0,0.9919766593727206,0.004092186842521675,-0.24752766045549815,0.18453683442742524,0.026015074155117918,0.7923656698273767,0.0007293946024799417,0.00437636761487965,snv,vaf_bin+lc,IL_T_1,strict,native,union_hc,<5%,True
,24254,5,0,0.0,1.3552527156068805e-20,0.00015835946603968282,0.10493114537808197,0.2563288529727055,24254,1.0,0.860806464913004,0.1562818020820291,-0.102521113887491,0.15164508946977817,0.007297765317061103,0.9757153459223221,0.04127154283829471,0.10571452131607158,snv,vaf_bin+lc,IL_T_1,strict,native,union_hc,5-10%,False
,20494,5,0,0.0,0.0,0.00018740796822004188,0.006733678149702352,0.207104518395628,20494,1.0,0.973553235093198,0.04545440193337892,-0.23261497117495628,0.056113984580852934,0.014004098760612862,0.9534985849516932,0.003366839074851176,0.008539084610129795,snv,vaf_bin+lc,IL_T_1,strict,native,union_hc,5-10%,True
,10996,5,3324,0.3022917424518007,0.2937781851876781,0.31094339045709,0.5240087304474355,0.5721353219352492,10996,0.6977082575481993,0.4503455802109858,0.6261600205835067,0.4034435762926388,0.5516551473263005,0.35940341942524556,0.9417970170971263,0.48572208075663875,0.5220989450709349,snv,vaf_bin+lc,IL_T_1,strict,native,union_hc,10-20%,False
,10456,5,163,0.015589135424636573,0.013386360520991876,0.01814771770755925,0.03423871461361897,0.23068094873756695,10456,0.9844108645753634,0.9249234889058914,0.13542922174120164,-0.1356449560584283,0.11859219586840092,0.19902448355011476,0.7498087222647284,0.04332440703902066,0.042654934965570004,snv,vaf_bin+lc,IL_T_1,strict,native,union_hc,10-20%,True
,29093,5,25485,0.875983913656206,0.8721468020473673,0.8797217480480588,0.9009727425841267,0.9162822672120441,29093,0.12401608634379405,0.09180902622623999,0.94575952838251,0.6611099224076773,0.8892517100333414,0.927852060633142,0.969580311415117,0.8947856872787269,0.8999415666998934,snv,vaf_bin+lc,IL_T_1,strict,native,union_hc,>=20%,False
,9930,5,1533,0.15438066465256797,0.14740790800748246,0.16162072623701182,0.1754279959718026,0.34231621349446123,9930,0.845619335347432,0.7858006042296073,0.4294999074950068,0.2280815071644941,0.20060422960725074,0.3825780463242699,0.7560926485397784,0.18590130916414904,0.18640483383685802,snv,vaf_bin+lc,IL_T_1,strict,native,union_hc,>=20%,True
all,20225,3,1345,0.06650185414091471,0.0631496955453558,0.07001865541060354,0.09666254635352287,0.3877214668314792,20225,0.9334981458590853,0.9033374536464771,0.15474298495163905,-0.3107604378378144,0.22932014833127318,,0.8572064276885043,,0.07663782447466007,indel,all,IL_T_1,strict,native,union_hc,,
,9994,3,26,0.002601560936561937,0.001776054360222914,0.0038092971429685516,0.029917950770462276,0.3441731705690081,9994,0.9973984390634381,0.9700820492295377,0.014680210957021171,-0.472927048305374,0.2555533319991995,,0.7741644986992195,,0.002801681008605163,indel,vaf_bin,IL_T_1,strict,native,union_hc,<5%,
,3959,3,182,0.04597120484970952,0.039876176657752734,0.05294647664368931,0.07350340995200809,0.3731582049339059,3959,0.9540287951502905,0.9264965900479919,0.16111589173263294,-0.3595315405634099,0.1308411214953271,,0.9383682748168729,,0.05026521848951755,indel,vaf_bin,IL_T_1,strict,native,union_hc,5-10%,
,2949,3,378,0.12817904374364192,0.11659575671944378,0.1407297615710505,0.16039335367921329,0.42952413247428506,2949,0.8718209562563581,0.8396066463207867,0.28908689637156465,-0.18599047897135335,0.22312648355374703,,0.9186164801627671,,0.14682943370634113,indel,vaf_bin,IL_T_1,strict,native,union_hc,10-20%,
,3323,3,759,0.22840806500150465,0.21445289933625372,0.2429904377322219,0.2684321396328619,0.4989467348781222,3323,0.7715919349984953,0.7315678603671382,0.4226149767449409,-0.028793811905995437,0.27324706590430337,,0.9557628648811315,,0.2678302738489317,indel,vaf_bin,IL_T_1,strict,native,union_hc,>=20%,
,4732,3,1057,0.22337278106508876,0.21173268840147136,0.23546164384884705,0.29839391377852914,0.5072555649478726,4732,0.7766272189349113,0.7016060862214708,0.3316742402116637,-0.03572105335620233,0.6126373626373627,,0.6718089602704987,,0.23732037193575656,indel,lc,IL_T_1,strict,native,union_hc,,False
,15493,3,288,0.018589040211708513,0.01657845616474787,0.020838294878455992,0.035048086232492094,0.3512123754814002,15493,0.9814109597882915,0.9649519137675079,0.07495053766947178,-0.43567877938175453,0.11224423933389273,,0.9138320531853095,,0.027560833924998387,indel,lc,IL_T_1,strict,native,union_hc,,True
,2386,3,23,0.009639564124056999,0.006431944715056693,0.014423605613076453,0.10268231349538977,0.37077395920648226,2386,0.990360435875943,0.8973176865046102,0.04704367758240058,-0.41499894257938336,0.7095557418273261,,0.3922883487007544,,0.010477787091366304,indel,vaf_bin+lc,IL_T_1,strict,native,union_hc,<5%,False
,7608,3,3,0.0003943217665615142,0.0001341138426288605,0.0011588004769790081,0.007097791798107256,0.3358307045215563,7608,0.9996056782334385,0.9929022082018928,0.003674407985611219,-0.49385438035880364,0.11317034700315458,,0.8939274447949527,,0.0003943217665615142,indel,vaf_bin+lc,IL_T_1,strict,native,union_hc,<5%,True
,681,3,164,0.24082232011747431,0.2102193134858093,0.2743329205336227,0.3465491923641703,0.5291238374938815,681,0.7591776798825257,0.6534508076358296,0.4044681901913238,-0.01568290698725485,0.39941262848751835,,0.9353891336270191,,0.2525697503671072,indel,vaf_bin+lc,IL_T_1,strict,native,union_hc,5-10%,False
,3278,3,18,0.005491153142159854,0.003476290425992,0.008663680173017637,0.016778523489932886,0.3407565588773642,3278,0.9945088468578401,0.9832214765100671,0.03505198630931364,-0.4756975443384675,0.075045759609518,,0.938987187309335,,0.00823672971323978,indel,vaf_bin+lc,IL_T_1,strict,native,union_hc,5-10%,True
,538,3,331,0.6152416356877324,0.5734499673057648,0.6553992615256415,0.6654275092936803,0.7602230483271376,538,0.3847583643122677,0.3345724907063197,0.7280396655402375,0.29641212259055,0.6840148698884758,,0.9423791821561338,,0.654275092936803,indel,vaf_bin+lc,IL_T_1,strict,native,union_hc,10-20%,False
,2411,3,47,0.019493985897967647,0.014691475503020902,0.02582524598331457,0.047698050601410205,0.355730678833126,2411,0.9805060141020323,0.9523019493985898,0.08457397112101438,-0.42606799897916464,0.12028204064703442,,0.9133139776026545,,0.03359601824968893,indel,vaf_bin+lc,IL_T_1,strict,native,union_hc,10-20%,True
,1127,3,539,0.4782608695652174,0.4492203230970789,0.5074491113158582,0.5084294587400178,0.6622301094350783,1127,0.5217391304347826,0.49157054125998223,0.6376425214628547,0.2224965955373184,0.5022182786157942,,0.9751552795031055,,0.5093167701863354,indel,vaf_bin+lc,IL_T_1,strict,native,union_hc,>=20%,False
,2196,3,220,0.10018214936247723,0.0883143519178039,0.1134463054427641,0.145264116575592,0.41514875531268974,2196,0.8998178506375227,0.854735883424408,0.2646519519861807,-0.2353334209531167,0.1557377049180328,,0.9458105646630237,,0.14389799635701275,indel,vaf_bin+lc,IL_T_1,strict,native,union_hc,>=20%,True
all,134901,5,30531,0.22632152467364958,0.22409636180853007,0.22856227370427226,0.2773441264334586,0.41358774212200056,134901,0.7736784753263505,0.6974447928480886,0.5407449545907872,0.34516341352868807,0.36231755138953753,0.3057130784797741,0.8530848548194602,0.26342280635428944,0.2834004195669417,snv,all,NV_T_1,strict,native,union_hc,,
,11660,5,0,0.0,2.710505431213761e-20,0.00032934765396601395,0.001286449399656947,0.2132418524871355,11660,1.0,0.9350771869639795,0.02284647178498671,-0.23080747896796225,0.285934819897084,0.04828473413379074,0.6702401372212693,0.0007718696397941681,0.06097770154373928,snv,vaf_bin,NV_T_1,strict,native,union_hc,<5%,
,56227,5,0,0.0,0.0,6.831586938828447e-05,0.057036654987817244,0.2336599854162591,56227,1.0,0.9171928077258257,0.1248662362158703,-0.147278416591127,0.14544613797641703,0.018798797730627634,0.9158411439344087,0.030963771853380048,0.05725007558646202,snv,vaf_bin,NV_T_1,strict,native,union_hc,5-10%,
,26528,5,3370,0.12703558504221954,0.12308216597107138,0.1310970047166329,0.22821170084439082,0.3653724366706876,26528,0.8729644149577804,0.7441948130277443,0.41363629107332456,0.22979144895287382,0.3452201447527141,0.27009197828709286,0.7578407720144753,0.22274577804583837,0.23096351025331724,snv,vaf_bin,NV_T_1,strict,native,union_hc,10-20%,
,40486,5,27161,0.6708738823296942,0.6662806867460019,0.6754346547198716,0.6950056809761399,0.7527639183915428,40486,0.3291261176703058,0.29318776861137186,0.8447926170155362,0.6378833940396077,0.69670997381811,0.8016598330287013,0.8809958998172208,0.6885590080521662,0.6958948772415156,snv,vaf_bin,NV_T_1,strict,native,union_hc,>=20%,
,61401,5,28833,0.46958518590902426,0.46563968215726526,0.47353449513452417,0.5718636504291461,0.6360091855181512,61401,0.5304148140909757,0.4025015879220208,0.7314680718281753,0.5173986544082975,0.6058370384847153,0.5196495171088419,0.9305874497158027,0.5418804254002377,0.5820914968811582,snv,lc,NV_T_1,strict,native,union_hc,,False
,73500,5,1698,0.02310204081632653,0.02204064594901292,0.024213282979659453,0.031306122448979595,0.22777959183673469,73500,0.9768979591836735,0.9438367346938775,0.1722766551305499,-0.12659304177244238,0.1588843537414966,0.12699319727891156,0.7883401360544218,0.030802721088435375,0.03387755102040816,snv,lc,NV_T_1,strict,native,union_hc,,True
,4761,5,0,0.0,0.0,0.0008062091580366858,0.00315059861373661,0.230035706784289,4761,1.0,0.8529720646922916,0.04292211992780484,-0.21219323531454842,0.3526570048309179,0.06700273051879857,0.5860113421550095,0.0016803192606595252,0.14282713715605966,snv,vaf_bin+lc,NV_T_1,strict,native,union_hc,<5%,False
,6899,5,0,0.0,0.0,0.0005565039909449716,0.0,0.2016524133932454,6899,1.0,0.991737933033773,0.002171076912357458,-0.24745516165991102,0.23988983910711698,0.0353674445571822,0.7283664299173793,0.00014494854326714017,0.004493404841281345,snv,vaf_bin+lc,NV_T_1,strict,native,union_hc,<5%,True
,18140,5,0,0.0,0.0,0.00021172246403346884,0.16758544652701213,0.28997794928335174,18140,1.0,0.8014332965821389,0.21195700657078045,-0.027160874405359883,0.21300992282249173,0.012679162072767364,0.967199558985667,0.09035281146637265,0.16664829106945975,snv,vaf_bin+lc,NV_T_1,strict,native,union_hc,5-10%,False
,38087,5,0,0.0,0.0,0.00010084993330606927,0.0043846981909838,0.2068369784965999,38087,1.0,0.9723265156090004,0.04730526959477978,-0.23467209599098166,0.11326699398744978,0.021713445532596423,0.8913802609814372,0.0026780791346128602,0.005146112846903143,snv,vaf_bin+lc,NV_T_1,strict,native,union_hc,5-10%,True
,9242,5,3220,0.3484094351871889,0.3387602463301251,0.3581845896288732,0.6178316381735555,0.6375892663925558,9242,0.6515905648128111,0.36647911707422637,0.6694889975387432,0.4164009425693295,0.6269205799610474,0.40813676693356415,0.9440597273317464,0.5913222246267041,0.6175070331097166,snv,vaf_bin+lc,NV_T_1,strict,native,union_hc,10-20%,False
,17286,5,150,0.008677542519958347,0.007399922862310043,0.0101734863296918,0.01990049751243781,0.21983107717227815,17286,0.9913224574800417,0.9461413860927919,0.0942089947356919,-0.1776801751523996,0.19460835358093254,0.19628601180145783,0.6582783755640402,0.02568552585907671,0.024297119055883373,snv,vaf_bin+lc,NV_T_1,strict,native,union_hc,10-20%,True
,29258,5,25613,0.8754186889055985,0.8715852534122738,0.8791535553846676,0.9005400232415066,0.9161118326611526,29258,0.12458131109440153,0.09323945587531615,0.9459972932209728,0.6641768465717983,0.8839291817622531,0.9428532367215804,0.9597033290040331,0.8941144302413015,0.8999589855765945,snv,vaf_bin+lc,NV_T_1,strict,native,union_hc,>=20%,False
,11228,5,1548,0.13786961168507303,0.1316163355181525,0.14437059593789098,0.1594228713929462,0.32711079444246527,11228,0.8621303883149269,0.814214463840399,0.3964323567344682,0.20150117267168466,0.20885286783042395,0.4337370858567866,0.6758995368721055,0.15292126825792662,0.16414321339508373,snv,vaf_bin+lc,NV_T_1,strict,native,union_hc,>=20%,True
all,23816,3,1429,0.06000167954316426,0.057055855681967145,0.0630894216813685,0.08343130668458179,0.38114432874258203,23816,0.9399983204568357,0.9165686933154182,0.12183005331007683,-0.32839424562935077,0.2977410144440712,,0.7782163251595566,,0.06747564662411824,indel,all,NV_T_1,strict,native,union_hc,,
,12762,3,47,0.0036828083372512145,0.002770818047772898,0.004893499195732388,0.020686412787964268,0.3414564070417385,12762,0.9963171916627488,0.9793135872120358,0.01250022946758996,-0.4769186495868178,0.3528443817583451,,0.6673718852844381,,0.00415295408243222,indel,vaf_bin,NV_T_1,strict,native,union_hc,<5%,
,5806,3,210,0.036169479848432655,0.03166531549695933,0.04128701234620479,0.05563210471925594,0.36393386152256285,5806,0.9638305201515673,0.944367895280744,0.11817070155595137,-0.3878888216951721,0.14330003444712366,,0.9085428866689631,,0.03995866345160179,indel,vaf_bin,NV_T_1,strict,native,union_hc,5-10%,
,2701,3,401,0.14846353202517587,0.13555398848391434,0.16237159092214795,0.1843761569788967,0.44427989633469084,2701,0.8515364679748242,0.8156238430211032,0.28473358941740723,-0.14965948626841377,0.2913735653461681,,0.8737504627915587,,0.1677156608663458,indel,vaf_bin,NV_T_1,strict,native,union_hc,10-20%,
,2547,3,771,0.3027090694935218,0.28517474286008276,0.32083761963906215,0.3541421279937181,0.5522837324957467,2547,0.6972909305064782,0.6458578720062819,0.47781059275188603,0.060000471024381,0.38044758539458184,,0.9352179034157833,,0.34118570867687475,indel,vaf_bin,NV_T_1,strict,native,union_hc,>=20%,
,4654,3,1160,0.24924795874516545,0.23703023118442623,0.2618792914701,0.31048560378169315,0.5199111875089529,4654,0.7507520412548345,0.6895143962183068,0.36056570701286245,-0.0025926547129003254,0.6095831542758917,,0.6850021486892995,,0.2651482595616674,indel,lc,NV_T_1,strict,native,union_hc,,False
,19162,3,269,0.014038200605364785,0.012467160670727763,0.015804045682767484,0.028285147688132763,0.3474411160978325,19162,0.9859617993946352,0.9717148523118673,0.03793264013968934,-0.4495657400225889,0.22200187871829663,,0.8008558605573531,,0.019465609017847822,indel,lc,NV_T_1,strict,native,union_hc,,True
,2226,3,43,0.01931716082659479,0.014372776779555937,0.025917737357807426,0.09029649595687332,0.36987121892782265,2226,0.9806828391734053,0.9097035040431267,0.05622948154353433,-0.4025794322747494,0.7102425876010782,,0.37915543575920935,,0.02021563342318059,indel,vaf_bin+lc,NV_T_1,strict,native,union_hc,<5%,False
,10536,3,4,0.00037965072133637056,0.0001476483436178996,0.0009758466223129324,0.005979498861047836,0.33545304986079477,10536,0.9996203492786636,0.9940205011389521,0.0029529119300672163,-0.49470820946576305,0.27733485193621865,,0.7282649962034928,,0.0007593014426727411,indel,vaf_bin+lc,NV_T_1,strict,native,union_hc,<5%,True
,878,3,195,0.22209567198177677,0.19584577458577399,0.25076677110626794,0.285876993166287,0.5026575550493546,878,0.7779043280182233,0.714123006833713,0.4104625761393246,-0.03723507299185923,0.3109339407744875,,0.9624145785876993,,0.23462414578587698,indel,vaf_bin+lc,NV_T_1,strict,native,union_hc,5-10%,False
,4928,3,15,0.003043831168831169,0.0018455170982277318,0.005016313133595317,0.01461038961038961,0.3392180735930736,4928,0.9969561688311688,0.9853896103896104,0.016969603749217712,-0.4825784086985639,0.11343344155844155,,0.8989448051948052,,0.005275974025974026,indel,vaf_bin+lc,NV_T_1,strict,native,union_hc,5-10%,True
,512,3,344,0.671875,0.6300562921389914,0.7111338099562676,0.73046875,0.80078125,512,0.328125,0.26953125,0.7705917640267438,0.3143950263032042,0.736328125,,0.953125,,0.712890625,indel,vaf_bin+lc,NV_T_1,strict,native,union_hc,10-20%,False
,2189,3,57,0.02603928734582001,0.020152611801255334,0.03358654856835435,0.05664687071722248,0.3608953860210142,2189,0.9739607126541799,0.9433531292827775,0.0776088455908897,-0.4075599508992258,0.18730013704888077,,0.8551850159890361,,0.04020100502512563,indel,vaf_bin+lc,NV_T_1,strict,native,union_hc,10-20%,True
,1038,3,578,0.5568400770712909,0.5264655038093473,0.5867954909427422,0.5963391136801541,0.7177263969171483,1038,0.44315992292870904,0.40366088631984587,0.6950857132639675,0.2708614884211009,0.5838150289017341,,0.9739884393063584,,0.5953757225433526,indel,vaf_bin+lc,NV_T_1,strict,native,union_hc,>=20%,False
,1509,3,193,0.12789927104042412,0.1119882152870413,0.14570002861168638,0.18754141815772035,0.43848022973271483,1509,0.8721007289595759,0.8124585818422797,0.2752164418254847,-0.1806748885722383,0.24055666003976142,,0.9085487077534792,,0.1663353214049039,indel,vaf_bin+lc,NV_T_1,strict,native,union_hc,>=20%,True
all,73597,5,29631,0.4026115194912836,0.39907354118413524,0.40615966381909324,0.4820033425275487,0.567873690503689,73597,0.5973884805087164,0.4919494001114176,0.6898116145529993,0.4881175337756112,0.5052243977336033,0.4680353818769787,0.9299020340503009,0.44685245322499556,0.48935418563256655,snv,all,FD_T_1,strict,native,union_hc,,
,3229,5,0,0.0,1.0842021724855044e-19,0.0011882608131657184,0.002787240631774543,0.20817590585320533,3229,1.0,0.9619077113657479,0.03222492839678392,-0.23641615253595435,0.11768349334159182,0.04583462372251471,0.841746670795912,0.0021678538247135335,0.03344688758129452,snv,vaf_bin,FD_T_1,strict,native,union_hc,<5%,
,15191,5,0,0.0,0.0,0.00025281335320969316,0.1134882496214864,0.2576130603646896,15191,1.0,0.8453689684681719,0.12549510288057542,-0.11618350620000098,0.1674017510367981,0.007701928773615957,0.9754459877559081,0.02218418800605622,0.11533144625106971,snv,vaf_bin,FD_T_1,strict,native,union_hc,5-10%,
,17434,5,2694,0.15452563955489274,0.1492364220228051,0.15996706922084905,0.33440403808649766,0.4286337042560514,17434,0.8454743604451073,0.6297464724102328,0.4795319860583649,0.2743294362170184,0.37358036021567054,0.2409659286451761,0.9023746701846965,0.2851898588964093,0.3410577033383045,snv,vaf_bin,FD_T_1,strict,native,union_hc,10-20%,
,37743,5,26937,0.713695254749225,0.7091133123534697,0.718233702034419,0.7395013644914289,0.7878388045465384,37743,0.286304745250775,0.24584691201017408,0.8682077858793305,0.6440786996012857,0.7351561879023925,0.794319476459211,0.9318284185146914,0.7304930715629389,0.7473968682934584,snv,vaf_bin,FD_T_1,strict,native,union_hc,>=20%,
,49878,5,27967,0.5607081278319098,0.556348112144469,0.5650587931118144,0.6674886723605598,0.7081719395324593,49878,0.4392918721680901,0.30777096114519426,0.7826609728319539,0.5401342833528424,0.6909659569349212,0.5954128072496893,0.9652151249047677,0.6170255423232688,0.6722402662496492,snv,lc,FD_T_1,strict,native,union_hc,,False
,23719,5,1664,0.0701547282769088,0.0669734745098841,0.07347519242591584,0.09195159998313589,0.2728445549981028,23719,0.9298452717230912,0.8792529196003204,0.33923135154499523,0.04281028612617302,0.11463383785151145,0.2001770732324297,0.8556431552763607,0.08900037944264091,0.10476832918757115,snv,lc,FD_T_1,strict,native,union_hc,,True
,1839,5,0,0.0,0.0,0.002084530279209381,0.004893964110929853,0.2137030995106036,1839,1.0,0.9363784665579119,0.038608357710190125,-0.22809698774191553,0.17183251767264818,0.051658510059815116,0.7852093529091898,0.0032626427406199023,0.05655247417074497,snv,vaf_bin+lc,FD_T_1,strict,native,union_hc,<5%,False
,1390,5,0,0.0,2.168404344971009e-19,0.002756022786080936,0.0,0.20086330935251798,1390,1.0,0.99568345323741,0.0082115867684622,-0.2486612297288522,0.0460431654676259,0.038129496402877695,0.9165467625899281,0.0007194244604316547,0.0028776978417266188,snv,vaf_bin+lc,FD_T_1,strict,native,union_hc,<5%,True
,9128,5,0,0.0,0.0,0.0004206663943977647,0.17977651183172655,0.2899211218229623,9128,1.0,0.7617221735319895,0.14634342998554611,-0.07191925046049802,0.2505477651183173,0.003834355828220859,0.9785276073619632,0.034399649430324274,0.18229623137598597,snv,vaf_bin+lc,FD_T_1,strict,native,union_hc,5-10%,False
,6063,5,0,0.0,0.0,0.0006331892545352337,0.013689592610918688,0.20897245587992744,6063,1.0,0.971301335972291,0.059870290742850364,-0.22576421880111966,0.04222332178789378,0.013524657760184727,0.9708065314200891,0.003793501566881082,0.014514266864588487,snv,vaf_bin+lc,FD_T_1,strict,native,union_hc,5-10%,True
,10403,5,2556,0.24569835624339134,0.23752061249205594,0.25406383981883973,0.5259059886571181,0.5564933192348361,10403,0.7543016437566087,0.4387196001153513,0.5739567641697088,0.34349837871890754,0.5682976064596751,0.29097375756993177,0.95001441891762,0.4460251850427761,0.5271556281841776,snv,vaf_bin+lc,FD_T_1,strict,native,union_hc,10-20%,False
,7031,5,138,0.01962736452851657,0.01663757029717276,0.023141785138025093,0.05105959322998151,0.23945384724790214,7031,0.9803726354714835,0.9123879960176362,0.1958921796815346,-0.10335735754964809,0.08547859479448158,0.16697482577158299,0.8318873559948798,0.047219456691793484,0.06570900298677286,snv,vaf_bin+lc,FD_T_1,strict,native,union_hc,10-20%,True
,28508,5,25411,0.8913638276974885,0.8876986932438445,0.894923503650307,0.9180580889574856,0.9293391328749825,28508,0.10863617230251157,0.07408446751788972,0.9520056018040428,0.6469665846794456,0.9102357233057388,0.9310018240493897,0.9781114073242598,0.9055703662129928,0.9217763434825312,snv,vaf_bin+lc,FD_T_1,strict,native,union_hc,>=20%,False
,9235,5,1526,0.1652409312398484,0.1578056554302275,0.17295458896201277,0.18830536004331347,0.35103410936654034,9235,0.8347590687601516,0.7760693015701137,0.4581326604736799,0.24684536257714534,0.19469409853817002,0.3723876556578235,0.7889550622631294,0.19003789929615592,0.20909583107742286,snv,vaf_bin+lc,FD_T_1,strict,native,union_hc,>=20%,True
all,15949,3,1356,0.08502100445168977,0.08079167380248185,0.08945018974459444,0.12345601605116308,0.40282567350095094,15949,0.9149789955483102,0.8765439839488369,0.25058689654574867,-0.26786087287145877,0.15154555144523169,,0.9552323029657032,,0.101699166091918,indel,all,FD_T_1,strict,native,union_hc,,
,5799,3,5,0.000862217623728229,0.00036834229466918024,0.0020169475532301126,0.031039834454216243,0.34396735069264817,5799,0.9991377823762718,0.9689601655457838,0.01503501564170995,-0.4759153589747315,0.0775995861355406,,0.95326780479393,,0.0010346611484738748,indel,vaf_bin,FD_T_1,strict,native,union_hc,<5%,
,3208,3,106,0.033042394014962596,0.02739397487986402,0.03980780378449931,0.06951371571072319,0.36751870324189523,3208,0.9669576059850374,0.9304862842892768,0.13589044334968478,-0.38662506463739704,0.10816708229426433,,0.9594763092269327,,0.034912718204488775,indel,vaf_bin,FD_T_1,strict,native,union_hc,5-10%,
,3193,3,362,0.11337300344503602,0.10283739209689219,0.12483778923324262,0.1506420294393987,0.42133834429481154,3193,0.886626996554964,0.8493579705606014,0.29043997066447125,-0.21217132582868206,0.17726276229251486,,0.9473849044785468,,0.139367366113373,indel,vaf_bin,FD_T_1,strict,native,union_hc,10-20%,
,3749,3,883,0.2355294745265404,0.22222151757392367,0.24937886262888276,0.2894105094691918,0.5083133279985774,3749,0.7644705254734596,0.7105894905308082,0.43398961998827806,-0.01957589132503855,0.281141637770072,,0.9613230194718592,,0.282475326753801,indel,vaf_bin,FD_T_1,strict,native,union_hc,>=20%,
,2701,3,1025,0.3794890781192151,0.36137204665130024,0.39794841263956166,0.49907441688263604,0.6261878316672838,2701,0.6205109218807849,0.5009255831173639,0.5304178359235633,0.11637068188434127,0.5446131062569419,,0.9289152165864495,,0.40503517215845986,indel,lc,FD_T_1,strict,native,union_hc,,False
,13248,3,331,0.024984903381642512,0.02246165111613824,0.027783551476252905,0.046875,0.3572866344605475,13248,0.9750150966183575,0.953125,0.1339930975350601,-0.4153243671235052,0.07140700483091787,,0.9605978260869565,,0.03985507246376811,indel,lc,FD_T_1,strict,native,union_hc,,True
,691,3,5,0.00723589001447178,0.0030945848018008705,0.01682572744350796,0.20839363241678727,0.40520984081041966,691,0.9927641099855282,0.7916063675832128,0.07900212563670632,-0.3730332522303326,0.36034732272069464,,0.8480463096960926,,0.00723589001447178,indel,vaf_bin+lc,FD_T_1,strict,native,union_hc,<5%,False
,5108,3,0,0.0,5.421010862427522e-20,0.000751482386854062,0.007047768206734534,0.3356825894022448,5108,1.0,0.9929522317932654,0.003942373748589342,-0.494769728097969,0.03935003915426782,,0.9675019577133908,,0.00019577133907595928,indel,vaf_bin+lc,FD_T_1,strict,native,union_hc,<5%,True
,517,3,95,0.18375241779497098,0.15274316821741518,0.21942662652126815,0.3655705996131528,0.5164410058027079,517,0.816247582205029,0.6344294003868471,0.3395971027547522,-0.08950811485642958,0.390715667311412,,0.9690522243713733,,0.1895551257253385,indel,vaf_bin+lc,FD_T_1,strict,native,union_hc,5-10%,False
,2691,3,11,0.004087699739873653,0.0022840640042357486,0.00730516757601564,0.0126347082868822,0.33890746934225197,2691,0.9959123002601263,0.9873652917131178,0.0327317342939256,-0.4816869323392801,0.05388331475287997,,0.9576365663322185,,0.005202526941657376,indel,vaf_bin+lc,FD_T_1,strict,native,union_hc,5-10%,True
,534,3,298,0.5580524344569289,0.5156652851711104,0.5996103206476474,0.6404494382022472,0.7328339575530586,534,0.4419475655430712,0.3595505617977528,0.6827924860362987,0.2475759843334551,0.6647940074906367,,0.9325842696629213,,0.601123595505618,indel,vaf_bin+lc,FD_T_1,strict,native,union_hc,10-20%,False
,2659,3,64,0.024069198946972545,0.0188941912572593,0.03061737781643366,0.052275291462956,0.35878149680330956,2659,0.9759308010530274,0.947724708537044,0.11781540713091458,-0.41403997368696077,0.07935314027830011,,0.9503572771718691,,0.046634072959759305,indel,vaf_bin+lc,FD_T_1,strict,native,union_hc,10-20%,True
,959,3,627,0.6538060479666319,0.6231354200547954,0.6832493926238374,0.7017726798748697,0.7851929092805006,959,0.3461939520333681,0.29822732012513037,0.7616046387664285,0.3158154867047454,0.6934306569343066,,0.9635036496350365,,0.6986444212721585,indel,vaf_bin+lc,FD_T_1,strict,native,union_hc,>=20%,False
,2790,3,256,0.09175627240143369,0.08159839172973084,0.10303680193599545,0.14767025089605734,0.413142174432497,2790,0.9082437275985663,0.8523297491039427,0.266511943604768,-0.24867300109456808,0.13942652329749103,,0.9605734767025089,,0.13942652329749103,indel,vaf_bin+lc,FD_T_1,strict,native,union_hc,>=20%,True
all,96079,5,27249,0.283610362306019,0.2807688955378504,0.2864691318905866,0.37485818961479617,0.48142882419675476,96079,0.716389637693981,0.5956660664661373,0.575443848369793,0.4020664889068142,0.5016496841141145,0.36359662361181944,0.8087823561860552,0.3478387576889851,0.38527669938279957,snv,all,NS_T_1,strict,native,union_hc,,
,5511,5,0,0.0,0.0,0.0006965674080348978,0.0007258210851025222,0.2072219197967701,5511,1.0,0.9646162221012521,0.013280686323976193,-0.23896484104896026,0.32553075666848125,0.03792415169660679,0.6396298312465977,0.001270186898929414,0.031754672473235344,snv,vaf_bin,NS_T_1,strict,native,union_hc,<5%,
,29298,5,0,0.0,0.0,0.0001310995701786427,0.07761621953716977,0.24334084237831935,29298,1.0,0.8831319543996177,0.0844958819248999,-0.1376162112116202,0.3042869820465561,0.010103078708444263,0.7971533893098505,0.024097208000546114,0.08106355382619974,snv,vaf_bin,NS_T_1,strict,native,union_hc,5-10%,
,23395,5,2412,0.10309895276768541,0.09926728707363791,0.10706093936086947,0.254199615302415,0.3737465270356914,23395,0.8969010472323146,0.7140414618508228,0.37149744747370717,0.20777380849047783,0.4960034195340885,0.1854242359478521,0.6832229108783928,0.23744389826886086,0.26663817054926264,snv,vaf_bin,NS_T_1,strict,native,union_hc,10-20%,
,37875,5,24837,0.6557623762376238,0.6509618817118575,0.6605312776770608,0.7337557755775578,0.7720132013201321,37875,0.3442376237623762,0.2464950495049505,0.8349034596195418,0.5881244470021079,0.6834323432343234,0.7944818481848185,0.919947194719472,0.7168844884488449,0.7453201320132014,snv,vaf_bin,NS_T_1,strict,native,union_hc,>=20%,
,62202,5,25685,0.4129288447316807,0.40906506868648945,0.4168033747591216,0.5432461978714511,0.6063374168033182,62202,0.5870711552683193,0.42477733834924924,0.6816584702729289,0.4767006263065372,0.6403009549532169,0.47604578630912187,0.8612102504742613,0.5011414423973506,0.5529886498826404,snv,lc,NS_T_1,strict,native,union_hc,,False
,33877,5,1564,0.04616701596953685,0.043983417323942724,0.04845352709572829,0.06567877911267231,0.25208253387253887,33877,0.9538329840304631,0.9094370812055377,0.21846360378540894,-0.029095430525570218,0.24707028367328865,0.15712725447944031,0.7125188180771614,0.06635770581810668,0.07733860731469729,snv,lc,NS_T_1,strict,native,union_hc,,True
,2852,5,0,0.0,0.0,0.001345123276654313,0.001402524544179523,0.2131837307152875,2852,1.0,0.9354838709677419,0.019700084637963557,-0.23080964443193586,0.4169004207573633,0.03997194950911641,0.5490883590462833,0.0021037868162692847,0.05785413744740533,snv,vaf_bin+lc,NS_T_1,strict,native,union_hc,<5%,False
,2659,5,0,0.0,1.0842021724855044e-19,0.0014426164231329834,0.0,0.20082737871380218,2659,1.0,0.9958631064309891,0.002576796871013055,-0.24871654549460265,0.22752914629559984,0.035727717186912374,0.7367431365174878,0.000376081233546446,0.00376081233546446,snv,vaf_bin+lc,NS_T_1,strict,native,union_hc,<5%,True
,17454,5,0,0.0,0.0,0.00022004202694561657,0.12335281310874298,0.26786982926549785,17454,1.0,0.8196401970894924,0.10977133097120868,-0.09360165605667357,0.3599747908788816,0.004526183109888851,0.8091554944425347,0.038100148962988425,0.12759252893319584,snv,vaf_bin+lc,NS_T_1,strict,native,union_hc,5-10%,False
,11844,5,0,0.0,0.0,0.0003242328008900024,0.010216143194866599,0.207193515704154,11844,1.0,0.9766970618034447,0.02887170879102786,-0.23024520180913566,0.2222222222222222,0.018321513002364065,0.7794663964876731,0.0034616683552853764,0.012495778453225262,snv,vaf_bin+lc,NS_T_1,strict,native,union_hc,5-10%,True
,13275,5,2294,0.1728060263653484,0.16646938983591913,0.1793319719064101,0.42214689265536726,0.48534839924670437,13275,0.8271939736346516,0.5444067796610169,0.4875924849868663,0.30588985886322173,0.6345762711864407,0.20775894538606404,0.7698681732580037,0.3816195856873823,0.4329190207156309,snv,vaf_bin+lc,NS_T_1,strict,native,union_hc,10-20%,False
,10120,5,118,0.0116600790513834,0.009746062376295939,0.013944693726144326,0.033893280632411066,0.2273517786561265,10120,0.9883399209486166,0.9365612648221344,0.09887728730413121,-0.14557555162528532,0.3142292490118577,0.15612648221343872,0.5695652173913044,0.0483201581027668,0.04851778656126482,snv,vaf_bin+lc,NS_T_1,strict,native,union_hc,10-20%,True
,28621,5,23391,0.8172670416826805,0.8127474692592503,0.8217014595191382,0.9094720659655497,0.9080395513783586,28621,0.18273295831731945,0.07760036336955382,0.916519843883807,0.5248037821355563,0.8361692463575696,0.931483875476049,0.9664232556514447,0.8886831347611893,0.91743824464554,snv,vaf_bin+lc,NS_T_1,strict,native,union_hc,>=20%,False
,9254,5,1446,0.15625675383617896,0.14900165640670263,0.16379711765975016,0.19029608817808516,0.35130754268424463,9254,0.843743246163821,0.7688567106116274,0.43376080460068794,0.2365685300485205,0.21104387291981846,0.3707585908796196,0.7762048843743247,0.18554138750810462,0.21298897773935596,snv,vaf_bin+lc,NS_T_1,strict,native,union_hc,>=20%,True
all,20263,3,1318,0.06504466268568326,0.06173097572368672,0.06852323602334214,0.09988649262202043,0.38831038510256793,20263,0.9349553373143167,0.9001135073779796,0.1873605348267462,-0.3120775287277957,0.1601934560529043,,0.9243942160588264,,0.08034348319597295,indel,all,NS_T_1,strict,native,union_hc,,
,8695,3,10,0.0011500862564692352,0.0006248408353006505,0.0021159217057293046,0.026566992524439333,0.34257235959363624,8695,0.9988499137435307,0.9734330074755607,0.013205464504607805,-0.4783548941441315,0.10615296147211041,,0.9201840138010351,,0.0013801035077630822,indel,vaf_bin,NS_T_1,strict,native,union_hc,<5%,
,4588,3,143,0.03116826503923278,0.026519055305696218,0.03660190856467509,0.06102877070619006,0.36406567858180766,4588,0.9688317349607672,0.9389712292938099,0.10475892172962707,-0.39487438158158755,0.14080209241499564,,0.9154315605928509,,0.03596338273757629,indel,vaf_bin,NS_T_1,strict,native,union_hc,5-10%,
,3465,3,387,0.11168831168831168,0.10162755998229116,0.12260911040308235,0.15209235209235208,0.4212602212602212,3465,0.8883116883116883,0.8479076479076479,0.2580257394657568,-0.2145358438242485,0.21183261183261184,,0.9105339105339105,,0.1414141414141414,indel,vaf_bin,NS_T_1,strict,native,union_hc,10-20%,
,3515,3,778,0.22133712660028448,0.2079212502665959,0.23536142588541806,0.28051209103840685,0.5006164058795638,3515,0.7786628733997155,0.7194879089615932,0.4137432479009975,-0.038218742443581616,0.2682788051209104,,0.9601706970128022,,0.27339971550497866,indel,vaf_bin,NS_T_1,strict,native,union_hc,>=20%,
,3257,3,1000,0.30703101013202333,0.2914248711406311,0.32309180626489886,0.42708013509364445,0.578037048408556,3257,0.6929689898679766,0.5729198649063555,0.4615992352729119,0.05297258899327253,0.47037150752225976,,0.9177156892846178,,0.3460239484187903,indel,lc,NS_T_1,strict,native,union_hc,,False
,17006,3,318,0.018699282606139008,0.01676938920409724,0.020846567438984533,0.03722215688580501,0.35197381316398135,17006,0.981300717393861,0.962777843114195,0.08048415727436062,-0.43409510127771195,0.10078795719157944,,0.925673291779372,,0.02946019052099259,indel,lc,NS_T_1,strict,native,union_hc,,True
,960,3,9,0.009375,0.004939950875727914,0.017720890926427174,0.19270833333333334,0.40069444444444446,960,0.990625,0.8072916666666666,0.07706759983792506,-0.3750750575859873,0.3729166666666667,,0.8177083333333334,,0.011458333333333333,indel,vaf_bin+lc,NS_T_1,strict,native,union_hc,<5%,False
,7735,3,1,0.0001292824822236587,2.2821897182310016e-05,0.0007320015284915754,0.0059469941822883,0.3353587588881706,7735,0.9998707175177763,0.9940530058177117,0.0026184955393256455,-0.4952907799588985,0.07304460245636717,,0.9329023917259212,,0.0001292824822236587,indel,vaf_bin+lc,NS_T_1,strict,native,union_hc,<5%,True
,694,3,130,0.1873198847262248,0.16004179808713356,0.218040437477616,0.3184438040345821,0.5019212295869356,694,0.8126801152737753,0.6815561959654178,0.35239582694485505,-0.08358948568053788,0.33861671469740634,,0.9654178674351584,,0.2017291066282421,indel,vaf_bin+lc,NS_T_1,strict,native,union_hc,5-10%,False
,3894,3,13,0.003338469440164355,0.0019521050341246259,0.005703788397139448,0.015151515151515152,0.33949666153055985,3894,0.9966615305598356,0.9848484848484849,0.016603343373225457,-0.4815486456027087,0.10554699537750385,,0.906522855675398,,0.0064201335387776065,indel,vaf_bin+lc,NS_T_1,strict,native,union_hc,5-10%,True
,563,3,325,0.5772646536412078,0.5360709524981794,0.6174111166874484,0.6714031971580817,0.7495559502664298,563,0.4227353463587922,0.3285968028419183,0.6981499166943426,0.2493585649782077,0.6607460035523979,,0.9342806394316163,,0.6536412078152753,indel,vaf_bin+lc,NS_T_1,strict,native,union_hc,10-20%,False
,2902,3,62,0.021364576154376293,0.016701997485970975,0.027292645935689502,0.05134390075809786,0.3575694923041581,2902,0.9786354238456237,0.9486560992419021,0.08329799513468344,-0.42008082357547455,0.12474155754651964,,0.9059269469331496,,0.04203997243280496,indel,vaf_bin+lc,NS_T_1,strict,native,union_hc,10-20%,True
,1040,3,536,0.5153846153846153,0.4850103226396142,0.5456456737567664,0.5836538461538462,0.6996794871794871,1040,0.4846153846153846,0.41634615384615387,0.6589797422763023,0.23123818426171797,0.5451923076923076,,0.9692307692307692,,0.5846153846153846,indel,vaf_bin+lc,NS_T_1,strict,native,union_hc,>=20%,False
,2475,3,242,0.09777777777777778,0.08669218186713872,0.11011002066370977,0.15313131313131312,0.416969696969697,2475,0.9022222222222223,0.8468686868686869,0.26665723547609993,-0.23707674579767604,0.15191919191919193,,0.9563636363636364,,0.14262626262626263,indel,vaf_bin+lc,NS_T_1,strict,native,union_hc,>=20%,True
all,108080,5,20654,0.19109918578830495,0.18876620820690243,0.1934541209489618,0.3549500370096225,0.4383586232420429,108080,0.808900814211695,0.6258419689119171,0.45785865229673905,0.3012301313248213,0.499139526276832,0.4937823834196891,0.5596225018504811,0.26671909696521096,0.3725296076980015,snv,all,NS_380X,strict,native,union_hc,,
,31455,5,0,0.0,1.3552527156068805e-20,0.00012211062590218255,0.014147194404705134,0.21367668097281833,31455,1.0,0.9462088698140201,0.03313504012405568,-0.22209189177481242,0.6563662374821173,0.2286758861866158,0.10548402479732952,0.01567318391352726,0.06218407248450167,snv,vaf_bin,NS_380X,strict,native,union_hc,<5%,
,22013,5,1,4.54277018125653e-05,8.019149853918586e-06,0.00025729859936182275,0.17248898378231045,0.30047699086903196,22013,0.9999545722981874,0.8164720846772362,0.2521910728148026,0.03082500620929247,0.3160405215100168,0.18675328215145595,0.6710580111752147,0.16145005224185707,0.1670830872666152,snv,vaf_bin,NS_380X,strict,native,union_hc,5-10%,
,14068,5,1827,0.12986920671026442,0.12441517447019688,0.13552532226755157,0.4225191924936025,0.47759454080181973,14068,0.8701307932897355,0.5560136479954507,0.5353239648529103,0.2814972389165514,0.42586010804663066,0.5500426499857833,0.5852288882570372,0.3908160363946545,0.4360250213249929,snv,vaf_bin,NS_380X,strict,native,union_hc,10-20%,
,40544,5,18826,0.46433504340962906,0.4594841215748824,0.4691927229635121,0.694973362273086,0.6739196921862668,40544,0.5356649565903709,0.29802190213101815,0.6924683752686503,0.42435272707298777,0.5019978295185478,0.8466357537490135,0.8425661010260458,0.4755820836621942,0.7028166929755327,snv,vaf_bin,NS_380X,strict,native,union_hc,>=20%,
,65919,5,19519,0.29610582684810144,0.29263265172467645,0.2996027646326196,0.5465495532395819,0.5665407545624175,65919,0.7038941731518985,0.4290568728287747,0.5783011590522567,0.36490148514026205,0.646308348124213,0.5347320195998119,0.6725981886861148,0.4119753030234075,0.5670899133785403,snv,lc,NS_380X,strict,native,union_hc,,False
,42161,5,1135,0.0269206138374327,0.025418251752754625,0.028509176411332944,0.05538293683736154,0.23794502027940512,42161,0.9730793861625673,0.9335167571926662,0.1413101657912795,-0.08737345638840384,0.2690401081568274,0.4297573586964256,0.38298427456654255,0.039610066174900975,0.06833329380232916,snv,lc,NS_380X,strict,native,union_hc,,True
,19061,5,0,0.0,0.0,0.00020149440156591518,0.022244373327737266,0.2215098893027648,19061,1.0,0.9153769476942448,0.0404397688804826,-0.20847927176059752,0.7010125386915692,0.2185089974293059,0.07308116048475946,0.024657677981218193,0.0902890719269713,snv,vaf_bin+lc,NS_380X,strict,native,union_hc,<5%,False
,12394,5,0,0.0,0.0,0.0003098490034296286,0.0016943682426980796,0.20162982088107148,12394,1.0,0.9936259480393739,0.009534255674575252,-0.2463366508806661,0.5877037276101339,0.24431176375665645,0.15531708891399065,0.0018557366467645635,0.018960787477811845,snv,vaf_bin+lc,NS_380X,strict,native,union_hc,<5%,True
,10796,5,0,0.0,2.710505431213761e-20,0.00035569585306797634,0.3316969247869581,0.3922008151167099,10796,1.0,0.6538532789922193,0.3285604627066423,0.13457838749829246,0.45322341608002964,0.0574286772878844,0.8203038162282327,0.31076324564653574,0.319284920340867,snv,vaf_bin+lc,NS_380X,strict,native,union_hc,5-10%,False
,11217,5,1,8.91503967192654e-05,1.573740745010473e-05,0.0005048526786082058,0.019256485691361326,0.21219577427119551,11217,0.9999108496032807,0.9729874297940626,0.09665597948805826,-0.20370217121690315,0.18400641882856378,0.3112240349469555,0.5274137469911742,0.017740928947133815,0.020593741642150307,snv,vaf_bin+lc,NS_380X,strict,native,union_hc,5-10%,True
,6978,5,1735,0.24863857838922326,0.23863748039388258,0.2589162780679233,0.8036686729721984,0.7254514187446259,6978,0.7513614216107767,0.17254227572370306,0.6478379953750529,0.20536462516535425,0.7616795643450845,0.3655775293780453,0.9320722269991402,0.7446259673258814,0.8233018056749785,snv,vaf_bin+lc,NS_380X,strict,native,union_hc,10-20%,False
,7090,5,92,0.012976022566995768,0.010593030643958081,0.01588648118487289,0.04739069111424542,0.2336530324400564,7090,0.9870239774330042,0.9334273624823696,0.21444015872362754,-0.11655460563872307,0.09534555712270804,0.7315937940761637,0.24386459802538787,0.042595204513399154,0.05486600846262341,snv,vaf_bin+lc,NS_380X,strict,native,union_hc,10-20%,True
,29084,5,17784,0.6114702241782424,0.605854140792315,0.6170568651405013,0.908231329940861,0.8192545729610783,29084,0.3885297758217577,0.08843350295695228,0.7807584756005015,0.30872142907348166,0.6544491816806491,0.9597373126117453,0.9484252509971118,0.6235730986109201,0.9100880209049649,snv,vaf_bin+lc,NS_380X,strict,native,union_hc,>=20%,False
,11460,5,1042,0.09092495636998255,0.08579735829053285,0.09632671123018031,0.1537521815008726,0.3050785340314136,11460,0.9090750436300175,0.8299301919720767,0.3280054028207854,0.11437529231993733,0.11509598603839441,0.5595986038394415,0.5739092495636998,0.1,0.17678883071553228,snv,vaf_bin+lc,NS_380X,strict,native,union_hc,>=20%,True
all,17145,3,1283,0.07483231262758822,0.07098831277664733,0.07886679347012876,0.11431904345290173,0.3963837853601633,17145,0.9251676873724117,0.8856809565470983,0.15102336680023418,-0.2889094953401172,0.2872557596967046,,0.7923009623797025,,0.10959463400408283,indel,all,NS_380X,strict,native,union_hc,,
,10664,3,133,0.012471867966991748,0.010534159771715542,0.014760691099692564,0.03225806451612903,0.34824331082770693,10664,0.9875281320330083,0.967741935483871,0.032042526041227384,-0.45030699417033504,0.27906976744186046,,0.7456864216054013,,0.019973743435858966,indel,vaf_bin,NS_380X,strict,native,union_hc,<5%,
,2687,3,220,0.08187569780424266,0.07209608623120034,0.09284914209719589,0.11388165240044659,0.3985857834015631,2687,0.9181243021957574,0.8861183475995534,0.18974767392333494,-0.2766878753701704,0.20431708224786008,,0.8790472646073688,,0.11239300334946037,indel,vaf_bin,NS_380X,strict,native,union_hc,5-10%,
,1410,3,352,0.24964539007092199,0.22775516835254736,0.27289605700557373,0.32269503546099293,0.524113475177305,1410,0.750354609929078,0.6773049645390071,0.38122563066384757,-0.0028051763671456376,0.40070921985815605,,0.8219858156028369,,0.349645390070922,indel,vaf_bin,NS_380X,strict,native,union_hc,10-20%,
,2384,3,578,0.2424496644295302,0.22566956137720376,0.26005843975797877,0.3586409395973154,0.5336968680089486,2384,0.7575503355704698,0.6413590604026845,0.3885657769672746,-0.01467568547400388,0.350251677852349,,0.885486577181208,,0.3653523489932886,indel,vaf_bin,NS_380X,strict,native,union_hc,>=20%,
,3310,3,1046,0.316012084592145,0.30039475431305673,0.3320559784285594,0.43867069486404836,0.5848942598187311,3310,0.683987915407855,0.5613293051359517,0.44674174255975796,0.06094489957133875,0.5709969788519638,,0.7652567975830815,,0.41842900302114805,indel,lc,NS_380X,strict,native,union_hc,,False
,13835,3,237,0.017130466208890496,0.015098476616422366,0.01943053076057337,0.03671846765449946,0.3512829779544633,13835,0.9828695337911095,0.9632815323455005,0.04528711759055551,-0.43767995995582953,0.21937116010119262,,0.7987712323816407,,0.03570654138055656,indel,lc,NS_380X,strict,native,union_hc,,True
,1411,3,117,0.08291991495393337,0.0696387583269828,0.09846591328685364,0.18922749822820695,0.4240491377273801,1411,0.9170800850460666,0.810772501771793,0.1587486444875515,-0.2516542853290866,0.6243798724309001,,0.5414599574769667,,0.10630758327427356,indel,vaf_bin+lc,NS_380X,strict,native,union_hc,<5%,False
,9253,3,16,0.0017291689181886955,0.0010646831494921457,0.002807205440167276,0.008321625418783098,0.33668359811232396,9253,0.9982708310818112,0.9916783745812169,0.006546124730117713,-0.48999369496627804,0.22641305522533234,,0.7768291364962715,,0.006808602615367989,indel,vaf_bin+lc,NS_380X,strict,native,union_hc,<5%,True
,476,3,198,0.41596638655462187,0.37253312295138263,0.460745143172983,0.5252100840336135,0.6470588235294118,476,0.5840336134453782,0.47478991596638653,0.5604546353411338,0.1475468975468972,0.49369747899159666,,0.9159663865546218,,0.5315126050420168,indel,vaf_bin+lc,NS_380X,strict,native,union_hc,5-10%,False
,2211,3,22,0.009950248756218905,0.006580178419756537,0.015020220394417548,0.02532790592492085,0.3450927182270466,2211,0.9900497512437811,0.9746720940750792,0.03481574428857821,-0.4602262441800684,0.1420171867933062,,0.8710990502035278,,0.022161917684305744,indel,vaf_bin+lc,NS_380X,strict,native,union_hc,5-10%,True
,431,3,298,0.691415313225058,0.6462764509452813,0.7331721886749748,0.8422273781902552,0.8445475638051044,431,0.308584686774942,0.15777262180974477,0.782117650447959,0.21651358591657152,0.740139211136891,,0.8955916473317865,,0.8979118329466357,indel,vaf_bin+lc,NS_380X,strict,native,union_hc,10-20%,False
,979,3,54,0.05515832482124617,0.042519268254905596,0.07127472956331021,0.09397344228804903,0.38304392236976503,979,0.9448416751787538,0.906026557711951,0.11890413415837146,-0.3327078734363504,0.2512768130745659,,0.7895812053115424,,0.10827374872318693,indel,vaf_bin+lc,NS_380X,strict,native,union_hc,10-20%,True
,992,3,433,0.43649193548387094,0.4059330746326526,0.4675407611029945,0.5766129032258065,0.6710349462365591,992,0.563508064516129,0.42338709677419356,0.5833437772509047,0.14908931323440708,0.4586693548387097,,0.9546370967741935,,0.5997983870967742,indel,vaf_bin+lc,NS_380X,strict,native,union_hc,>=20%,False
,1392,3,145,0.10416666666666667,0.08919367696817847,0.12131838152086528,0.20330459770114942,0.43582375478927204,1392,0.8958333333333334,0.7966954022988506,0.21109686771350256,-0.21445176215974163,0.27298850574712646,,0.8362068965517241,,0.19827586206896552,indel,vaf_bin+lc,NS_380X,strict,native,union_hc,>=20%,True
all,39446,3,35640,0.9035136642498606,0.9005605350295008,0.9063882085599909,0.9528469299802261,0.9407290980074025,38098,0.0645178224578718,0.012979769811894743,0.9567998728103732,0.6274783314997379,0.946306342848451,,0.9433149115246159,,0.9325660396491406,snv,all,IL_T_1,strict,shared3,truth,,
,1292,3,299,0.23142414860681115,0.20924399324892207,0.25519666399661145,0.43962848297213625,0.4071207430340557,711,0.5794655414908579,0.11068111455108359,0.5829445639353361,0.5596236767299717,0.5356037151702786,,0.29566563467492263,,0.39009287925696595,snv,vaf_bin,IL_T_1,strict,shared3,truth,<5%,
,3853,3,2399,0.6226317155463276,0.6072112311902745,0.6378079146806975,0.7838048274072151,0.7499783718314733,3250,0.26184615384615384,0.05969374513366208,0.8207863255079456,0.6073704537625819,0.8193615364650921,,0.7305995328315599,,0.6999740461977679,snv,vaf_bin,IL_T_1,strict,shared3,truth,5-10%,
,6271,3,5693,0.9078296922340935,0.9004184444239659,0.914741593254711,0.9692234093446022,0.9513102641790252,6126,0.07068233757753836,0.007654281613777707,0.9527343749285876,0.5030985774249703,0.9561473449210652,,0.9674693031414447,,0.9303141444745655,snv,vaf_bin,IL_T_1,strict,shared3,truth,10-20%,
,28030,3,27249,0.9721369960756332,0.970144644816397,0.9739999540920051,0.9960756332500892,0.9891782613866096,28011,0.02720359858626968,0.0032465215840171246,0.9818414839074675,0.15347650666236987,0.9804851944345344,,0.9970032108455227,,0.9900463788797716,snv,vaf_bin,IL_T_1,strict,shared3,truth,>=20%,
,37058,3,33648,0.9079820821415079,0.9049966998933451,0.9108828897270832,0.9542069188839117,0.942738410059906,35799,0.06008547724796782,0.01181931027038696,0.95978456652094,0.6415879733335464,0.9490528360947703,,0.9441955852987209,,0.934966808786227,snv,lc,IL_T_1,strict,shared3,truth,,False
,2388,3,1992,0.8341708542713567,0.8187192243002629,0.8485490823486707,0.9317420435510888,0.9095477386934673,2299,0.13353632013919095,0.03098827470686767,0.9099971961662741,0.47911977354886987,0.9036850921273032,,0.9296482412060302,,0.8953098827470687,snv,lc,IL_T_1,strict,shared3,truth,,True
,1242,3,287,0.23107890499194847,0.20848685211586582,0.25532935397481554,0.43800322061191627,0.4066022544283414,684,0.5804093567251462,0.11272141706924316,0.5818654677505878,0.558397033733224,0.535426731078905,,0.2938808373590982,,0.39049919484702095,snv,vaf_bin+lc,IL_T_1,strict,shared3,truth,<5%,False
,50,3,12,0.24,0.1429739139699173,0.3741268375794292,0.48,0.42,27,0.5555555555555556,0.06,0.6111111111111112,0.5894909688013138,0.54,,0.34,,0.38,snv,vaf_bin+lc,IL_T_1,strict,shared3,truth,<5%,True
,3638,3,2277,0.625893347993403,0.6100442306511876,0.6414768776555481,0.7872457394172623,0.752702950339014,3074,0.25927130774235524,0.057724024189114896,0.8227147256715893,0.6076877958225777,0.8210555250137438,,0.7319956019791094,,0.7050577240241891,snv,vaf_bin+lc,IL_T_1,strict,shared3,truth,5-10%,False
,215,3,122,0.5674418604651162,0.500607692676487,0.6319083312811163,0.7255813953488373,0.7038759689922481,176,0.3068181818181818,0.09302325581395349,0.7863674875112784,0.5983347556334616,0.7906976744186046,,0.7069767441860465,,0.6139534883720931,snv,vaf_bin+lc,IL_T_1,strict,shared3,truth,5-10%,True
,5910,3,5413,0.9159052453468697,0.9085566133653853,0.9227135575093546,0.9715736040609138,0.9552735476593345,5782,0.06381874783811829,0.00676818950930626,0.9573363401824809,0.5128918153105181,0.9598984771573604,,0.9712351945854484,,0.9346869712351946,snv,vaf_bin+lc,IL_T_1,strict,shared3,truth,10-20%,False
,361,3,280,0.775623268698061,0.729816379240307,0.8156260182417212,0.9307479224376731,0.8864265927977839,344,0.18604651162790697,0.0221606648199446,0.8749593762934583,0.4130081300813007,0.8947368421052632,,0.9058171745152355,,0.8587257617728532,snv,vaf_bin+lc,IL_T_1,strict,shared3,truth,10-20%,True
,26268,3,25671,0.9772727272727273,0.9753994670911802,0.9790064141753375,0.9978300593878483,0.991586721486219,26259,0.022392322632240374,0.001827318410232983,0.9850609337636215,0.10559731303680406,0.9838967565098219,,0.9982488198568601,,0.992614588091975,snv,vaf_bin+lc,IL_T_1,strict,shared3,truth,>=20%,False
,1762,3,1578,0.8955732122587968,0.8804231499087597,0.9090021934802067,0.9699205448354143,0.9532727960650775,1752,0.09931506849315068,0.024404086265607264,0.9332161174524396,0.26101589785904744,0.9296254256526674,,0.978433598183882,,0.9517593643586834,snv,vaf_bin+lc,IL_T_1,strict,shared3,truth,>=20%,True
all,1625,3,1283,0.7895384615384615,0.7690476467410143,0.8086635816318797,0.92,0.8896410256410255,1559,0.177036561898653,0.039384615384615386,0.8802593218016757,0.4233503878188284,0.916923076923077,,0.9163076923076923,,0.8356923076923077,indel,all,IL_T_1,strict,shared3,truth,,
,102,3,24,0.23529411764705882,0.16352093227112996,0.32628201827699754,0.5294117647058824,0.4934640522875817,73,0.6712328767123288,0.18627450980392157,0.49972057520616103,0.35936765648365687,0.6568627450980392,,0.5784313725490197,,0.24509803921568626,indel,vaf_bin,IL_T_1,strict,shared3,truth,<5%,
,287,3,181,0.6306620209059234,0.5734429483905239,0.684429503164734,0.8536585365853658,0.8002322880371661,263,0.311787072243346,0.0627177700348432,0.7859912950354193,0.40424275154419964,0.8850174216027874,,0.867595818815331,,0.6480836236933798,indel,vaf_bin,IL_T_1,strict,shared3,truth,5-10%,
,422,3,349,0.8270142180094787,0.7880192574417748,0.860109275567533,0.9383886255924171,0.9162717219589257,415,0.15903614457831325,0.045023696682464455,0.8922516940770846,0.32046193884190016,0.9597156398104265,,0.933649289099526,,0.8554502369668247,indel,vaf_bin,IL_T_1,strict,shared3,truth,10-20%,
,814,3,729,0.8955773955773956,0.8726785363580684,0.914760145129944,0.9828009828009828,0.957002457002457,808,0.09777227722772278,0.009828009828009828,0.9346593373129756,0.2138150253682999,0.9385749385749386,,0.9668304668304668,,0.9656019656019657,indel,vaf_bin,IL_T_1,strict,shared3,truth,>=20%,
,1242,3,1011,0.8140096618357487,0.7914136386142949,0.8346692345133526,0.9323671497584541,0.9012345679012346,1189,0.14970563498738435,0.0249597423510467,0.8991904821274045,0.4632966051220974,0.9235104669887279,,0.9323671497584541,,0.8478260869565217,indel,lc,IL_T_1,strict,shared3,truth,,False
,383,3,272,0.7101827676240209,0.6628380311041239,0.7533531405733295,0.8798955613577023,0.8520452567449955,370,0.2648648648648649,0.08616187989556136,0.8186896023630718,0.32342726671874084,0.8955613577023499,,0.8642297650130548,,0.7963446475195822,indel,lc,IL_T_1,strict,shared3,truth,,True
,89,3,19,0.21348314606741572,0.1411479650217861,0.309528482248426,0.5056179775280899,0.46816479400749067,61,0.6885245901639344,0.1797752808988764,0.48664792347770286,0.368225352112676,0.6404494382022472,,0.5393258426966292,,0.2247191011235955,indel,vaf_bin+lc,IL_T_1,strict,shared3,truth,<5%,False
,13,3,5,0.38461538461538464,0.17709707797762575,0.6447710848733431,0.6923076923076923,0.6666666666666666,12,0.5833333333333334,0.23076923076923078,0.5681818181818182,0.19230769230769212,0.7692307692307693,,0.8461538461538461,,0.38461538461538464,indel,vaf_bin+lc,IL_T_1,strict,shared3,truth,<5%,True
,255,3,164,0.6431372549019608,0.5826118483427289,0.6994140695013245,0.8745098039215686,0.8143790849673204,236,0.3050847457627119,0.050980392156862744,0.7916502530486418,0.37738792304388113,0.8941176470588236,,0.8901960784313725,,0.6588235294117647,indel,vaf_bin+lc,IL_T_1,strict,shared3,truth,5-10%,False
,32,3,17,0.53125,0.3644951711897464,0.6913061289193116,0.6875,0.6875,27,0.37037037037037035,0.15625,0.7364053016226929,0.515151515151515,0.8125,,0.6875,,0.5625,indel,vaf_bin+lc,IL_T_1,strict,shared3,truth,5-10%,True
,342,3,304,0.8888888888888888,0.8511671345225094,0.9179714207769321,0.9824561403508771,0.9532163742690059,338,0.10059171597633136,0.005847953216374269,0.9327568798722644,0.2569018404907956,0.9649122807017544,,0.9853801169590644,,0.9093567251461988,indel,vaf_bin+lc,IL_T_1,strict,shared3,truth,10-20%,False
,80,3,45,0.5625,0.4534113429694972,0.6658613908385618,0.75,0.7583333333333333,77,0.4155844155844156,0.2125,0.7043736390155718,0.27245168624478955,0.9375,,0.7125,,0.625,indel,vaf_bin+lc,IL_T_1,strict,shared3,truth,10-20%,True
,556,3,524,0.9424460431654677,0.9198805163964903,0.9589397143102494,0.9964028776978417,0.9784172661870504,554,0.05415162454873646,0.0,0.9638989169675091,0.14828431372548945,0.9568345323741008,,0.9820143884892086,,0.9964028776978417,indel,vaf_bin+lc,IL_T_1,strict,shared3,truth,>=20%,False
,258,3,205,0.7945736434108527,0.7411260107394655,0.8393779349862867,0.9534883720930233,0.9108527131782945,254,0.19291338582677164,0.031007751937984496,0.8702442100651396,0.220351526364477,0.8992248062015504,,0.9341085271317829,,0.8992248062015504,indel,vaf_bin+lc,IL_T_1,strict,shared3,truth,>=20%,True
all,39446,3,36215,0.9180905541753283,0.9153434898113015,0.9207561947572664,0.9708969223748922,0.95701296286907,38738,0.06512984666219217,0.011154489682097044,0.9564352389104557,0.4817519311059106,0.9605790194189525,,0.9535314100289003,,0.9569284591593571,snv,all,NV_T_1,strict,shared3,truth,,
,1292,3,391,0.3026315789473684,0.2781971349316814,0.3282362010844887,0.5851393188854489,0.531733746130031,914,0.5722100656455142,0.12229102167182662,0.5910989706455415,0.4580854194986784,0.6958204334365325,,0.3506191950464396,,0.5487616099071208,snv,vaf_bin,NV_T_1,strict,shared3,truth,<5%,
,3853,3,2682,0.6960809758629639,0.6813685616265545,0.7104027922475605,0.869192836750584,0.8294835193355827,3557,0.2459938150126511,0.053983908642616145,0.8324152679403555,0.46480300400868957,0.9018946275629379,,0.7796522190500909,,0.8069037113937192,snv,vaf_bin,NV_T_1,strict,shared3,truth,5-10%,
,6271,3,5881,0.9378089618880562,0.9315595157296669,0.9435223546307662,0.9889969701801945,0.9740604900866422,6242,0.05783402755527075,0.006378568011481423,0.9613622637442903,0.24054603806499375,0.968745016743741,,0.9861266145750279,,0.9673098389411577,snv,vaf_bin,NV_T_1,strict,shared3,truth,10-20%,
,28030,3,27261,0.9725651088119872,0.9705871258906575,0.9744135811624404,0.9986086336068498,0.9903317873706743,28025,0.027261373773416593,0.0012129860863360686,0.9818169169453302,0.05109640094563471,0.9790224759186585,,0.9979307884409562,,0.9940420977524081,snv,vaf_bin,NV_T_1,strict,shared3,truth,>=20%,
,37058,3,34196,0.922769712342814,0.9200076915308654,0.9254440930172695,0.9714501592098872,0.9587403529602244,36391,0.0603171113736913,0.010551028118085164,0.9596636578320291,0.5008802243321976,0.962922985590156,,0.9541259647039776,,0.95917210858654,snv,lc,NV_T_1,strict,shared3,truth,,False
,2388,3,2019,0.8454773869346733,0.8304265564587746,0.8594184974076041,0.9623115577889447,0.9302065884980458,2347,0.13975287601193012,0.02051926298157454,0.9061955184556405,0.29478031212484895,0.9242043551088778,,0.9443048576214406,,0.9221105527638191,snv,lc,NV_T_1,strict,shared3,truth,,True
,1242,3,379,0.30515297906602257,0.2801773431090706,0.3313302074117226,0.5861513687600645,0.533011272141707,879,0.5688282138794084,0.1215780998389694,0.5937103468954966,0.46088134180643786,0.6972624798711755,,0.3502415458937198,,0.5515297906602254,snv,vaf_bin+lc,NV_T_1,strict,shared3,truth,<5%,False
,50,3,12,0.24,0.1429739139699173,0.3741268375794292,0.56,0.5,35,0.6571428571428571,0.14,0.5256157635467981,0.38666666666666694,0.66,,0.36,,0.48,snv,vaf_bin+lc,NV_T_1,strict,shared3,truth,<5%,True
,3638,3,2550,0.7009345794392523,0.6858511739151655,0.7155940884696025,0.8719076415612974,0.832508704416346,3364,0.24197384066587396,0.052776250687190766,0.8352353496088823,0.4651162174620243,0.9046179219351292,,0.7809235843870258,,0.8119846069268829,snv,vaf_bin+lc,NV_T_1,strict,shared3,truth,5-10%,False
,215,3,132,0.6139534883720931,0.5474205313126789,0.6764858539949962,0.8232558139534883,0.7782945736434108,193,0.3160621761658031,0.07441860465116279,0.7827317358567359,0.4519126292034662,0.8558139534883721,,0.7581395348837209,,0.7209302325581395,snv,vaf_bin+lc,NV_T_1,strict,shared3,truth,5-10%,True
,5910,3,5593,0.9463620981387478,0.9403226455058987,0.9518216631871704,0.9903553299492386,0.9773829667230682,5883,0.04929457759646439,0.005076142131979695,0.9670809761341324,0.2600730270808601,0.9717428087986464,,0.9888324873096447,,0.9715736040609138,snv,vaf_bin+lc,NV_T_1,strict,shared3,truth,10-20%,False
,361,3,288,0.7977839335180056,0.7533152774239394,0.8359817851822718,0.9667590027700831,0.9196675900277008,359,0.1977715877437326,0.027700831024930747,0.8669371437696168,0.1126229054147621,0.9196675900277008,,0.9418282548476454,,0.8975069252077562,snv,vaf_bin+lc,NV_T_1,strict,shared3,truth,10-20%,True
,26268,3,25674,0.9773869346733668,0.9755180824359599,0.9791161802331101,0.9992005481955231,0.9921577584894168,26265,0.022501427755568248,0.0006852444038373687,0.9849948771138686,0.03613042237590936,0.981574539363484,,0.9988579259936043,,0.9960408101111619,snv,vaf_bin+lc,NV_T_1,strict,shared3,truth,>=20%,False
,1762,3,1587,0.9006810442678774,0.8858321987640446,0.9137865852138757,0.9897843359818388,0.9631101021566403,1760,0.09829545454545455,0.009080590238365494,0.934249533019352,0.07883897677651479,0.9409761634506243,,0.9841089670828603,,0.9642451759364359,snv,vaf_bin+lc,NV_T_1,strict,shared3,truth,>=20%,True
all,1625,3,1329,0.8178461538461539,0.7983375026205104,0.8358555886751322,0.9218461538461539,0.9025641025641026,1573,0.1551176096630642,0.046153846153846156,0.8952745219451147,0.43086124401913883,0.9156923076923077,,0.9126153846153846,,0.8793846153846154,indel,all,NV_T_1,strict,shared3,truth,,
,102,3,38,0.37254901960784315,0.2849497607818803,0.4693998080005515,0.5294117647058824,0.565359477124183,81,0.5308641975308642,0.2647058823529412,0.6128039655817433,0.4281368160285101,0.7745098039215687,,0.5392156862745098,,0.38235294117647056,indel,vaf_bin,NV_T_1,strict,shared3,truth,<5%,
,287,3,227,0.7909407665505227,0.7402069559857811,0.8339890361439266,0.9233449477351916,0.8908246225319396,275,0.17454545454545456,0.03484320557491289,0.8819801394099023,0.42678021581735937,0.926829268292683,,0.9198606271777003,,0.8257839721254355,indel,vaf_bin,NV_T_1,strict,shared3,truth,5-10%,
,422,3,360,0.8530805687203792,0.8161202327240542,0.8836707195830971,0.9360189573459715,0.9225908372827805,413,0.12832929782082325,0.04265402843601896,0.9134454334310581,0.4138069611406202,0.9383886255924171,,0.933649289099526,,0.8957345971563981,indel,vaf_bin,NV_T_1,strict,shared3,truth,10-20%,
,814,3,704,0.8648648648648649,0.8396585008928058,0.8866436370014169,0.9631449631449631,0.9385749385749386,804,0.12437810945273632,0.02457002457002457,0.9165809776000075,0.28970331588132753,0.9176904176904177,,0.9459459459459459,,0.952088452088452,indel,vaf_bin,NV_T_1,strict,shared3,truth,>=20%,
,1242,3,1086,0.8743961352657005,0.8548032295505085,0.8916801961016868,0.9500805152979066,0.9331723027375202,1211,0.10322047894302229,0.0249597423510467,0.9307353400655355,0.4620414358036115,0.9412238325281803,,0.9404186795491143,,0.9178743961352657,indel,lc,NV_T_1,strict,shared3,truth,,False
,383,3,243,0.6344647519582245,0.585120987971149,0.681137960369085,0.8302872062663186,0.8033072236727589,362,0.3287292817679558,0.11488250652741515,0.7733585683380629,0.34452391681607686,0.8328981723237598,,0.8224543080939948,,0.7545691906005222,indel,lc,NV_T_1,strict,shared3,truth,,True
,89,3,34,0.38202247191011235,0.2879491474996802,0.4858588013762895,0.5393258426966292,0.5767790262172284,72,0.5277777777777778,0.2696629213483146,0.6153122438333706,0.4169635674060453,0.7865168539325843,,0.550561797752809,,0.39325842696629215,indel,vaf_bin+lc,NV_T_1,strict,shared3,truth,<5%,False
,13,3,4,0.3076923076923077,0.12680703655710515,0.5763065681945096,0.46153846153846156,0.48717948717948717,9,0.5555555555555556,0.23076923076923078,0.5925925925925926,0.4868421052631582,0.6923076923076923,,0.46153846153846156,,0.3076923076923077,indel,vaf_bin+lc,NV_T_1,strict,shared3,truth,<5%,True
,255,3,214,0.8392156862745098,0.7891494431288135,0.8792133484742171,0.9450980392156862,0.9163398692810457,246,0.13008130081300814,0.0196078431372549,0.9125388253477759,0.4543509272467907,0.9411764705882353,,0.9490196078431372,,0.8588235294117647,indel,vaf_bin+lc,NV_T_1,strict,shared3,truth,5-10%,False
,32,3,13,0.40625,0.2551963484266544,0.5773997512461713,0.75,0.6875,29,0.5517241379310345,0.15625,0.6088669950738916,0.2242424242424244,0.8125,,0.6875,,0.5625,indel,vaf_bin+lc,NV_T_1,strict,shared3,truth,5-10%,True
,342,3,318,0.9298245614035088,0.8977084827645655,0.9523920257242909,0.9853801169590644,0.9688109161793372,339,0.061946902654867256,0.005847953216374269,0.9586612162962574,0.3226232394366176,0.956140350877193,,0.97953216374269,,0.9707602339181286,indel,vaf_bin+lc,NV_T_1,strict,shared3,truth,10-20%,False
,80,3,42,0.525,0.41695642649729936,0.6307526670259243,0.725,0.725,74,0.43243243243243246,0.2,0.6902531716662402,0.3312434691745034,0.8625,,0.7375,,0.575,indel,vaf_bin+lc,NV_T_1,strict,shared3,truth,10-20%,True
,556,3,520,0.935251798561151,0.9116634100229126,0.9528670608349368,0.9964028776978417,0.9760191846522782,554,0.061371841155234655,0.0,0.9590854392298436,0.12911547911547253,0.9568345323741008,,0.9748201438848921,,0.9964028776978417,indel,vaf_bin+lc,NV_T_1,strict,shared3,truth,>=20%,False
,258,3,184,0.7131782945736435,0.6551800620016579,0.7649214776682944,0.8914728682170543,0.8578811369509044,250,0.264,0.07751937984496124,0.8204168918265012,0.30060240963855417,0.8333333333333334,,0.8837209302325582,,0.8565891472868217,indel,vaf_bin+lc,NV_T_1,strict,shared3,truth,>=20%,True
all,39446,3,34690,0.8794301069816965,0.8761796895306082,0.8826066298325836,0.9128935760279876,0.9057361118153087,36483,0.04914617767179234,0.011991076408254323,0.9670915650852429,0.8225365045375188,0.910003549155808,,0.9121583937534857,,0.8950463925366323,snv,all,FD_T_1,strict,shared3,truth,,
,1292,3,232,0.17956656346749225,0.1595968064929178,0.20143613903921725,0.26006191950464397,0.2549019607843137,420,0.44761904761904764,0.06501547987616099,0.6796922832023119,0.7446196462816957,0.31346749226006193,,0.23452012383900928,,0.21671826625386997,snv,vaf_bin,FD_T_1,strict,shared3,truth,<5%,
,3853,3,1860,0.4827407215157021,0.4669874807602561,0.4985283431541998,0.5785102517518816,0.560602128211783,2391,0.22208281053952322,0.042045159615883725,0.8480369460848373,0.8135074161580362,0.6005709836491046,,0.5746171814170776,,0.5066182195691669,snv,vaf_bin,FD_T_1,strict,shared3,truth,5-10%,
,6271,3,5208,0.8304895550948812,0.8210015186535753,0.8395729400322733,0.8890129166002233,0.8756179237761123,5690,0.08471001757469244,0.01833838303300909,0.9430892354251929,0.7647570928029865,0.8920427364056769,,0.8904480944028066,,0.8443629405198533,snv,vaf_bin,FD_T_1,strict,shared3,truth,10-20%,
,28030,3,27390,0.9771673207277917,0.9753521963563454,0.9788516732522294,0.9942918301819479,0.9899155666547746,27982,0.021156457722821813,0.003995718872636461,0.9858773716187493,0.2947749979260297,0.984052800570817,,0.9946485907955762,,0.9910453085979308,snv,vaf_bin,FD_T_1,strict,shared3,truth,>=20%,
,37058,3,32709,0.8826434238221167,0.8793268660285515,0.885880659655533,0.9132710885638728,0.9067767643513771,34257,0.04518784482003678,0.011144692104268984,0.9697530613348176,0.8352812002785157,0.9117869285984133,,0.9123536078579524,,0.8961897565977657,snv,lc,FD_T_1,strict,shared3,truth,,False
,2388,3,1981,0.8295644891122278,0.8139568036287692,0.8441135689686128,0.907035175879397,0.8895868230039085,2226,0.11006289308176101,0.02512562814070352,0.925952210605676,0.6518220534917077,0.8823283082077052,,0.9091289782244556,,0.8773031825795645,snv,lc,FD_T_1,strict,shared3,truth,,True
,1242,3,222,0.178743961352657,0.15843637895931262,0.20103268161009413,0.26006441223832527,0.25469672571121843,404,0.4504950495049505,0.06521739130434782,0.6776964710377733,0.7426808273439849,0.3148148148148148,,0.23429951690821257,,0.21497584541062803,snv,vaf_bin+lc,FD_T_1,strict,shared3,truth,<5%,False
,50,3,10,0.2,0.1124375001577611,0.3303710593222542,0.26,0.26,16,0.375,0.06,0.7400793650793651,0.7920997920997922,0.28,,0.24,,0.26,snv,vaf_bin+lc,FD_T_1,strict,shared3,truth,<5%,True
,3638,3,1768,0.48598130841121495,0.4697635364152369,0.5022286545811747,0.5805387575590985,0.5629466739967015,2264,0.21908127208480566,0.04178119846069269,0.850135705555474,0.8152876048218031,0.6025288620120945,,0.5761407366684992,,0.5101704233095107,snv,vaf_bin+lc,FD_T_1,strict,shared3,truth,5-10%,False
,215,3,92,0.42790697674418604,0.36360744792698196,0.4947374919804073,0.5441860465116279,0.5209302325581395,127,0.2755905511811024,0.046511627906976744,0.8103872096633081,0.7825647249190941,0.5674418604651162,,0.5488372093023256,,0.44651162790697674,snv,vaf_bin+lc,FD_T_1,strict,shared3,truth,5-10%,True
,5910,3,4938,0.8355329949238579,0.8258646471548652,0.844765437810395,0.8895093062605753,0.8774393683023125,5362,0.07907497202536368,0.017766497461928935,0.9468954428311543,0.7776234367087514,0.8937394247038917,,0.8917089678510999,,0.8468697123519459,snv,vaf_bin+lc,FD_T_1,strict,shared3,truth,10-20%,False
,361,3,270,0.7479224376731302,0.7006811483742375,0.7899429177025616,0.8808864265927978,0.8457987072945522,328,0.17682926829268292,0.027700831024930747,0.8809262406707642,0.5893758334858662,0.8642659279778393,,0.8698060941828255,,0.8033240997229917,snv,vaf_bin+lc,FD_T_1,strict,shared3,truth,10-20%,True
,26268,3,25781,0.9814603319628445,0.9797572784803212,0.9830225875464516,0.9955839805086036,0.9918278259986802,26227,0.017005376139093302,0.002855185015989036,0.9886533656910182,0.3017471725461946,0.986904218059997,,0.9956220496421502,,0.9929572102938937,snv,vaf_bin+lc,FD_T_1,strict,shared3,truth,>=20%,False
,1762,3,1609,0.91316685584563,0.8991035321748265,0.9254325510205358,0.9750283768444948,0.9614074914869466,1755,0.08319088319088319,0.020998864926220204,0.9441424336230071,0.25558487857952966,0.9415437003405221,,0.9801362088535754,,0.9625425652667423,snv,vaf_bin+lc,FD_T_1,strict,shared3,truth,>=20%,True
all,1625,3,1272,0.7827692307692308,0.7620656151655929,0.8021390807692528,0.9046153846153846,0.8722051282051283,1510,0.1576158940397351,0.024615384615384615,0.8938433179174926,0.562003868635513,0.8953846153846153,,0.8953846153846153,,0.8258461538461539,indel,all,FD_T_1,strict,shared3,truth,,
,102,3,19,0.18627450980392157,0.12262079699482112,0.27270121846962636,0.4803921568627451,0.40196078431372545,55,0.6545454545454545,0.058823529411764705,0.5406495588515566,0.5105957616953215,0.5196078431372549,,0.5,,0.18627450980392157,indel,vaf_bin,FD_T_1,strict,shared3,truth,<5%,
,287,3,169,0.5888501742160279,0.5311157879843336,0.6442374790732419,0.818815331010453,0.7537746806039488,245,0.31020408163265306,0.03484320557491289,0.7893355689383191,0.5244061982149604,0.818815331010453,,0.8362369337979094,,0.6062717770034843,indel,vaf_bin,FD_T_1,strict,shared3,truth,5-10%,
,422,3,344,0.8151658767772512,0.7753463124300167,0.849299302716635,0.9123222748815166,0.8941548183254344,403,0.14640198511166252,0.04265402843601896,0.9007719324539601,0.5075813511945579,0.9265402843601895,,0.9075829383886256,,0.8483412322274881,indel,vaf_bin,FD_T_1,strict,shared3,truth,10-20%,
,814,3,740,0.9090909090909091,0.8873734236694447,0.9269653369998351,0.984029484029484,0.9615069615069616,807,0.08302354399008674,0.007371007371007371,0.9445455049515111,0.2586991192141787,0.9533169533169533,,0.9594594594594594,,0.9717444717444718,indel,vaf_bin,FD_T_1,strict,shared3,truth,>=20%,
,1242,3,980,0.789049919484702,0.7654864060932765,0.8108309053242246,0.9106280193236715,0.8743961352657005,1147,0.14559721011333915,0.01288244766505636,0.9023738116272675,0.5919039524011891,0.893719806763285,,0.9049919484702094,,0.8244766505636071,indel,lc,FD_T_1,strict,shared3,truth,,False
,383,3,292,0.762402088772846,0.7173037790451542,0.8022889259683126,0.8851174934725848,0.8651000870322019,363,0.19559228650137742,0.06266318537859007,0.8668537435335854,0.47050691244239684,0.9007832898172323,,0.8642297650130548,,0.8302872062663186,indel,lc,FD_T_1,strict,shared3,truth,,True
,89,3,17,0.19101123595505617,0.1228195648849351,0.28477268217117596,0.4943820224719101,0.4119850187265917,49,0.6530612244897959,0.056179775280898875,0.5433012093726379,0.5052692530399533,0.5393258426966292,,0.5056179775280899,,0.19101123595505617,indel,vaf_bin+lc,FD_T_1,strict,shared3,truth,<5%,False
,13,3,2,0.15384615384615385,0.043258178358081184,0.4223463101948254,0.38461538461538464,0.3333333333333333,6,0.6666666666666666,0.07692307692307693,0.5222222222222223,0.5384615384615385,0.38461538461538464,,0.46153846153846156,,0.15384615384615385,indel,vaf_bin+lc,FD_T_1,strict,shared3,truth,<5%,True
,255,3,151,0.592156862745098,0.530905353896447,0.6506729767702724,0.8313725490196079,0.7607843137254902,219,0.3105022831050228,0.027450980392156862,0.7900333132305217,0.5115768125739397,0.8196078431372549,,0.8509803921568627,,0.611764705882353,indel,vaf_bin+lc,FD_T_1,strict,shared3,truth,5-10%,False
,32,3,18,0.5625,0.3932559113685198,0.7183466888495963,0.71875,0.6979166666666666,26,0.3076923076923077,0.09375,0.786510590858417,0.604734945959856,0.8125,,0.71875,,0.5625,indel,vaf_bin+lc,FD_T_1,strict,shared3,truth,5-10%,True
,342,3,298,0.8713450292397661,0.8316927749969268,0.9027478003641941,0.9473684210526315,0.9259259259259259,328,0.09146341463414634,0.011695906432748537,0.9387121729368317,0.5736842105263155,0.9385964912280702,,0.9502923976608187,,0.8888888888888888,indel,vaf_bin+lc,FD_T_1,strict,shared3,truth,10-20%,False
,80,3,46,0.575,0.4656928984656886,0.6774343821039822,0.7625,0.7583333333333333,75,0.38666666666666666,0.175,0.7254074876610087,0.3406593406593406,0.875,,0.725,,0.675,indel,vaf_bin+lc,FD_T_1,strict,shared3,truth,10-20%,True
,556,3,514,0.9244604316546763,0.8994649463270119,0.9436308847575026,0.9910071942446043,0.9688249400479617,551,0.06715063520871144,0.0,0.9552329098608591,0.2655654988575791,0.9568345323741008,,0.9658273381294964,,0.9838129496402878,indel,vaf_bin+lc,FD_T_1,strict,shared3,truth,>=20%,False
,258,3,226,0.875968992248062,0.8301495548378546,0.9107567969436976,0.9689922480620154,0.9457364341085271,256,0.1171875,0.023255813953488372,0.9213995325885999,0.244730679156909,0.9457364341085271,,0.9457364341085271,,0.9457364341085271,indel,vaf_bin+lc,FD_T_1,strict,shared3,truth,>=20%,True
all,39446,3,32979,0.8360543527860873,0.8323681210680368,0.8396751373991557,0.9364954621507884,0.9076543460257905,37490,0.12032542011202987,0.013917760989707447,0.9194836619029089,0.545209222457755,0.8718754753333672,,0.9342138619885413,,0.9168737007554632,snv,all,NS_T_1,strict,shared3,truth,,
,1292,3,266,0.20588235294117646,0.184721715408925,0.22878678532105406,0.34674922600619196,0.3299793601651187,565,0.5292035398230088,0.09055727554179567,0.6198357105411741,0.651090766605962,0.42569659442724456,,0.2917956656346749,,0.2724458204334365,snv,vaf_bin,NS_T_1,strict,shared3,truth,<5%,
,3853,3,2123,0.550999221385933,0.5352508164400309,0.5666460346999607,0.6966000519076044,0.6703867116532573,2942,0.27838205302515295,0.06696080975862964,0.8080862904570058,0.679348313168171,0.7386452115234882,,0.686478069037114,,0.5860368543991695,snv,vaf_bin,NS_T_1,strict,shared3,truth,5-10%,
,6271,3,5422,0.8646148939563069,0.8559234116278487,0.8728599417063818,0.9413171742943709,0.9203210545899112,5989,0.09467356820838203,0.013713921224685057,0.9365407656655863,0.5889997667383357,0.9108595120395471,,0.9457821719024079,,0.9043214798277787,snv,vaf_bin,NS_T_1,strict,shared3,truth,10-20%,
,28030,3,25168,0.8978951123795933,0.8942957687045481,0.9013854094445686,0.9955761683910096,0.9640623141871805,27994,0.10095020361506037,0.003139493399928648,0.9326082467944451,0.02999808610640421,0.9020335354976811,,0.9952907599001071,,0.9948626471637532,snv,vaf_bin,NS_T_1,strict,shared3,truth,>=20%,
,37058,3,31067,0.8383345026714879,0.8345512499449836,0.8420476186746955,0.9363700145717524,0.9081170057747315,35192,0.11721413957717663,0.013276485509201791,0.9215887760408523,0.5553239150205909,0.8730368611365967,,0.934292190620109,,0.9170219655674888,snv,lc,NS_T_1,strict,shared3,truth,,False
,2388,3,1912,0.8006700167504187,0.7841697045184497,0.8162045363010169,0.9384422110552764,0.9004745951982133,2298,0.1679721496953873,0.02386934673366834,0.8871227489895036,0.39878984155668784,0.8538525963149078,,0.932998324958124,,0.914572864321608,snv,lc,NS_T_1,strict,shared3,truth,,True
,1242,3,251,0.20209339774557167,0.18069491015312072,0.2253290307257778,0.33735909822866345,0.32232957595276435,531,0.527306967984934,0.09017713365539452,0.6208242762499517,0.6559698601000818,0.41626409017713367,,0.2834138486312399,,0.2673107890499195,snv,vaf_bin+lc,NS_T_1,strict,shared3,truth,<5%,False
,50,3,15,0.3,0.19103553500880954,0.437503504644534,0.58,0.52,34,0.5588235294117647,0.1,0.6054766734279918,0.4925213675213673,0.66,,0.5,,0.4,snv,vaf_bin+lc,NS_T_1,strict,shared3,truth,<5%,True
,3638,3,2005,0.5511269928532161,0.5349191564299768,0.567226970524287,0.6954370533260033,0.6696903060289537,2774,0.2772170151405912,0.06706981858163827,0.8088728767949943,0.6814724080983126,0.7374931280923585,,0.6858163826278175,,0.585761407366685,snv,vaf_bin+lc,NS_T_1,strict,shared3,truth,5-10%,False
,215,3,118,0.5488372093023256,0.48204609310273044,0.6139137863148445,0.7162790697674418,0.6821705426356589,168,0.2976190476190476,0.06511627906976744,0.7951902196680999,0.6424611973392462,0.7581395348837209,,0.6976744186046512,,0.5906976744186047,snv,vaf_bin+lc,NS_T_1,strict,shared3,truth,5-10%,True
,5910,3,5137,0.8692047377326565,0.8603680629382857,0.8775617632816828,0.9428087986463621,0.9225042301184433,5647,0.09031344076500797,0.012690355329949238,0.9394823315610363,0.5976397427970025,0.9125211505922166,,0.9485617597292724,,0.9064297800338409,snv,vaf_bin+lc,NS_T_1,strict,shared3,truth,10-20%,False
,361,3,285,0.7894736842105263,0.744481990105765,0.8283695730788775,0.9168975069252078,0.8845798707294552,342,0.16666666666666666,0.030470914127423823,0.8877039801118358,0.48450104384133635,0.8836565096952909,,0.9002770083102493,,0.8698060941828255,snv,vaf_bin+lc,NS_T_1,strict,shared3,truth,10-20%,True
,26268,3,23674,0.9012486675803258,0.8975821007033091,0.9047978935974883,0.9966118471143597,0.9655981929851277,26240,0.09778963414634147,0.0023222171463377493,0.9347421819165508,0.019763905651516908,0.9045226130653267,,0.996269224912441,,0.9960027409776153,snv,vaf_bin+lc,NS_T_1,strict,shared3,truth,>=20%,False
,1762,3,1494,0.8479001135073779,0.8303764155034054,0.8639101490553268,0.9801362088535754,0.9411653424139236,1754,0.14823261117445838,0.01532349602724177,0.900532843071621,0.11172583173100185,0.8649262202043133,,0.9807037457434733,,0.9778660612939841,snv,vaf_bin+lc,NS_T_1,strict,shared3,truth,>=20%,True
all,1625,3,1237,0.7612307692307693,0.7399014339125908,0.7813279315375551,0.916923076923077,0.875897435897436,1543,0.1983149708360337,0.032615384615384616,0.8662365253435095,0.4225521125670161,0.8726153846153846,,0.9126153846153846,,0.8424615384615385,indel,all,NS_T_1,strict,shared3,truth,,
,102,3,25,0.24509803921568626,0.17188155492783067,0.3368175826370329,0.5294117647058824,0.4705882352941177,65,0.6153846153846154,0.10784313725490197,0.558168456755229,0.47530864197530825,0.5882352941176471,,0.5588235294117647,,0.2647058823529412,indel,vaf_bin,NS_T_1,strict,shared3,truth,<5%,
,287,3,165,0.5749128919860628,0.5171002245927863,0.6307466476322283,0.8466898954703833,0.775842044134727,260,0.36538461538461536,0.059233449477351915,0.7495802168845648,0.3655564518631134,0.8222996515679443,,0.8710801393728222,,0.6341463414634146,indel,vaf_bin,NS_T_1,strict,shared3,truth,5-10%,
,422,3,343,0.8127962085308057,0.7728185780780475,0.847130453496073,0.9360189573459715,0.9067930489731437,410,0.16341463414634147,0.035545023696682464,0.8897998430334315,0.3738410204925293,0.9123222748815166,,0.9360189573459715,,0.8720379146919431,indel,vaf_bin,NS_T_1,strict,shared3,truth,10-20%,
,814,3,704,0.8648648648648649,0.8396585008928058,0.8866436370014169,0.9803439803439803,0.9459459459459459,808,0.12871287128712872,0.012285012285012284,0.9139221358657817,0.16709956709956664,0.9054054054054054,,0.9594594594594594,,0.972972972972973,indel,vaf_bin,NS_T_1,strict,shared3,truth,>=20%,
,1242,3,955,0.7689210950080515,0.7446706460251844,0.7915131478841342,0.926731078904992,0.8805689747718733,1175,0.18723404255319148,0.01932367149758454,0.8742146622232049,0.4385652497012082,0.8679549114331723,,0.9259259259259259,,0.8478260869565217,indel,lc,NS_T_1,strict,shared3,truth,,False
,383,3,282,0.7362924281984334,0.6899728529990269,0.7779190853464332,0.8851174934725848,0.8607484769364665,368,0.23369565217391305,0.07571801566579635,0.8404263280191188,0.37554347826087003,0.8877284595300261,,0.8694516971279374,,0.825065274151436,indel,lc,NS_T_1,strict,shared3,truth,,True
,89,3,21,0.23595505617977527,0.1598243870081069,0.3339362604762063,0.550561797752809,0.4794007490636704,58,0.6379310344827587,0.10112359550561797,0.54447391688771,0.44475044964028765,0.6067415730337079,,0.5730337078651685,,0.25842696629213485,indel,vaf_bin+lc,NS_T_1,strict,shared3,truth,<5%,False
,13,3,4,0.3076923076923077,0.12680703655710515,0.5763065681945096,0.38461538461538464,0.4102564102564103,7,0.42857142857142855,0.15384615384615385,0.6825396825396824,0.6820652173913043,0.46153846153846156,,0.46153846153846156,,0.3076923076923077,indel,vaf_bin+lc,NS_T_1,strict,shared3,truth,<5%,True
,255,3,151,0.592156862745098,0.530905353896447,0.6506729767702724,0.8549019607843137,0.7803921568627451,228,0.33771929824561403,0.0392156862745098,0.7704695121413389,0.41268844221105533,0.8156862745098039,,0.8784313725490196,,0.6470588235294118,indel,vaf_bin+lc,NS_T_1,strict,shared3,truth,5-10%,False
,32,3,14,0.4375,0.2816533111504036,0.6067440886314801,0.78125,0.7395833333333334,32,0.5625,0.21875,0.5916461412151067,0.02647887323943637,0.875,,0.8125,,0.53125,indel,vaf_bin+lc,NS_T_1,strict,shared3,truth,5-10%,True
,342,3,296,0.8654970760233918,0.8252497897674245,0.8976247922809228,0.9736842105263158,0.9415204678362573,337,0.12166172106824925,0.011695906432748537,0.9184957589413515,0.27422360248447014,0.9269005847953217,,0.97953216374269,,0.9181286549707602,indel,vaf_bin+lc,NS_T_1,strict,shared3,truth,10-20%,False
,80,3,47,0.5875,0.47804040345890164,0.6889414238723812,0.775,0.7583333333333333,73,0.3561643835616438,0.1375,0.7524643038341668,0.4088669950738916,0.85,,0.75,,0.675,indel,vaf_bin+lc,NS_T_1,strict,shared3,truth,10-20%,True
,556,3,487,0.8758992805755396,0.845887937800052,0.9007520143044544,0.9910071942446043,0.9532374100719424,552,0.11775362318840579,0.0017985611510791368,0.9214405954917279,0.12578616352201327,0.8974820143884892,,0.9712230215827338,,0.9910071942446043,indel,vaf_bin+lc,NS_T_1,strict,shared3,truth,>=20%,False
,258,3,217,0.8410852713178295,0.7915170109884296,0.880645452483494,0.9573643410852714,0.9302325581395349,256,0.15234375,0.03488372093023256,0.8974193814008543,0.22361111111111193,0.9224806201550387,,0.9341085271317829,,0.9341085271317829,indel,vaf_bin+lc,NS_T_1,strict,shared3,truth,>=20%,True
all,39446,3,29190,0.7399989859554834,0.7356471412700208,0.7443040904672235,0.994879075191401,0.9115246159306394,39434,0.25977582796571486,0.004816711453632815,0.8266152947953448,-0.07338244142819983,0.7820818333924859,,0.9648887086143082,,0.987603305785124,snv,all,NS_380X,strict,shared3,truth,,
,1292,3,250,0.19349845201238391,0.17287921039277238,0.21593491142057425,0.9202786377708978,0.7035603715170279,1288,0.8059006211180124,0.07662538699690402,0.4426597458158919,-0.2840323196810542,0.9845201238390093,,0.21439628482972137,,0.9117647058823529,snv,vaf_bin,NS_380X,strict,shared3,truth,<5%,
,3853,3,3218,0.8351933558266286,0.8231459222361445,0.8465730764778455,0.9885803270179081,0.9410848689332987,3851,0.16437289015840043,0.010900596937451337,0.8899946871931043,0.012293737592668413,0.970153127433169,,0.926031663638723,,0.9270698157280042,snv,vaf_bin,NS_380X,strict,shared3,truth,5-10%,
,6271,3,5690,0.9073512996332324,0.8999237058474638,0.9142801323735255,0.9979269653962686,0.9683197788763089,6269,0.09235922794704099,0.0017541062031573912,0.9383755828924452,-0.0032600089966853363,0.91500558124701,,0.9968107159942593,,0.9931430393876575,snv,vaf_bin,NS_380X,strict,shared3,truth,10-20%,
,28030,3,20032,0.7146628612201213,0.709347250054495,0.7199196421649291,0.9985016054227613,0.9043405874658105,28026,0.285235138799686,0.0013556903317873707,0.8097217564941145,-0.09890477188079003,0.7171601855155191,,0.9976810560114163,,0.9981805208704959,snv,vaf_bin,NS_380X,strict,shared3,truth,>=20%,
,37058,3,27543,0.7432403259754978,0.7387675766853187,0.7476626515598391,0.9957633979167791,0.912929282026373,37050,0.25659919028340084,0.004020724270063144,0.8287965225946897,-0.07579866098016226,0.7845809271952076,,0.9655405040746937,,0.988666414809218,snv,lc,NS_380X,strict,shared3,truth,,False
,2388,3,1647,0.6896984924623115,0.6708515876089309,0.7079360601504261,0.9811557788944724,0.8897264098269123,2384,0.3091442953020134,0.017169179229480736,0.7925457160842142,-0.048537372951031985,0.7432998324958124,,0.9547738693467337,,0.9711055276381909,snv,lc,NS_380X,strict,shared3,truth,,True
,1242,3,239,0.19243156199677938,0.17146945475128886,0.21529039772368205,0.9227053140096618,0.7039720880300591,1238,0.8069466882067852,0.07407407407407407,0.44260241581649246,-0.28657330422108074,0.9847020933977456,,0.21256038647342995,,0.9146537842190016,snv,vaf_bin+lc,NS_380X,strict,shared3,truth,<5%,False
,50,3,11,0.22,0.1275391597021442,0.3524154958125367,0.86,0.6933333333333334,50,0.78,0.14,0.4451020408163265,-0.22282608695652198,0.98,,0.26,,0.84,snv,vaf_bin+lc,NS_380X,strict,shared3,truth,<5%,True
,3638,3,3045,0.836998350742166,0.8246413552232754,0.8486444063139689,0.9895547003848268,0.9420927249404435,3637,0.16277151498487766,0.01017042330951072,0.8910861706688342,0.0057147922263072635,0.9716877405167674,,0.9241341396371633,,0.9304562946673997,snv,vaf_bin+lc,NS_380X,strict,shared3,truth,5-10%,False
,215,3,173,0.8046511627906977,0.7465037164670477,0.8521031503759197,0.9720930232558139,0.924031007751938,214,0.19158878504672897,0.023255813953488372,0.8712307531786134,0.09447335981372297,0.9441860465116279,,0.958139534883721,,0.8697674418604651,snv,vaf_bin+lc,NS_380X,strict,shared3,truth,5-10%,True
,5910,3,5390,0.9120135363790186,0.9045212011743774,0.9189706076457983,0.9984771573604061,0.9700507614213199,5908,0.08767772511848342,0.0011844331641285956,0.9415140497513876,-0.0056359208901643676,0.916751269035533,,0.999492385786802,,0.9939086294416244,snv,vaf_bin+lc,NS_380X,strict,shared3,truth,10-20%,False
,361,3,300,0.8310249307479224,0.7889302947425361,0.8661487655499498,0.9889196675900277,0.9399815327793167,361,0.16897506925207756,0.0110803324099723,0.8868458347158029,0.0016170470001515389,0.8864265927977839,,0.9529085872576177,,0.9806094182825484,snv,vaf_bin+lc,NS_380X,strict,shared3,truth,10-20%,True
,26268,3,18869,0.718326480889295,0.7128552416262613,0.7237338729197608,0.9994670321303487,0.9059184812953657,26267,0.2816461720028934,0.0004948987361047662,0.8121895569160559,-0.10146987978849817,0.7194685548956906,,0.9992386173290696,,0.999048271661337,snv,vaf_bin+lc,NS_380X,strict,shared3,truth,>=20%,False
,1762,3,1163,0.6600454029511919,0.6376007343293123,0.6817937374579023,0.9841089670828603,0.880817253121453,1759,0.3388288800454804,0.014188422247446084,0.772688189115458,-0.07403861888397929,0.6827468785471056,,0.9744608399545971,,0.985244040862656,snv,vaf_bin+lc,NS_380X,strict,shared3,truth,>=20%,True
all,1625,3,1141,0.7021538461538461,0.6794633882871719,0.7238907849763685,0.9255384615384615,0.874051282051282,1616,0.2939356435643564,0.06892307692307692,0.80136799801335,0.11490818552021369,0.8276923076923077,,0.9181538461538462,,0.8763076923076923,indel,all,NS_380X,strict,shared3,truth,,
,102,3,40,0.39215686274509803,0.302975181892627,0.48916676092327677,0.5392156862745098,0.6339869281045751,99,0.5959595959595959,0.43137254901960786,0.5676767676767677,0.16909057437407946,0.9509803921568627,,0.5294117647058824,,0.4215686274509804,indel,vaf_bin,NS_380X,strict,shared3,truth,<5%,
,287,3,214,0.7456445993031359,0.6922447911139196,0.7925554178099654,0.9512195121951219,0.8989547038327527,287,0.25435540069686413,0.04878048780487805,0.8275633337404099,0.06660429475184827,0.8954703832752613,,0.9581881533101045,,0.8432055749128919,indel,vaf_bin,NS_380X,strict,shared3,truth,5-10%,
,422,3,330,0.7819905213270142,0.7401483724445553,0.8187450726866593,0.9502369668246445,0.9091627172195893,420,0.21428571428571427,0.045023696682464455,0.8562399324972065,0.1391984285876167,0.8459715639810427,,0.9502369668246445,,0.9312796208530806,indel,vaf_bin,NS_380X,strict,shared3,truth,10-20%,
,814,3,557,0.6842751842751843,0.6515424576002814,0.7152768039624574,0.952088452088452,0.8771498771498772,810,0.31234567901234567,0.042997542997543,0.7897724429503304,0.03855275443510669,0.7788697788697788,,0.9361179361179361,,0.9164619164619164,indel,vaf_bin,NS_380X,strict,shared3,truth,>=20%,
,1242,3,932,0.750402576489533,0.7255864113711157,0.7736745464306751,0.9541062801932367,0.9006977992485239,1239,0.24778046811945117,0.043478260869565216,0.8334383182838029,0.07879232032986572,0.8252818035426731,,0.9476650563607085,,0.92914653784219,indel,lc,NS_380X,strict,shared3,truth,,False
,383,3,209,0.5456919060052219,0.4956190875322942,0.5948572541367173,0.8328981723237598,0.7876414273281114,377,0.44562334217506633,0.1514360313315927,0.6916003694175078,0.1258400507200437,0.835509138381201,,0.8224543080939948,,0.7049608355091384,indel,lc,NS_380X,strict,shared3,truth,,True
,89,3,36,0.4044943820224719,0.3085343968169969,0.5083577522730738,0.5393258426966292,0.6367041198501873,86,0.5813953488372093,0.42696629213483145,0.5786498708010336,0.19041843541540301,0.9550561797752809,,0.5280898876404494,,0.42696629213483145,indel,vaf_bin+lc,NS_380X,strict,shared3,truth,<5%,False
,13,3,4,0.3076923076923077,0.12680703655710515,0.5763065681945096,0.5384615384615384,0.6153846153846154,13,0.6923076923076923,0.46153846153846156,0.4945054945054945,0.02499999999999966,0.9230769230769231,,0.5384615384615384,,0.38461538461538464,indel,vaf_bin+lc,NS_380X,strict,shared3,truth,<5%,True
,255,3,196,0.7686274509803922,0.7131121095689552,0.8161694074808437,0.9647058823529412,0.9111111111111111,255,0.23137254901960785,0.03529411764705882,0.8437087864016998,0.04770444763271147,0.8862745098039215,,0.9764705882352941,,0.8705882352941177,indel,vaf_bin+lc,NS_380X,strict,shared3,truth,5-10%,False
,32,3,18,0.5625,0.3932559113685198,0.7183466888495963,0.84375,0.8020833333333334,32,0.4375,0.15625,0.6929012345679012,0.08133971291865998,0.96875,,0.8125,,0.625,indel,vaf_bin+lc,NS_380X,strict,shared3,truth,5-10%,True
,342,3,284,0.8304093567251462,0.7870184758022275,0.8664601463694784,0.9912280701754386,0.9405458089668616,342,0.1695906432748538,0.008771929824561403,0.8864756456337402,-0.010923299074150856,0.8421052631578947,,0.9912280701754386,,0.9883040935672515,indel,vaf_bin+lc,NS_380X,strict,shared3,truth,10-20%,False
,80,3,46,0.575,0.4656928984656886,0.6774343821039822,0.775,0.775,78,0.41025641025641024,0.2,0.7187758478081059,0.23536439665471887,0.8625,,0.775,,0.6875,indel,vaf_bin+lc,NS_380X,strict,shared3,truth,10-20%,True
,556,3,416,0.7482014388489209,0.7105036932855918,0.7824930215011158,0.9928057553956835,0.9136690647482014,556,0.2517985611510791,0.007194244604316547,0.8315434608834672,-0.06408573928259055,0.7661870503597122,,0.9748201438848921,,1.0,indel,vaf_bin+lc,NS_380X,strict,shared3,truth,>=20%,False
,258,3,141,0.5465116279069767,0.485526181919557,0.6061323358266143,0.8643410852713178,0.7984496124031008,254,0.4448818897637795,0.12015503875968993,0.6936164256750952,0.09279312920089615,0.8062015503875969,,0.8527131782945736,,0.7364341085271318,indel,vaf_bin+lc,NS_380X,strict,shared3,truth,>=20%,True
all,288989,3,101180,0.35011713248601156,0.34838000677988573,0.35185824285044637,0.42146586894310856,0.5905276671430401,288989,0.6498828675139884,0.5785341310568914,0.5225728126846552,0.10412169266287069,0.3888175674506642,,0.96728941239978,,0.415476021578676,snv,all,IL_T_1,strict,shared3,union,,
,54199,3,31,0.000571966272440451,0.0004029943947335415,0.0008117289859717965,0.023376815070388753,0.3413162604476097,54199,0.9994280337275595,0.9766231849296112,0.07742616928736272,-0.4818230677318767,0.08129301278621377,,0.9235410247421539,,0.019114743814461523,snv,vaf_bin,IL_T_1,strict,shared3,union,<5%,
,72997,3,3532,0.048385550091099634,0.046852549770930396,0.04996608022811719,0.07842788059783279,0.37560447689631077,72997,0.9516144499089003,0.9215721194021672,0.2121396987393651,-0.35253724358072674,0.09351069222022823,,0.9809444223735222,,0.052358316095181996,snv,vaf_bin,IL_T_1,strict,shared3,union,5-10%,
,31764,3,6653,0.2094509507618688,0.2050112891837349,0.21396088039453742,0.25198337740838683,0.4871447760567518,31764,0.7905490492381312,0.7480166225916132,0.39413581001550146,-0.05476262569602317,0.2699911849892961,,0.9525878352852286,,0.238855307895731,snv,vaf_bin,IL_T_1,strict,shared3,union,10-20%,
,130029,3,90964,0.699567019664844,0.6970693351127745,0.7020529129112801,0.8213783079159265,0.8403151091935901,130029,0.30043298033515603,0.17862169208407355,0.7895040753367977,0.2536881227565642,0.7118104422859516,,0.9814502918579702,,0.8276845934368487,snv,vaf_bin,IL_T_1,strict,shared3,union,>=20%,
,173394,3,95120,0.548577228739172,0.5462338827910912,0.5509184223256981,0.6440361258175024,0.7308711181855582,173394,0.4514227712608279,0.35596387418249764,0.6777574848431954,0.23500058925548645,0.5862428919109081,,0.9713542567793579,,0.6350162058664083,snv,lc,IL_T_1,strict,shared3,union,,False
,115595,3,6060,0.05242441282062373,0.05115437186833153,0.05372420049296261,0.08760759548423375,0.3800106694349525,115595,0.9475755871793763,0.9123924045157662,0.19210280158566476,-0.34064132546649606,0.09267701890220165,,0.9611920930836109,,0.08616289631904495,snv,lc,IL_T_1,strict,shared3,union,,True
,14730,3,29,0.0019687712152070603,0.0013711892714375923,0.002826050056373388,0.07304820095044127,0.3583389907218828,14730,0.9980312287847929,0.9269517990495587,0.10981467173167099,-0.44684883795190644,0.20482009504412763,,0.8034623217922607,,0.06673455532926001,snv,vaf_bin+lc,IL_T_1,strict,shared3,union,<5%,False
,39469,3,2,5.067267982467253e-05,1.389638651641145e-05,0.00018475814482444934,0.0048392409232562265,0.3349633045343603,39469,0.9999493273201753,0.9951607590767437,0.010822084766772815,-0.49628353139172354,0.03519217613823507,,0.968354911449492,,0.001342826015353822,snv,vaf_bin+lc,IL_T_1,strict,shared3,union,<5%,True
,35992,3,3341,0.09282618359635475,0.0898715236511009,0.09586775032779213,0.13647477217159368,0.4097669852559828,35992,0.9071738164036453,0.8635252278284063,0.2846235862074787,-0.25028433345567946,0.1470048899755501,,0.9841631473660813,,0.09813291842631695,snv,vaf_bin+lc,IL_T_1,strict,shared3,union,5-10%,False
,37005,3,191,0.005161464666936901,0.0044809642281075915,0.005944692010010954,0.021970004053506284,0.3423771562401477,37005,0.9948385353330631,0.9780299959464938,0.0504864040056659,-0.47282000171816846,0.04148088096203216,,0.9778138089447372,,0.007836778813673827,snv,vaf_bin+lc,IL_T_1,strict,shared3,union,5-10%,True
,14992,3,6275,0.4185565635005336,0.4106816474081692,0.42647320604197886,0.4731856990394877,0.6305807541800071,14992,0.5814434364994664,0.5268143009605123,0.5822003006292424,0.16799489934611236,0.4695837780149413,,0.9735192102454643,,0.4486392742796158,snv,vaf_bin+lc,IL_T_1,strict,shared3,union,10-20%,False
,16772,3,378,0.022537562604340568,0.0203982376050528,0.02489555351033542,0.05425709515859766,0.35893155258764603,16772,0.9774624373956594,0.9457429048414023,0.09550248455311768,-0.41599846576227395,0.09158120677319342,,0.9338778917243024,,0.05133555926544241,snv,vaf_bin+lc,IL_T_1,strict,shared3,union,10-20%,True
,107680,3,85475,0.793787147102526,0.7913601666736044,0.7961931667036696,0.9155832095096582,0.9031234522040613,107680,0.20621285289747399,0.08441679049034176,0.8584674971264891,0.2143507477666239,0.8014765973254087,,0.9897381129271917,,0.9181556463595839,snv,vaf_bin+lc,IL_T_1,strict,shared3,union,>=20%,False
,22349,3,5489,0.24560383014899995,0.2400045233973934,0.25129057566425766,0.36748847823168823,0.537697436126896,22349,0.754396169851,0.6325115217683118,0.4069133909455758,-0.01161195339767546,0.27978880486822677,,0.9415186361805897,,0.3917848673318717,snv,vaf_bin+lc,IL_T_1,strict,shared3,union,>=20%,True
all,49534,3,7942,0.1603343158234748,0.15712948092639029,0.16359183011474127,0.3050026244599669,0.48844564676114727,49534,0.8396656841765252,0.6949973755400332,0.30069934793551845,-0.12015242075614278,0.27415512577219686,,0.8847054548391005,,0.30647635967214437,indel,all,IL_T_1,strict,shared3,union,,
,17556,3,32,0.001822738664843928,0.0012914876126710797,0.0025719560852568344,0.023923444976076555,0.3419153945469735,17556,0.998177261335156,0.9760765550239234,0.012303800529363177,-0.4787202866559532,0.19281157439052177,,0.829630895420369,,0.0033037138300296195,indel,vaf_bin,IL_T_1,strict,shared3,union,<5%,
,6587,3,230,0.03491726127220282,0.030748252805537647,0.039628414835272165,0.07924700166995598,0.3713880876473863,6587,0.9650827387277972,0.920752998330044,0.13068385464223234,-0.37794764524802915,0.12600576893881887,,0.9307727341733718,,0.057385759829968117,indel,vaf_bin,IL_T_1,strict,shared3,union,5-10%,
,5939,3,625,0.10523657181343661,0.09768588912382549,0.11329760547364069,0.21788179828253915,0.44103945669865857,5939,0.8947634281865634,0.7821182017174608,0.23897194352882875,-0.20984120922762198,0.235393163832295,,0.8659707021384071,,0.22175450412527362,indel,vaf_bin,IL_T_1,strict,shared3,union,10-20%,
,19452,3,7055,0.3626876413736377,0.3559590721143756,0.3694704339130751,0.6617314414970183,0.6748063609568854,19452,0.6373123586263624,0.3382685585029817,0.5207737508847617,0.03192305845184884,0.40957228048529715,,0.9245321817807938,,0.690314620604565,indel,vaf_bin,IL_T_1,strict,shared3,union,>=20%,
,10742,3,4153,0.38661329361385216,0.37744641378083504,0.39586124115386384,0.5463600819214299,0.6443244585117607,10742,0.6133867063861478,0.4536399180785701,0.5267046630448832,0.10781588612507007,0.6061254887358034,,0.8126047291007261,,0.5142431576987525,indel,lc,IL_T_1,strict,shared3,union,,False
,38792,3,3789,0.09767477830480512,0.0947602259368833,0.1006690049735568,0.23816766343575996,0.44528081391352164,38792,0.9023252216951949,0.7618323365642401,0.22518600510054151,-0.21768420377495767,0.18222829449371003,,0.9046710661992163,,0.24894308104763868,indel,lc,IL_T_1,strict,shared3,union,,True
,3165,3,25,0.007898894154818325,0.00535606125567787,0.011634835739443995,0.09194312796208531,0.3666140073723012,3165,0.9921011058451816,0.9080568720379147,0.0413635611445812,-0.4241547086292093,0.6243285939968405,,0.46477093206951026,,0.010742496050552922,indel,vaf_bin+lc,IL_T_1,strict,shared3,union,<5%,False
,14391,3,7,0.00048641512056146204,0.0002356432079318277,0.0010037909929750156,0.008963935793204087,0.33648345030458854,14391,0.9995135848794385,0.9910360642067959,0.005466872678114554,-0.49228570291180723,0.09790841498158571,,0.9098742269473977,,0.0016677089847821555,indel,vaf_bin+lc,IL_T_1,strict,shared3,union,<5%,True
,1074,3,186,0.17318435754189945,0.15172844894046028,0.19696982736440194,0.2774674115456238,0.48355058969584114,1074,0.8268156424581006,0.7225325884543762,0.3373425719126586,-0.10361533524242121,0.30446927374301674,,0.9450651769087524,,0.2011173184357542,indel,vaf_bin+lc,IL_T_1,strict,shared3,union,5-10%,False
,5513,3,44,0.007981135497914021,0.005950888319804859,0.010696582793190761,0.04063123526210775,0.3495374569200072,5513,0.992018864502086,0.9593687647378922,0.053797374109124725,-0.4543959658604313,0.09123888989660801,,0.9279883910756394,,0.029385089787774352,indel,vaf_bin+lc,IL_T_1,strict,shared3,union,5-10%,True
,796,3,402,0.5050251256281407,0.4703517034371731,0.5396502787203852,0.6080402010050251,0.704355108877722,796,0.4949748743718593,0.39195979899497485,0.6404291133834134,0.20768139911679406,0.6030150753768844,,0.9120603015075377,,0.5979899497487438,indel,vaf_bin+lc,IL_T_1,strict,shared3,union,10-20%,False
,5143,3,223,0.043359906669259186,0.03812618576489556,0.04927527441603785,0.1574956251215244,0.4002851772635945,5143,0.9566400933307408,0.8425043748784756,0.14579177875211244,-0.32835156669535515,0.17849504180439432,,0.8588372545207078,,0.1635232354656815,indel,vaf_bin+lc,IL_T_1,strict,shared3,union,10-20%,True
,5707,3,3540,0.620290870860347,0.6076227242087386,0.6327971876204244,0.8403714736288768,0.820220781496408,5707,0.37970912913965305,0.15962852637112318,0.73389587009103,0.14165965325936478,0.6532328719116874,,0.9667075521289644,,0.840721920448572,indel,vaf_bin+lc,IL_T_1,strict,shared3,union,>=20%,False
,13745,3,3515,0.25572935612950165,0.24850488162037085,0.26309033022986605,0.5875591124045108,0.6144294895113375,13745,0.7442706438704983,0.41244088759548925,0.4213984263590172,-0.04720998115412538,0.3084030556566024,,0.9070207348126591,,0.6278646780647508,indel,vaf_bin+lc,IL_T_1,strict,shared3,union,>=20%,True
all,314546,3,105281,0.334707801084738,0.33306073558935256,0.33635890386192646,0.401235431383645,0.5786477441561276,314546,0.665292198915262,0.598764568616355,0.5012038483119657,0.09043950671238989,0.40051057714928817,,0.9412899862023361,,0.39414266911675877,snv,all,NV_T_1,strict,shared3,union,,
,62330,3,36,0.0005775709931012354,0.000417244833736332,0.0007994531435702152,0.03394833948339483,0.34484197015883206,62330,0.9994224290068988,0.9660516605166052,0.08443668086736572,-0.47455729151737036,0.11602759505855928,,0.8891063693245628,,0.029391946093373977,snv,vaf_bin,NV_T_1,strict,shared3,union,<5%,
,85612,3,4050,0.04730645236649068,0.04590459206114109,0.048748936079658196,0.07678830070550857,0.3746982510239998,85612,0.9526935476335093,0.9232116992944914,0.16747637193339981,-0.35537871071101274,0.1250058403027613,,0.9484184460122412,,0.050670466756996685,snv,vaf_bin,NV_T_1,strict,shared3,union,5-10%,
,35748,3,6655,0.18616426093767482,0.18216310227344798,0.19023286155839272,0.22457200402819738,0.4702454216552907,35748,0.8138357390623252,0.7754279959718026,0.33535539684238747,-0.08897073407502974,0.3042407966879266,,0.8950151057401813,,0.21148036253776434,snv,vaf_bin,NV_T_1,strict,shared3,union,10-20%,
,130856,3,94540,0.7224735587210369,0.7200409226771166,0.7248931331105185,0.8367136394204316,0.8530623993804896,130856,0.27752644127896314,0.16328636057956838,0.8058695185430055,0.26197789768491764,0.7425643455401357,,0.9741242281591979,,0.8424986244421349,snv,vaf_bin,NV_T_1,strict,shared3,union,>=20%,
,167044,3,98614,0.5903474533655804,0.5879871275731252,0.5927036238691239,0.6852805248916453,0.7585426594190752,167044,0.4096525466344197,0.3147194751083547,0.708560786056046,0.25445479500374396,0.6378738535954599,,0.9594478101578028,,0.6783063145039631,snv,lc,NV_T_1,strict,shared3,union,,False
,147502,3,6667,0.04519938712695421,0.04415101820231837,0.04627144457549798,0.07955824327805724,0.37491921013500384,147502,0.9548006128730457,0.9204417567219427,0.1430287099773219,-0.3580557188533784,0.1316999091537742,,0.9207264986237474,,0.0723312226274898,snv,lc,NV_T_1,strict,shared3,union,,True
,17373,3,36,0.002072180970471421,0.0014972313696479862,0.0028672821122999125,0.10683244114430437,0.3696348740382586,17373,0.9979278190295285,0.8931675588556957,0.12613203724921737,-0.4276204401699766,0.2700166925689288,,0.7378115466528521,,0.10107638289299488,snv,vaf_bin+lc,NV_T_1,strict,shared3,union,<5%,False
,44957,3,0,0.0,0.0,8.544010067543973e-05,0.005783304046088484,0.33526110134869613,44957,1.0,0.9942166959539115,0.010063891593967969,-0.49569996920174036,0.056520675311964766,,0.9475721244744979,,0.0016905042596258647,snv,vaf_bin+lc,NV_T_1,strict,shared3,union,<5%,True
,29300,3,3844,0.13119453924914676,0.12737709021103186,0.1351086821621799,0.17638225255972695,0.4358589306029579,29300,0.8688054607508533,0.823617747440273,0.3323487415481657,-0.17778934418775474,0.18849829351535835,,0.9816040955631399,,0.13747440273037542,snv,vaf_bin+lc,NV_T_1,strict,shared3,union,5-10%,False
,56312,3,206,0.003658190083818724,0.0031922783101718238,0.004191815544214886,0.02496803523227731,0.3428754084386987,56312,0.9963418099161813,0.9750319647677227,0.02332011123351248,-0.4740188670917206,0.0919697400198892,,0.9311514419661884,,0.0055050433300184685,snv,vaf_bin+lc,NV_T_1,strict,shared3,union,5-10%,True
,12591,3,6288,0.4994043364307839,0.49067236313610446,0.508136673083284,0.5505519815741402,0.683318772668308,12591,0.5005956635692161,0.44944801842585974,0.6461316213233643,0.2288832144454755,0.536970852196013,,0.9791120641728218,,0.5338734016360893,snv,vaf_bin+lc,NV_T_1,strict,shared3,union,10-20%,False
,23157,3,367,0.015848339594938896,0.014318238587965527,0.017539043459949485,0.04732910135164313,0.35439248031552734,23157,0.9841516604050611,0.9526708986483569,0.05223459032655111,-0.433797095938984,0.1777000475018353,,0.849289631644859,,0.036187761799887724,snv,vaf_bin+lc,NV_T_1,strict,shared3,union,10-20%,True
,107780,3,88446,0.8206160697717573,0.81831409992304,0.8228951858529225,0.9326034514752273,0.9177398404156616,107780,0.17938393022824273,0.06739654852477268,0.8773901141775559,0.20794899911330175,0.8311189460011134,,0.9868528483948784,,0.9352477268509928,snv,vaf_bin+lc,NV_T_1,strict,shared3,union,>=20%,False
,23076,3,6094,0.2640838966892009,0.2584355879844395,0.2698107381687757,0.3888455538221529,0.5509764835037846,23076,0.7359161033107992,0.6111544461778471,0.4179627204818232,0.008472184778131654,0.32895649159299706,,0.9146732535968105,,0.4092997053215462,snv,vaf_bin+lc,NV_T_1,strict,shared3,union,>=20%,True
all,57265,3,9726,0.16984196280450536,0.1667886988912982,0.17293951916267566,0.2889897843359818,0.48627724904682906,57265,0.8301580371954946,0.7110102156640181,0.30192298179747057,-0.10771177299570762,0.3584737623330132,,0.8286737099449926,,0.2716842748624814,indel,all,NV_T_1,strict,shared3,union,,
,22036,3,52,0.002359774913777455,0.001800096714472994,0.003092926632459217,0.01955890361227083,0.3406395595086828,22036,0.9976402250862225,0.9804410963877291,0.011054048842620914,-0.4805897113964318,0.2785895806861499,,0.7396532946088219,,0.00367580323107642,indel,vaf_bin,NV_T_1,strict,shared3,union,<5%,
,9447,3,291,0.03080342966020959,0.027505406041686158,0.03448287948540988,0.06922832645284217,0.3666772520376839,9447,0.9691965703397905,0.9307716735471578,0.1019998535254512,-0.3911743396127363,0.17105959563882714,,0.8769979887795067,,0.0519741716947179,indel,vaf_bin,NV_T_1,strict,shared3,union,5-10%,
,6490,3,734,0.11309707241910631,0.10561952789419427,0.12103236500372475,0.24329738058551617,0.4521314843348742,6490,0.8869029275808937,0.7567026194144838,0.23567191336207147,-0.19347613679132042,0.3531587057010786,,0.7788906009244992,,0.22434514637904468,indel,vaf_bin,NV_T_1,strict,shared3,union,10-20%,
,19292,3,8649,0.44832054737715116,0.4413137882277693,0.4553478834461298,0.7197283848227245,0.7226829773999586,19292,0.5516794526228489,0.28027161517727556,0.5972388781532684,0.08242578622338803,0.5432821895086046,,0.9234397677793904,,0.7013269749118806,indel,vaf_bin,NV_T_1,strict,shared3,union,>=20%,
,10822,3,4382,0.4049159120310479,0.39570284592011956,0.41419645772032126,0.5499907595638515,0.6516355571982998,10822,0.5950840879689522,0.4500092404361486,0.5423941564904968,0.1261870264745455,0.613287747181667,,0.817039364257993,,0.5245795601552393,indel,lc,NV_T_1,strict,shared3,union,,False
,46443,3,5344,0.11506577955773745,0.11219543365489906,0.1179997986366223,0.22817216803393406,0.4477459825305572,46443,0.8849342204422626,0.771827831966066,0.23477691218251093,-0.1929415169094095,0.2990978188316862,,0.8313847081368559,,0.21275542062312944,indel,lc,NV_T_1,strict,shared3,union,,True
,3164,3,43,0.01359039190897598,0.010105404719951729,0.018255060912106703,0.07806573957016436,0.3638853771597135,3164,0.9864096080910241,0.9219342604298356,0.04424608747741102,-0.4204830514634873,0.6077749683944375,,0.4664981036662453,,0.01738305941845765,indel,vaf_bin+lc,NV_T_1,strict,shared3,union,<5%,False
,18872,3,9,0.00047689699025010596,0.00025092428659536417,0.000906187509895573,0.009749894022891056,0.33674226367104704,18872,0.9995231030097499,0.9902501059771089,0.004747529482065717,-0.4917348325501026,0.22339974565493853,,0.7854493429419246,,0.001377702416278084,indel,vaf_bin+lc,NV_T_1,strict,shared3,union,<5%,True
,1304,3,218,0.16717791411042945,0.1479093223323156,0.18840166999339616,0.24386503067484663,0.47034764826175873,1304,0.8328220858895705,0.7561349693251533,0.35250942164318283,-0.11434866543562197,0.2553680981595092,,0.9601226993865031,,0.1955521472392638,indel,vaf_bin+lc,NV_T_1,strict,shared3,union,5-10%,False
,8143,3,73,0.00896475500429817,0.0071364756847487705,0.011256107450456198,0.0412624339923861,0.35007572966556144,8143,0.9910352449957018,0.958737566007614,0.04678050382182975,-0.4519213359860145,0.15755863932211717,,0.8636866019894388,,0.02898194768512833,indel,vaf_bin+lc,NV_T_1,strict,shared3,union,5-10%,True
,730,3,404,0.5534246575342465,0.5171753021430895,0.5891146860586515,0.6561643835616439,0.7365296803652969,730,0.4465753424657534,0.34383561643835614,0.6796898786949622,0.23290079198367689,0.6465753424657534,,0.9328767123287671,,0.6301369863013698,indel,vaf_bin+lc,NV_T_1,strict,shared3,union,10-20%,False
,5760,3,330,0.057291666666666664,0.05157981233774522,0.06359362946551333,0.1909722222222222,0.41608796296296297,5760,0.9427083333333334,0.8090277777777778,0.1602977912347282,-0.2933721678743881,0.3159722222222222,,0.759375,,0.17291666666666666,indel,vaf_bin+lc,NV_T_1,strict,shared3,union,10-20%,True
,5624,3,3717,0.6609174964438123,0.6484390554833334,0.6731762588861093,0.8726884779516358,0.8445353247984827,5624,0.33908250355618774,0.12731152204836416,0.7645552852399281,0.13913592855483817,0.6950568990042674,,0.9660384068278806,,0.8725106685633002,indel,vaf_bin+lc,NV_T_1,strict,shared3,union,>=20%,False
,13668,3,4932,0.3608428446005268,0.35283182016733716,0.36893206866522654,0.6567895815042435,0.6725441420349235,13668,0.6391571553994733,0.3432104184957565,0.5223865037765395,0.03258494379950706,0.48083113842551944,,0.9059116183786947,,0.630889669300556,indel,vaf_bin+lc,NV_T_1,strict,shared3,union,>=20%,True
all,224753,3,89425,0.39788122961651234,0.39585944520739036,0.39990650477633793,0.5308805666665184,0.6429205987610103,224753,0.6021187703834876,0.46911943333348166,0.5550040207478224,0.1257436951499768,0.42015012035434457,,0.980178240112479,,0.5284334358162072,snv,all,FD_T_1,strict,shared3,union,,
,28747,3,15,0.0005217935784603611,0.00031625196592218336,0.0008608078035862892,0.012662190837304762,0.337727994805255,28747,0.9994782064215396,0.9873378091626952,0.06109414652486728,-0.4895278068947166,0.03711691654781368,,0.9688315302466344,,0.007235537621317007,snv,vaf_bin,FD_T_1,strict,shared3,union,<5%,
,36813,3,2232,0.06063075543965447,0.05823841628014077,0.06311478192448887,0.09455898731426399,0.38506324758463945,36813,0.9393692445603455,0.9054410126857361,0.2438877205567055,-0.32236870609564866,0.1030070898867248,,0.9873685926167387,,0.064814060250455,snv,vaf_bin,FD_T_1,strict,shared3,union,5-10%,
,29556,3,6393,0.2163012586276898,0.21164443534149602,0.2210318182384835,0.2631276221410204,0.4931429602562367,29556,0.7836987413723102,0.7368723778589795,0.4092787906195116,-0.04512821867305137,0.2644471511706591,,0.9666057653268372,,0.24837596427121397,snv,vaf_bin,FD_T_1,strict,shared3,union,10-20%,
,129637,3,80785,0.6231631401528884,0.6205216099244626,0.6257973713523077,0.8307427663398567,0.8179686354975817,129637,0.37683685984711157,0.16925723366014334,0.7338344076665647,0.15637537970830437,0.6306455718660567,,0.9837469241034581,,0.8395134105232303,snv,vaf_bin,FD_T_1,strict,shared3,union,>=20%,
,144767,3,83891,0.5794898008524042,0.5769448526531363,0.5820305305668784,0.7563118666546934,0.7786005558356992,144767,0.4205101991475958,0.2436881333453066,0.6996114274696362,0.18686240039291757,0.6019672991772987,,0.9843610767647323,,0.7494732915650666,snv,lc,FD_T_1,strict,shared3,union,,False
,79986,3,5534,0.06918710774385517,0.06744904563551994,0.07096654885619498,0.12287150251293977,0.39735287008559833,79986,0.9308128922561448,0.8771284974870602,0.22595912227872839,-0.29569173438287616,0.09107843872677719,,0.972607706348611,,0.12837246518140674,snv,lc,FD_T_1,strict,shared3,union,,True
,4826,3,13,0.0026937422295897225,0.0015749573965371335,0.004603601273581314,0.04828014919187733,0.35032463047382234,4826,0.9973062577704103,0.9517198508081227,0.09760963768016727,-0.4606299942113598,0.13365105677579775,,0.8777455449647742,,0.039577289680895154,snv,vaf_bin+lc,FD_T_1,strict,shared3,union,<5%,False
,23921,3,2,8.360854479327788e-05,2.292877810827781e-05,0.00030482506862842054,0.005476359683959701,0.33518665607625103,23921,0.9999163914552067,0.9945236403160403,0.009513104400039515,-0.4957395740110438,0.01764140295138163,,0.9872078926466284,,0.0007106726307428619,snv,vaf_bin+lc,FD_T_1,strict,shared3,union,<5%,True
,17596,3,2122,0.120595589906797,0.11586648490225004,0.1254903175871133,0.17805182996135485,0.43288247328938395,17596,0.879404410093203,0.8219481700386452,0.3106619232617183,-0.19405494876512588,0.18765628551943622,,0.9844851102523301,,0.12650602409638553,snv,vaf_bin+lc,FD_T_1,strict,shared3,union,5-10%,False
,19217,3,110,0.005724098454493417,0.004751799029715249,0.006893968888419802,0.018108966019670082,0.34127768815805454,19217,0.9942759015455066,0.98189103398033,0.08101924897231448,-0.47426443478379565,0.025498256751834314,,0.9900088463339751,,0.008325961388354062,snv,vaf_bin+lc,FD_T_1,strict,shared3,union,5-10%,True
,15548,3,5993,0.38545150501672243,0.3778304747836374,0.3931291244746419,0.4487393877025984,0.6113969642397736,15548,0.6145484949832776,0.5512606122974016,0.550939500730161,0.13780512358507635,0.4469385129920247,,0.9671340365320299,,0.42011834319526625,snv,vaf_bin+lc,FD_T_1,strict,shared3,union,10-20%,False
,14008,3,400,0.028555111364934323,0.02592360611456013,0.03144511741711116,0.05711022272986865,0.3618884446982677,14008,0.9714448886350657,0.9428897772701313,0.14671197320831944,-0.4022504485140971,0.061893203883495146,,0.9660194174757282,,0.05775271273557967,snv,vaf_bin+lc,FD_T_1,strict,shared3,union,10-20%,True
,106797,3,75763,0.7094113130518648,0.7066807609154776,0.7121268007950378,0.928359410844874,0.8792569079655795,106797,0.2905886869481352,0.07164058915512608,0.8005408703790872,0.08761241837858125,0.7139620026779778,,0.9916664325776942,,0.9321422886410667,snv,vaf_bin+lc,FD_T_1,strict,shared3,union,>=20%,False
,22840,3,5022,0.21987740805604203,0.21455355344634433,0.2252954744386272,0.3742994746059545,0.5313922942206655,22840,0.7801225919439579,0.6257005253940455,0.379296497834249,-0.04427990764023708,0.24106830122591943,,0.9467162872154116,,0.4063922942206655,snv,vaf_bin+lc,FD_T_1,strict,shared3,union,>=20%,True
all,45805,3,7816,0.17063639340683331,0.16721896187104235,0.17410906479115434,0.36926099770767384,0.5132991303715023,45805,0.8293636065931667,0.6307390022923262,0.32261800654694217,-0.10660102635767736,0.24056325728632244,,0.9200742277043991,,0.37925990612378563,indel,all,FD_T_1,strict,shared3,union,,
,11222,3,5,0.00044555337729459987,0.00019032831200115264,0.0010426713585775023,0.022010336838353236,0.34081863007188257,11222,0.9995544466227054,0.9779896631616468,0.00957236278023306,-0.483053949187524,0.08456603101051506,,0.9370878631260025,,0.0008019960791302798,indel,vaf_bin,FD_T_1,strict,shared3,union,<5%,
,5428,3,120,0.02210759027266028,0.018520855742423216,0.02637026647999055,0.06098010316875461,0.3610292311471383,5428,0.9778924097273397,0.9390198968312454,0.10042443030901436,-0.41301399462277844,0.09893146647015476,,0.9504421518054532,,0.03371407516580693,indel,vaf_bin,FD_T_1,strict,shared3,union,5-10%,
,6046,3,492,0.0813761164406219,0.07474721256319693,0.08853664628576798,0.1768111147866358,0.4193957437424192,6046,0.9186238835593781,0.8231888852133642,0.20301448831690727,-0.25751230658975655,0.18541184254052265,,0.8824015878266622,,0.19037380086007277,indel,vaf_bin,FD_T_1,strict,shared3,union,10-20%,
,23109,3,7199,0.31152364879484185,0.3055843820354814,0.31752556679880334,0.6606516941451382,0.6573917809799934,23109,0.6884763512051582,0.33934830585486175,0.4789749460603327,-0.018933227922764678,0.364014020511489,,0.9145354623739669,,0.6936258600545242,indel,vaf_bin,FD_T_1,strict,shared3,union,>=20%,
,8180,3,3643,0.44535452322738384,0.43461226421374594,0.4561480829290458,0.7015892420537897,0.7156479217603913,8180,0.5546454767726161,0.29841075794621025,0.593461908327057,0.09147182569886565,0.5405867970660146,,0.9407090464547677,,0.6656479217603912,indel,lc,FD_T_1,strict,shared3,union,,False
,37625,3,4173,0.11091029900332226,0.10777694480021574,0.11412309610214325,0.29700996677740865,0.4693067552602436,37625,0.8890897009966777,0.7029900332225913,0.24824584331000477,-0.18993697546464736,0.17533554817275748,,0.9155880398671097,,0.31699667774086376,indel,lc,FD_T_1,strict,shared3,union,,True
,1075,3,5,0.004651162790697674,0.0019882858782228107,0.01084164265995604,0.15813953488372093,0.3875968992248062,1075,0.9953488372093023,0.8418604651162791,0.05907333155127862,-0.3977721518987344,0.3488372093023256,,0.8093023255813954,,0.004651162790697674,indel,vaf_bin+lc,FD_T_1,strict,shared3,union,<5%,False
,10147,3,0,0.0,0.0,0.00037843747597457,0.007588449788114714,0.3358628165960382,10147,1.0,0.9924115502118853,0.003079441454436626,-0.49437303902888385,0.056568443875036956,,0.9506258007292796,,0.00039420518379816696,indel,vaf_bin+lc,FD_T_1,strict,shared3,union,<5%,True
,844,3,104,0.12322274881516587,0.1027392388498713,0.14712051572659773,0.26066350710900477,0.46129541864139023,844,0.8767772511848341,0.7393364928909952,0.2726646425982803,-0.1760836379705138,0.28080568720379145,,0.9644549763033176,,0.1386255924170616,indel,vaf_bin+lc,FD_T_1,strict,shared3,union,5-10%,False
,4584,3,16,0.0034904013961605585,0.0021496638605338282,0.005662606712108668,0.024214659685863876,0.3425683536940081,4584,0.9965095986038395,0.9757853403141361,0.030323974508430607,-0.47489935410869477,0.06544502617801047,,0.9478621291448517,,0.014397905759162303,indel,vaf_bin+lc,FD_T_1,strict,shared3,union,5-10%,True
,808,3,342,0.42326732673267325,0.3896419161257526,0.45761890228560786,0.5457920792079208,0.6563531353135313,808,0.5767326732673267,0.4542079207920792,0.5736660693124004,0.14767868178069463,0.5371287128712872,,0.9195544554455446,,0.5123762376237624,indel,vaf_bin+lc,FD_T_1,strict,shared3,union,10-20%,False
,5238,3,150,0.0286368843069874,0.02445410382321167,0.033510537268595056,0.11989308896525391,0.3828433244240805,5238,0.9713631156930126,0.880106911034746,0.11146250040038774,-0.37038893739880546,0.1311569301260023,,0.8766704849179076,,0.14070255822833141,indel,vaf_bin+lc,FD_T_1,strict,shared3,union,10-20%,True
,5453,3,3192,0.5853658536585366,0.57223417398006,0.5983773431449404,0.9000550155877498,0.8284736230820955,5453,0.4146341463414634,0.09994498441225014,0.713093899165781,0.027400124292270237,0.6191087474784522,,0.9660737208875848,,0.9002384008802494,indel,vaf_bin+lc,FD_T_1,strict,shared3,union,>=20%,False
,17656,3,4007,0.2269483461712732,0.2208298181907265,0.23318566532970814,0.5867127322156774,0.6045536927956502,17656,0.7730516538287268,0.4132872677843226,0.39698549068135097,-0.07786620702850004,0.28522881739918443,,0.8986180335296783,,0.6298142274580879,indel,vaf_bin+lc,FD_T_1,strict,shared3,union,>=20%,True
all,264426,3,87655,0.33149160823822166,0.3296998061775972,0.3332883062519225,0.454403122234576,0.5952982434909325,264426,0.6685083917617783,0.545596877765424,0.48473217798398444,0.07505498064801797,0.40492992368375275,,0.9290084938697405,,0.45195631291930444,snv,all,NS_T_1,strict,shared3,union,,
,41968,3,7,0.0001667937476172322,8.079868012040824e-05,0.00034428295081538694,0.012533358749523446,0.3375667174990469,41968,0.9998332062523828,0.9874666412504766,0.03377644709244216,-0.49040581547250645,0.07546225695768205,,0.9294939001143728,,0.00774399542508578,snv,vaf_bin,NS_T_1,strict,shared3,union,<5%,
,57690,3,2868,0.04971398855954238,0.047970140660769926,0.051517799710084695,0.08720748829953198,0.37897382561969145,57690,0.9502860114404577,0.912792511700468,0.1351798838113261,-0.3459036193997877,0.19008493673080257,,0.8924250303345467,,0.05441150979372508,snv,vaf_bin,NS_T_1,strict,shared3,union,5-10%,
,35899,3,6442,0.1794478954845539,0.17551281799236193,0.18345156853405262,0.22276386528872671,0.46740392025776023,35899,0.8205521045154461,0.7772361347112733,0.30044414229033595,-0.09873913340604734,0.36624975626062006,,0.8204406807989081,,0.21552132371375246,snv,vaf_bin,NS_T_1,strict,shared3,union,10-20%,
,128869,3,78338,0.6078886310904872,0.6052198798655125,0.6105509503980949,0.8272121301476694,0.8117002537460523,128869,0.39211136890951276,0.17278786985233066,0.7221292495174657,0.14484908800368262,0.6191791664403387,,0.9754712149547214,,0.8404503798430965,snv,vaf_bin,NS_T_1,strict,shared3,union,>=20%,
,161918,3,82109,0.507102360454057,0.5046670652698029,0.5095373186433143,0.6789362516829506,0.7286795373790026,161918,0.492897639545943,0.32106374831704937,0.638141948543444,0.16897065289024457,0.5776380637112613,,0.9368816314430761,,0.6715189169826702,snv,lc,NS_T_1,strict,shared3,union,,False
,102508,3,5546,0.05410309439263277,0.05273488059000952,0.05550472666822052,0.0997385569906739,0.38461388379443556,102508,0.9458969056073673,0.9002614430093261,0.15678275679117173,-0.332140091397549,0.13212627307137004,,0.9165723650837008,,0.10514301322823584,snv,lc,NS_T_1,strict,shared3,union,,True
,9058,3,6,0.0006623978803267829,0.0003036171327116744,0.0014445329417165456,0.0416206668138662,0.34742768823139764,9058,0.9993376021196733,0.9583793331861338,0.049715879612153596,-0.46925746057964496,0.22963126517995142,,0.7796423051446235,,0.03300949436961802,snv,vaf_bin+lc,NS_T_1,strict,shared3,union,<5%,False
,32910,3,1,3.0385900941962928e-05,5.363877777671928e-06,0.00017211339505912278,0.004527499240352477,0.33485262838043145,32910,0.999969614099058,0.9954725007596475,0.0065297642681096,-0.4965593932374295,0.033029474323913705,,0.9707383773928897,,0.0007900334244910362,snv,vaf_bin+lc,NS_T_1,strict,shared3,union,<5%,True
,28667,3,2705,0.09435936791432657,0.09102953066963063,0.09779790456963422,0.15746328531063591,0.4172742177416542,28667,0.9056406320856735,0.8425367146893641,0.2032292506651037,-0.24150610425981786,0.27414797502354626,,0.8767223636934455,,0.10095231450797083,snv,vaf_bin+lc,NS_T_1,strict,shared3,union,5-10%,False
,29023,3,163,0.0056162353995107325,0.004819475000683085,0.006543850881281301,0.017813458291699686,0.34114323123040347,29023,0.9943837646004893,0.9821865417083003,0.026382801581115917,-0.4747044796935958,0.10705302690969232,,0.9079350859663026,,0.008441580815215519,snv,vaf_bin+lc,NS_T_1,strict,shared3,union,5-10%,True
,18265,3,6071,0.3323843416370107,0.3255886242798667,0.3392505493589385,0.39184232137968794,0.5747422210055663,18265,0.6676156583629893,0.6081576786203121,0.4651962737004614,0.08950012428018582,0.5238981658910484,,0.8287982480153299,,0.3715302491103203,snv,vaf_bin+lc,NS_T_1,strict,shared3,union,10-20%,False
,17634,3,371,0.0210389021209028,0.019022681624098033,0.023263754647711087,0.04763525008506295,0.3562247174019886,17634,0.9789610978790972,0.952364749914937,0.05903998593432214,-0.42293751864324547,0.20296019054100034,,0.8117840535329477,,0.053929908132017694,snv,vaf_bin+lc,NS_T_1,strict,shared3,union,10-20%,True
,105928,3,73327,0.692234347858923,0.6894478373160597,0.6950069162230976,0.9240616267653501,0.872098658208091,105928,0.307765652141077,0.07593837323464996,0.788329023420821,0.0802746104574255,0.6987954082017974,,0.9852446945094782,,0.9322558719129975,snv,vaf_bin+lc,NS_T_1,strict,shared3,union,>=20%,False
,22941,3,5011,0.2184298853580925,0.21313061397315375,0.22382343850152375,0.38001830783313717,0.5328160643970766,22941,0.7815701146419075,0.6199816921668628,0.3723407044705918,-0.04660180334428583,0.251558345320605,,0.9303430539209276,,0.41654679394969707,snv,vaf_bin+lc,NS_T_1,strict,shared3,union,>=20%,True
all,52480,3,7551,0.14388338414634147,0.14090667002857196,0.14691222887334768,0.3165205792682927,0.4868013211382114,52480,0.8561166158536585,0.6834794207317073,0.28903611978737526,-0.1422847885897837,0.22389481707317074,,0.9161966463414634,,0.3203125,indel,all,NS_T_1,strict,shared3,union,,
,16220,3,13,0.0008014796547472256,0.00046846718086907707,0.0013708912039152928,0.01966707768187423,0.3401561857788738,16220,0.9991985203452528,0.9803329223181257,0.009996821672905892,-0.48392176494953026,0.09648581997533909,,0.9226263871763255,,0.0013563501849568433,indel,vaf_bin,NS_T_1,strict,shared3,union,<5%,
,7642,3,183,0.023946610834859983,0.020750611511433113,0.027620972023564616,0.065166186862078,0.36303759923231266,7642,0.9760533891651401,0.934833813137922,0.0950963907613715,-0.40697673222719205,0.11986390997121173,,0.9269824653232138,,0.04226642240251243,indel,vaf_bin,NS_T_1,strict,shared3,union,5-10%,
,6634,3,545,0.08215254748266505,0.0757840639642293,0.08900466526447846,0.189779921615918,0.4239774896995277,6634,0.9178474525173349,0.810220078384082,0.2019512241074748,-0.25275745981484454,0.2007838408200181,,0.8697618329816099,,0.20138679529695508,indel,vaf_bin,NS_T_1,strict,shared3,union,10-20%,
,21984,3,6810,0.3097707423580786,0.30369202275619656,0.31591593122763206,0.6611626637554585,0.6569778020378457,21984,0.6902292576419214,0.3388373362445415,0.4780072457861251,-0.020937575687123088,0.3610352983988355,,0.9217157933042213,,0.6881823144104804,indel,vaf_bin,NS_T_1,strict,shared3,union,>=20%,
,8979,3,3513,0.3912462412295356,0.3812004119402053,0.40138508631744757,0.6331440026729035,0.6747967479674797,8979,0.6087537587704644,0.36685599732709656,0.5452678604226636,0.0753177091929361,0.49181423321082524,,0.9354048335003898,,0.5971711771912239,indel,lc,NS_T_1,strict,shared3,union,,False
,43501,3,4038,0.09282545228845314,0.09013433737100376,0.09558847388136296,0.2511666398473598,0.447997364045271,43501,0.9071745477115468,0.7488333601526401,0.22079180299038006,-0.22279313506077447,0.1685938254293005,,0.9122319027148801,,0.2631663639916324,indel,lc,NS_T_1,strict,shared3,union,,True
,1543,3,10,0.0064808813998703824,0.003524083570209114,0.011888910880347416,0.14128321451717435,0.38258803197234825,1543,0.9935191186001296,0.8587167854828257,0.057346640273969414,-0.4020017314963613,0.3272845106934543,,0.8107582631237849,,0.009721322099805573,indel,vaf_bin+lc,NS_T_1,strict,shared3,union,<5%,False
,14677,3,3,0.00020440144443687402,6.951731665375796e-05,0.0006008433604436082,0.006881515296041425,0.3356953055801594,14677,0.9997955985555631,0.9931184847039586,0.0033129854031804912,-0.49443619060505606,0.07222184370102883,,0.9343871363357634,,0.00047693670368603936,indel,vaf_bin+lc,NS_T_1,strict,shared3,union,<5%,True
,1122,3,151,0.13458110516934046,0.11585405951744639,0.15580182633086792,0.2540106951871658,0.46286393345216875,1122,0.8654188948306596,0.7459893048128342,0.2908688290372912,-0.1602924386835861,0.26559714795008915,,0.9616755793226381,,0.16131907308377896,indel,vaf_bin+lc,NS_T_1,strict,shared3,union,5-10%,False
,6520,3,32,0.0049079754601227,0.003478808892734631,0.006920195934240078,0.03266871165644172,0.3458588957055215,6520,0.9950920245398773,0.9673312883435583,0.03419754864651326,-0.4661270295959916,0.09478527607361963,,0.9210122699386503,,0.021779141104294478,indel,vaf_bin+lc,NS_T_1,strict,shared3,union,5-10%,True
,809,3,368,0.45488257107540175,0.4208625331261391,0.4893290556420917,0.5908529048207664,0.6819118252987226,809,0.5451174289245982,0.40914709517923364,0.6000180936372012,0.1622912198863546,0.5550061804697157,,0.9196538936959209,,0.5710754017305315,indel,vaf_bin+lc,NS_T_1,strict,shared3,union,10-20%,False
,5825,3,177,0.030386266094420602,0.02627839376425975,0.0351131299799962,0.1340772532188841,0.3881545064377683,5825,0.9696137339055794,0.8659227467811159,0.11569615715288885,-0.3609153272035965,0.151587982832618,,0.8628326180257511,,0.15004291845493561,indel,vaf_bin+lc,NS_T_1,strict,shared3,union,10-20%,True
,5505,3,2984,0.5420526793823797,0.5288666376905471,0.5551800722140645,0.8544959128065395,0.7988495307296398,5505,0.45794732061762033,0.1455040871934605,0.6783096324711367,0.050033625278725596,0.5747502270663034,,0.9673024523160763,,0.8544959128065395,indel,vaf_bin+lc,NS_T_1,strict,shared3,union,>=20%,False
,16479,3,3826,0.23217428242004975,0.2257906940182022,0.23868270869864042,0.5965774622246496,0.6095839148815664,16479,0.7678257175799502,0.4034225377753504,0.4033267694592544,-0.07542517441990768,0.2896413617331149,,0.9064870441167546,,0.6326233387948298,indel,vaf_bin+lc,NS_T_1,strict,shared3,union,>=20%,True
all,287632,3,73281,0.2547734605329032,0.2531843481084597,0.25636912309830495,0.45256438782889247,0.5691126161205985,287632,0.7452265394670968,0.5474356121711075,0.4060572700784099,-0.012989786434450406,0.3983249429827001,,0.8373929187294877,,0.47161998664960786,snv,all,NS_380X,strict,shared3,union,,
,104493,3,37,0.00035409070464050224,0.0002569176854996295,0.00048799917259860574,0.07473227871723465,0.35836212314062504,104493,0.9996459092953595,0.9252677212827654,0.07253333200078387,-0.44914834232915696,0.32644291962141003,,0.6697290727608548,,0.07891437703961031,snv,vaf_bin,NS_380X,strict,shared3,union,<5%,
,36152,3,4139,0.11448882496127462,0.11124753757764062,0.1178120313513029,0.14513719849524231,0.4198753411521723,36152,0.8855111750387253,0.8548628015047577,0.2377849214345018,-0.21180041204290423,0.25320867448550566,,0.8783469794202257,,0.12807036955078557,snv,vaf_bin,NS_380X,strict,shared3,union,5-10%,
,16492,3,6214,0.3767887460586951,0.36942256565917675,0.38421231194648253,0.45919233567790446,0.6119936939121998,16492,0.6232112539413048,0.5408076643220956,0.5269679223933091,0.12516066591017663,0.4334829008003881,,0.9273587193790929,,0.4751394615571186,snv,vaf_bin,NS_380X,strict,shared3,union,10-20%,
,130495,3,62891,0.48194183685198666,0.47923135700989944,0.48465337984052553,0.8394421242193187,0.7737946536904352,130495,0.5180581631480133,0.16055787578068126,0.6299975622838552,0.013428247218336457,0.49164335798306447,,0.94893290930687,,0.8808076937813709,snv,vaf_bin,NS_380X,strict,shared3,union,>=20%,
,173208,3,68681,0.39652325527689253,0.3942218597348158,0.39882924059355285,0.6897776084245532,0.6954336212338151,173208,0.6034767447231075,0.31022239157544684,0.555015815259113,0.05026675296861973,0.5546395085677336,,0.8240843379058704,,0.7075770172278417,snv,lc,NS_380X,strict,shared3,union,,False
,114424,3,4600,0.04020135635880585,0.03907855553612868,0.04135502899611904,0.09348563238481437,0.3778956629145401,114424,0.9597986436411942,0.9065143676151857,0.11281235370038507,-0.36089224877185816,0.16170558624064882,,0.8575386282598056,,0.11444277424316578,snv,lc,NS_380X,strict,shared3,union,,True
,38820,3,36,0.0009273570324574962,0.0006699621389964605,0.0012835142809280574,0.187403400309119,0.39611025244719217,38820,0.9990726429675425,0.8125965996908809,0.09834882246040749,-0.39220142055460117,0.6252704791344668,,0.3700669757856775,,0.19299330242143226,snv,vaf_bin+lc,NS_380X,strict,shared3,union,<5%,False
,65673,3,1,1.522695780609992e-05,2.6879370066788003e-06,8.625450740664935e-05,0.008131195468457357,0.33604880747542115,65673,0.9999847730421939,0.9918688045315427,0.012375024801759895,-0.4939415920369088,0.149802810896411,,0.8468624853440531,,0.011481126185799339,snv,vaf_bin+lc,NS_380X,strict,shared3,union,<5%,True
,16196,3,3903,0.2409854285008644,0.23446069202557743,0.24763300492034498,0.29328229192393185,0.5114225734749321,16196,0.7590145714991355,0.7067177080760682,0.3899053302246538,-0.012547878151557203,0.38663867621634973,,0.8889231909113361,,0.2587058532971104,snv,vaf_bin+lc,NS_380X,strict,shared3,union,5-10%,False
,19956,3,236,0.011826017237923432,0.010417326914699794,0.013422614890569872,0.02490479053918621,0.3455769359257032,19956,0.9881739827620766,0.9750952094608137,0.040179228600797395,-0.4564943828698665,0.1449188214070956,,0.8697634796552415,,0.0220485067147725,snv,vaf_bin+lc,NS_380X,strict,shared3,union,5-10%,True
,9264,3,5854,0.6319084628670121,0.6220347137952459,0.6416728615726858,0.7355354058721935,0.7891479562464019,9264,0.3680915371329879,0.26446459412780654,0.7381841559684635,0.2626081608745365,0.6611614853195165,,0.9698834196891192,,0.7363989637305699,snv,vaf_bin+lc,NS_380X,strict,shared3,union,10-20%,False
,7228,3,360,0.04980630879911455,0.04502588973447347,0.05506500176838476,0.10500830105146652,0.38493820328352707,7228,0.9501936912008855,0.8949916989485335,0.13222837807196966,-0.3377689770750927,0.14167127836192583,,0.8728555617044825,,0.14028776978417265,snv,vaf_bin+lc,NS_380X,strict,shared3,union,10-20%,True
,108928,3,58888,0.5406139835487661,0.5376531542154457,0.5435719483946555,0.923876321974148,0.8214967685076381,108928,0.45938601645123384,0.07612367802585195,0.6827217878653103,-0.044250217740182285,0.5453877790834313,,0.96384767920094,,0.9552548472385429,snv,vaf_bin+lc,NS_380X,strict,shared3,union,>=20%,False
,21567,3,4003,0.18560764130384383,0.18047497737279836,0.19085228281367575,0.4129920712199193,0.5328665708412544,21567,0.8143923586961561,0.5870079287800807,0.32926141050241825,-0.09056865739034767,0.22019752399499234,,0.8736031900588863,,0.5047989984698845,snv,vaf_bin+lc,NS_380X,strict,shared3,union,>=20%,True
all,56214,3,7057,0.1255381221759704,0.12282473385801734,0.12830268570258513,0.29229373465684705,0.4726106189442725,56214,0.8744618778240296,0.707706265343153,0.2479013550455532,-0.16945837913418876,0.3096381684277938,,0.8027003949194151,,0.30549329348560855,indel,all,NS_380X,strict,shared3,union,,
,23538,3,170,0.0072223638371994225,0.006218121663400703,0.008387424781304584,0.028592063896677712,0.3452714759112924,23538,0.9927776361628006,0.9714079361033223,0.027095701318362864,-0.4638910903705153,0.20592233834650353,,0.8028294672444558,,0.027062622142917835,indel,vaf_bin,NS_380X,strict,shared3,union,<5%,
,6273,3,325,0.05180934162282799,0.046593639418697895,0.05757363374093664,0.11892236569424518,0.39024390243902435,6273,0.948190658377172,0.8810776343057548,0.13710052867048708,-0.32825708061002196,0.18284712258887295,,0.8432966682608003,,0.14458791646739996,indel,vaf_bin,NS_380X,strict,shared3,union,5-10%,
,4953,3,600,0.12113870381586916,0.11234419587025105,0.13052043250684975,0.2875025237229962,0.46954707584628846,4953,0.8788612961841308,0.7124974762770039,0.2373578150235397,-0.1761781206143053,0.34766807995154453,,0.7272360185746013,,0.33373712901271957,indel,vaf_bin,NS_380X,strict,shared3,union,10-20%,
,21450,3,5962,0.27794871794871795,0.27199372234518776,0.2839832331905114,0.6334731934731934,0.6371406371406371,21450,0.7220512820512821,0.3665268065268065,0.4487802826942737,-0.041053742100590526,0.45174825174825173,,0.8081118881118882,,0.6515617715617715,indel,vaf_bin,NS_380X,strict,shared3,union,>=20%,
,9774,3,3052,0.3122570083896051,0.3031451200885881,0.32151641533759184,0.6042561898915491,0.6388377327603847,9774,0.6877429916103949,0.395743810108451,0.47190299045043343,0.006399072287866361,0.449048496009822,,0.8314917127071824,,0.6359729895641498,indel,lc,NS_380X,strict,shared3,union,,False
,46440,3,4005,0.08624031007751938,0.0837212779260543,0.0888277879372022,0.2266365202411714,0.4376256101062303,46440,0.9137596899224806,0.7733634797588286,0.1918842004945698,-0.23760620029372012,0.280297157622739,,0.796640826873385,,0.23593884582256675,indel,lc,NS_380X,strict,shared3,union,,True
,2511,3,128,0.050975706889685383,0.0430379485368546,0.060285248203564866,0.12783751493428913,0.39293774060799147,2511,0.9490242931103147,0.8721624850657109,0.10668213709979384,-0.32616968871342383,0.49143767423337315,,0.6125049780963759,,0.07487056949422541,indel,vaf_bin+lc,NS_380X,strict,shared3,union,<5%,False
,21027,3,42,0.00199743187330575,0.0014781557871850937,0.002698636615186991,0.016740381414371997,0.33957927109589253,21027,0.9980025681266943,0.983259618585628,0.0140118335689432,-0.48336673693195864,0.17182669900603986,,0.8255576163979645,,0.021353497883673373,indel,vaf_bin+lc,NS_380X,strict,shared3,union,<5%,True
,734,3,226,0.3079019073569482,0.2755784097145566,0.34222566373677,0.4305177111716621,0.5794732061762035,734,0.6920980926430518,0.5694822888283378,0.4582033113985779,0.053284765431931835,0.39373297002724794,,0.885558583106267,,0.4591280653950954,indel,vaf_bin+lc,NS_380X,strict,shared3,union,5-10%,False
,5539,3,99,0.017873262321718722,0.014703503017332593,0.021711296200763446,0.07763134139736415,0.36516820123969423,5539,0.9821267376782813,0.9223686586026358,0.07203063182183368,-0.41219495323109345,0.15490160678822892,,0.837696335078534,,0.10290666185231992,indel,vaf_bin+lc,NS_380X,strict,shared3,union,5-10%,True
,656,3,355,0.5411585365853658,0.5028973103832127,0.5789405300224383,0.7347560975609756,0.7586382113821138,656,0.45884146341463417,0.2652439024390244,0.6633862192917319,0.16470828779920307,0.6051829268292683,,0.850609756097561,,0.8201219512195121,indel,vaf_bin+lc,NS_380X,strict,shared3,union,10-20%,False
,4297,3,245,0.057016523155690016,0.05047105506573021,0.064353326058076,0.2192227135210612,0.4254130788922504,4297,0.9429834768443099,0.7807772864789388,0.15275111760279772,-0.2859268200670076,0.30835466604607864,,0.708401210146614,,0.2594833604840586,indel,vaf_bin+lc,NS_380X,strict,shared3,union,10-20%,True
,5873,3,2343,0.3989443214711391,0.3864906279176883,0.41153012722478677,0.815085986718883,0.7380101027300073,5873,0.6010556785288609,0.18491401328111698,0.5662039704997605,-0.0362071824246398,0.42039843350927975,,0.9162268006129747,,0.8774050740677678,indel,vaf_bin+lc,NS_380X,strict,shared3,union,>=20%,False
,15577,3,3619,0.23232971689028697,0.22576417874417765,0.23902724333405112,0.5649996790139308,0.5991097986347392,15577,0.7676702831097131,0.4350003209860692,0.3994013179738303,-0.06542187779357585,0.4635680811452783,,0.7673492970405085,,0.566412017718431,indel,vaf_bin+lc,NS_380X,strict,shared3,union,>=20%,True
all,109365,3,35696,0.32639327024185066,0.32362044739100854,0.3291782885789843,0.3557719562931468,0.5607217421783325,109365,0.6736067297581493,0.6442280437068532,0.5092692961588483,0.08841313666803678,0.3856809765464271,,0.9543912586293604,,0.34209299135921,snv,all,IL_T_1,strict,shared3,union_hc,,
,9403,3,15,0.0015952355631181539,0.0009670049039620115,0.0026305319492780687,0.0508348399446985,0.35081002516927223,9403,0.9984047644368819,0.9491651600553015,0.06987586302177193,-0.4613074207988717,0.23215994895246198,,0.7719876635116453,,0.04828246304370946,snv,vaf_bin,IL_T_1,strict,shared3,union_hc,<5%,
,44286,3,2589,0.058460913155398996,0.05631389155237489,0.06068452813351645,0.0880187869755679,0.3821599000436557,44286,0.941539086844601,0.9119812130244321,0.2259101918929812,-0.32921701650430374,0.10901865149257102,,0.9756130605608996,,0.06184798807749627,snv,vaf_bin,IL_T_1,strict,shared3,union_hc,5-10%,
,19310,3,5857,0.30331434489901604,0.2968703074687352,0.3098366225743877,0.33775245986535474,0.5470222682547903,19310,0.6966856551009839,0.6622475401346453,0.4783886690011299,0.06279681693961735,0.3783531848783014,,0.9423096841015018,,0.3204039357845676,snv,vaf_bin,IL_T_1,strict,shared3,union_hc,10-20%,
,36366,3,27235,0.7489138206016609,0.7444308413988024,0.7533442182065034,0.7702524335918165,0.8397220847311592,36366,0.2510861793983391,0.22974756640818347,0.8280453479687195,0.3781404712220445,0.7661826981246219,,0.9821261617994831,,0.7708573942693725,snv,vaf_bin,IL_T_1,strict,shared3,union_hc,>=20%,
,68476,3,33691,0.4920117997546586,0.48826785600228584,0.49575663972237427,0.5260821309655938,0.6726979769067508,68476,0.5079882002453414,0.4739178690344062,0.6430040703697474,0.23093409465684245,0.5409048425725802,,0.9671855832700508,,0.5100035048776214,snv,lc,IL_T_1,strict,shared3,union_hc,,False
,40889,3,2005,0.049035192839149894,0.046984169136117956,0.051170943485797885,0.07055687348675684,0.3731973554419689,40889,0.9509648071608501,0.9294431265132431,0.16482886447926529,-0.355107698742991,0.12573063660153097,,0.9329648560737607,,0.06089657365061508,snv,lc,IL_T_1,strict,shared3,union_hc,,True
,5398,3,15,0.0027788069655427937,0.001684762745431405,0.004580037708020304,0.08280844757317525,0.36186241817957265,5398,0.9972211930344572,0.9171915524268247,0.10310152240952293,-0.4395025598920956,0.26380140792886253,,0.7410151908114117,,0.08077065579844386,snv,vaf_bin+lc,IL_T_1,strict,shared3,union_hc,<5%,False
,4005,3,0,0.0,0.0,0.0009582466306423082,0.007740324594257179,0.33591344153141905,4005,1.0,0.9922596754057428,0.007894346789859662,-0.4942617271725794,0.1895131086142322,,0.813732833957553,,0.0044943820224719105,snv,vaf_bin+lc,IL_T_1,strict,shared3,union_hc,<5%,True
,24076,3,2460,0.10217644126931384,0.09841384482905684,0.10606596735081285,0.14001495264994185,0.41406379797308523,24076,0.8978235587306862,0.8599850473500581,0.3018315609555131,-0.2335369107146547,0.1527662402392424,,0.9829290579830536,,0.10649609569695963,snv,vaf_bin+lc,IL_T_1,strict,shared3,union_hc,5-10%,False
,20210,3,129,0.006382978723404255,0.005374931024562648,0.007578641375523363,0.02607619990103909,0.34415305954148107,20210,0.9936170212765958,0.973923800098961,0.04862803026654606,-0.467383516451656,0.05690252350321623,,0.9668975754576942,,0.008659079663532904,snv,vaf_bin+lc,IL_T_1,strict,shared3,union_hc,5-10%,True
,10623,3,5561,0.5234867739809846,0.5139823757872231,0.5329741918752982,0.5628353572437165,0.6954407104082337,10623,0.47651322601901536,0.43716464275628353,0.6646330570840903,0.25006824518477094,0.5710251341428975,,0.9748658571025134,,0.5404311399792903,snv,vaf_bin+lc,IL_T_1,strict,shared3,union_hc,10-20%,False
,8687,3,296,0.03407390353401635,0.03046012244486676,0.038099574754067875,0.06250719465868539,0.3655270327309006,8687,0.9659260964659837,0.9374928053413146,0.11158515750215313,-0.38832140908770296,0.1427420283181766,,0.9024979854955681,,0.05134108437895706,snv,vaf_bin+lc,IL_T_1,strict,shared3,union_hc,10-20%,True
,28379,3,25655,0.9040135311321752,0.9005314255909641,0.9073862747305309,0.9241692801014835,0.942727603744553,28379,0.0959864688678248,0.0758307198985165,0.9352631865704485,0.40740609193188027,0.9116247929807252,,0.9939744177032312,,0.9225836005497022,snv,vaf_bin+lc,IL_T_1,strict,shared3,union_hc,>=20%,False
,7987,3,1580,0.19782145987229247,0.18923130047048797,0.20670215348739102,0.22336296481782897,0.47372814156337384,7987,0.8021785401277075,0.776637035182171,0.38131256475846326,-0.07253247974951962,0.24940528358582698,,0.9400275447602354,,0.2317515963440591,snv,vaf_bin+lc,IL_T_1,strict,shared3,union_hc,>=20%,True
all,20225,3,1345,0.06650185414091471,0.0631496955453558,0.07001865541060354,0.09666254635352287,0.3877214668314792,20225,0.9334981458590853,0.9033374536464771,0.15474298495163905,-0.3107604378378144,0.22932014833127318,,0.8572064276885043,,0.07663782447466007,indel,all,IL_T_1,strict,shared3,union_hc,,
,9994,3,26,0.002601560936561937,0.001776054360222914,0.0038092971429685516,0.029917950770462276,0.3441731705690081,9994,0.9973984390634381,0.9700820492295377,0.014680210957021171,-0.472927048305374,0.2555533319991995,,0.7741644986992195,,0.002801681008605163,indel,vaf_bin,IL_T_1,strict,shared3,union_hc,<5%,
,3959,3,182,0.04597120484970952,0.039876176657752734,0.05294647664368931,0.07350340995200809,0.3731582049339059,3959,0.9540287951502905,0.9264965900479919,0.16111589173263294,-0.3595315405634099,0.1308411214953271,,0.9383682748168729,,0.05026521848951755,indel,vaf_bin,IL_T_1,strict,shared3,union_hc,5-10%,
,2949,3,378,0.12817904374364192,0.11659575671944378,0.1407297615710505,0.16039335367921329,0.42952413247428506,2949,0.8718209562563581,0.8396066463207867,0.28908689637156465,-0.18599047897135335,0.22312648355374703,,0.9186164801627671,,0.14682943370634113,indel,vaf_bin,IL_T_1,strict,shared3,union_hc,10-20%,
,3323,3,759,0.22840806500150465,0.21445289933625372,0.2429904377322219,0.2684321396328619,0.4989467348781222,3323,0.7715919349984953,0.7315678603671382,0.4226149767449409,-0.028793811905995437,0.27324706590430337,,0.9557628648811315,,0.2678302738489317,indel,vaf_bin,IL_T_1,strict,shared3,union_hc,>=20%,
,4732,3,1057,0.22337278106508876,0.21173268840147136,0.23546164384884705,0.29839391377852914,0.5072555649478726,4732,0.7766272189349113,0.7016060862214708,0.3316742402116637,-0.03572105335620233,0.6126373626373627,,0.6718089602704987,,0.23732037193575656,indel,lc,IL_T_1,strict,shared3,union_hc,,False
,15493,3,288,0.018589040211708513,0.01657845616474787,0.020838294878455992,0.035048086232492094,0.3512123754814002,15493,0.9814109597882915,0.9649519137675079,0.07495053766947178,-0.43567877938175453,0.11224423933389273,,0.9138320531853095,,0.027560833924998387,indel,lc,IL_T_1,strict,shared3,union_hc,,True
,2386,3,23,0.009639564124056999,0.006431944715056693,0.014423605613076453,0.10268231349538977,0.37077395920648226,2386,0.990360435875943,0.8973176865046102,0.04704367758240058,-0.41499894257938336,0.7095557418273261,,0.3922883487007544,,0.010477787091366304,indel,vaf_bin+lc,IL_T_1,strict,shared3,union_hc,<5%,False
,7608,3,3,0.0003943217665615142,0.0001341138426288605,0.0011588004769790081,0.007097791798107256,0.3358307045215563,7608,0.9996056782334385,0.9929022082018928,0.003674407985611219,-0.49385438035880364,0.11317034700315458,,0.8939274447949527,,0.0003943217665615142,indel,vaf_bin+lc,IL_T_1,strict,shared3,union_hc,<5%,True
,681,3,164,0.24082232011747431,0.2102193134858093,0.2743329205336227,0.3465491923641703,0.5291238374938815,681,0.7591776798825257,0.6534508076358296,0.4044681901913238,-0.01568290698725485,0.39941262848751835,,0.9353891336270191,,0.2525697503671072,indel,vaf_bin+lc,IL_T_1,strict,shared3,union_hc,5-10%,False
,3278,3,18,0.005491153142159854,0.003476290425992,0.008663680173017637,0.016778523489932886,0.3407565588773642,3278,0.9945088468578401,0.9832214765100671,0.03505198630931364,-0.4756975443384675,0.075045759609518,,0.938987187309335,,0.00823672971323978,indel,vaf_bin+lc,IL_T_1,strict,shared3,union_hc,5-10%,True
,538,3,331,0.6152416356877324,0.5734499673057648,0.6553992615256415,0.6654275092936803,0.7602230483271376,538,0.3847583643122677,0.3345724907063197,0.7280396655402375,0.29641212259055,0.6840148698884758,,0.9423791821561338,,0.654275092936803,indel,vaf_bin+lc,IL_T_1,strict,shared3,union_hc,10-20%,False
,2411,3,47,0.019493985897967647,0.014691475503020902,0.02582524598331457,0.047698050601410205,0.355730678833126,2411,0.9805060141020323,0.9523019493985898,0.08457397112101438,-0.42606799897916464,0.12028204064703442,,0.9133139776026545,,0.03359601824968893,indel,vaf_bin+lc,IL_T_1,strict,shared3,union_hc,10-20%,True
,1127,3,539,0.4782608695652174,0.4492203230970789,0.5074491113158582,0.5084294587400178,0.6622301094350783,1127,0.5217391304347826,0.49157054125998223,0.6376425214628547,0.2224965955373184,0.5022182786157942,,0.9751552795031055,,0.5093167701863354,indel,vaf_bin+lc,IL_T_1,strict,shared3,union_hc,>=20%,False
,2196,3,220,0.10018214936247723,0.0883143519178039,0.1134463054427641,0.145264116575592,0.41514875531268974,2196,0.8998178506375227,0.854735883424408,0.2646519519861807,-0.2353334209531167,0.1557377049180328,,0.9458105646630237,,0.14389799635701275,indel,vaf_bin+lc,IL_T_1,strict,shared3,union_hc,>=20%,True
all,125967,3,36261,0.28786110648026864,0.2853672971702166,0.2903678540673741,0.3172418173013567,0.5350343079272085,125967,0.7121388935197314,0.6827581826986433,0.45481999561195674,0.04579670839928335,0.38801432121111085,,0.9135884795224146,,0.3035001230480999,snv,all,NV_T_1,strict,shared3,union_hc,,
,11096,3,14,0.0012617159336697908,0.0007517525276221174,0.0021168883389004146,0.06759192501802451,0.35628454698389805,11096,0.9987382840663303,0.9324080749819755,0.07195818912840833,-0.45157514037361396,0.30046863734679163,,0.7043078586878154,,0.06407714491708724,snv,vaf_bin,NV_T_1,strict,shared3,union_hc,<5%,
,55193,3,3085,0.05589476926421829,0.05400902516890686,0.057842328924001804,0.08359755766129763,0.37983077564183865,55193,0.9441052307357817,0.9164024423387024,0.17290941573995533,-0.33597640482472196,0.14817096370916602,,0.9329987498414654,,0.058322613374884494,snv,vaf_bin,NV_T_1,strict,shared3,union_hc,5-10%,
,23123,3,5823,0.2518271850538425,0.24627400144936482,0.25746281360876705,0.27864031483804,0.5101558332972942,23123,0.7481728149461575,0.7213596851619599,0.3960931438425182,0.0020245181815204964,0.39605587510271156,,0.8694373567443671,,0.2649742680448039,snv,vaf_bin,NV_T_1,strict,shared3,union_hc,10-20%,
,36555,3,27339,0.7478867459991794,0.7434095199107557,0.752311878165096,0.7702092736971686,0.8393653398987827,36555,0.2521132540008207,0.22979072630283134,0.8263416131564568,0.376718649109497,0.7716317877171386,,0.9757351935439749,,0.7707290384352345,snv,vaf_bin,NV_T_1,strict,shared3,union_hc,>=20%,
,59425,3,34229,0.5760033655868743,0.5720252245845289,0.5799716809290866,0.612957509465713,0.7296536250175291,59425,0.4239966344131258,0.3870424905342869,0.7041250705072132,0.28352035036458695,0.6259823306689104,,0.9615313420277661,,0.6014472023559108,snv,lc,NV_T_1,strict,shared3,union_hc,,False
,66542,3,2032,0.030537104385200325,0.029256648370518695,0.03187176130385472,0.053154398725616905,0.36123050103693904,66542,0.9694628956147997,0.9468456012743831,0.08738640091787053,-0.40049432444225314,0.17549818159959124,,0.8707733461573142,,0.03741997535391182,snv,lc,NV_T_1,strict,shared3,union_hc,,True
,4442,3,14,0.0031517334533993696,0.0018783946728207015,0.005283682318818223,0.1560108059432688,0.38638751313222275,4442,0.9968482665466006,0.8439891940567312,0.13596235426571077,-0.4014917047144892,0.3779828905898244,,0.6280954524988743,,0.15308419630796938,snv,vaf_bin+lc,NV_T_1,strict,shared3,union_hc,<5%,False
,6654,3,0,0.0,0.0,0.0005769826218383045,0.008566275924256087,0.33618875864141873,6654,1.0,0.9914337240757439,0.007236923041191526,-0.49365726296852197,0.24872257288848812,,0.7551848512173129,,0.0046588518184550645,snv,vaf_bin+lc,NV_T_1,strict,shared3,union_hc,<5%,True
,17914,3,2928,0.16344758289605896,0.15810497204007942,0.1689345026805756,0.20040192028580997,0.45461650106062296,17914,0.836552417103941,0.7995980797141901,0.37199603195313286,-0.12466897449458003,0.21569722005135647,,0.9794015853522384,,0.16875069777827398,snv,vaf_bin+lc,NV_T_1,strict,shared3,union_hc,5-10%,False
,37279,3,157,0.004211486359612651,0.0036032410412291443,0.004921899382194685,0.02746854797607232,0.34389334477856165,37279,0.9957885136403873,0.9725314520239277,0.022955188324817286,-0.4711184542070752,0.1157219882507578,,0.9107003943238821,,0.005257651761045093,snv,vaf_bin+lc,NV_T_1,strict,shared3,union_hc,5-10%,True
,8879,3,5547,0.6247325149228516,0.6146093518932304,0.634747794721212,0.6532267147201262,0.759319743214326,8879,0.37526748507714836,0.34677328527987383,0.7406521415070699,0.31552983342511337,0.6525509629462777,,0.9826557044712242,,0.6427525622254758,snv,vaf_bin+lc,NV_T_1,strict,shared3,union_hc,10-20%,False
,14244,3,276,0.019376579612468407,0.017239047314264292,0.02177328030232203,0.04514181409716372,0.35483946456987736,14244,0.9806234203875316,0.9548581859028363,0.0515637820369792,-0.4278457648751128,0.23616961527660768,,0.7988626790227464,,0.02948609941027801,snv,vaf_bin+lc,NV_T_1,strict,shared3,union_hc,10-20%,True
,28190,3,25740,0.9130897481376374,0.9097447446067162,0.9163221833079087,0.9344448385952465,0.9491781955776281,28190,0.08691025186236254,0.06555516140475345,0.9414521290581647,0.3994461988847043,0.9174175239446613,,0.9960624334870521,,0.9340546293011707,snv,vaf_bin+lc,NV_T_1,strict,shared3,union_hc,>=20%,False
,8365,3,1599,0.19115361625821878,0.1828697758781602,0.1997209894715619,0.21673640167364017,0.469296672643953,8365,0.8088463837417812,0.7832635983263598,0.3517373037536462,-0.08254387680416843,0.2803347280334728,,0.9072325164375373,,0.22032277346084878,snv,vaf_bin+lc,NV_T_1,strict,shared3,union_hc,>=20%,True
all,23816,3,1429,0.06000167954316426,0.057055855681967145,0.0630894216813685,0.08343130668458179,0.38114432874258203,23816,0.9399983204568357,0.9165686933154182,0.12183005331007683,-0.32839424562935077,0.2977410144440712,,0.7782163251595566,,0.06747564662411824,indel,all,NV_T_1,strict,shared3,union_hc,,
,12762,3,47,0.0036828083372512145,0.002770818047772898,0.004893499195732388,0.020686412787964268,0.3414564070417385,12762,0.9963171916627488,0.9793135872120358,0.01250022946758996,-0.4769186495868178,0.3528443817583451,,0.6673718852844381,,0.00415295408243222,indel,vaf_bin,NV_T_1,strict,shared3,union_hc,<5%,
,5806,3,210,0.036169479848432655,0.03166531549695933,0.04128701234620479,0.05563210471925594,0.36393386152256285,5806,0.9638305201515673,0.944367895280744,0.11817070155595137,-0.3878888216951721,0.14330003444712366,,0.9085428866689631,,0.03995866345160179,indel,vaf_bin,NV_T_1,strict,shared3,union_hc,5-10%,
,2701,3,401,0.14846353202517587,0.13555398848391434,0.16237159092214795,0.1843761569788967,0.44427989633469084,2701,0.8515364679748242,0.8156238430211032,0.28473358941740723,-0.14965948626841377,0.2913735653461681,,0.8737504627915587,,0.1677156608663458,indel,vaf_bin,NV_T_1,strict,shared3,union_hc,10-20%,
,2547,3,771,0.3027090694935218,0.28517474286008276,0.32083761963906215,0.3541421279937181,0.5522837324957467,2547,0.6972909305064782,0.6458578720062819,0.47781059275188603,0.060000471024381,0.38044758539458184,,0.9352179034157833,,0.34118570867687475,indel,vaf_bin,NV_T_1,strict,shared3,union_hc,>=20%,
,4654,3,1160,0.24924795874516545,0.23703023118442623,0.2618792914701,0.31048560378169315,0.5199111875089529,4654,0.7507520412548345,0.6895143962183068,0.36056570701286245,-0.0025926547129003254,0.6095831542758917,,0.6850021486892995,,0.2651482595616674,indel,lc,NV_T_1,strict,shared3,union_hc,,False
,19162,3,269,0.014038200605364785,0.012467160670727763,0.015804045682767484,0.028285147688132763,0.3474411160978325,19162,0.9859617993946352,0.9717148523118673,0.03793264013968934,-0.4495657400225889,0.22200187871829663,,0.8008558605573531,,0.019465609017847822,indel,lc,NV_T_1,strict,shared3,union_hc,,True
,2226,3,43,0.01931716082659479,0.014372776779555937,0.025917737357807426,0.09029649595687332,0.36987121892782265,2226,0.9806828391734053,0.9097035040431267,0.05622948154353433,-0.4025794322747494,0.7102425876010782,,0.37915543575920935,,0.02021563342318059,indel,vaf_bin+lc,NV_T_1,strict,shared3,union_hc,<5%,False
,10536,3,4,0.00037965072133637056,0.0001476483436178996,0.0009758466223129324,0.005979498861047836,0.33545304986079477,10536,0.9996203492786636,0.9940205011389521,0.0029529119300672163,-0.49470820946576305,0.27733485193621865,,0.7282649962034928,,0.0007593014426727411,indel,vaf_bin+lc,NV_T_1,strict,shared3,union_hc,<5%,True
,878,3,195,0.22209567198177677,0.19584577458577399,0.25076677110626794,0.285876993166287,0.5026575550493546,878,0.7779043280182233,0.714123006833713,0.4104625761393246,-0.03723507299185923,0.3109339407744875,,0.9624145785876993,,0.23462414578587698,indel,vaf_bin+lc,NV_T_1,strict,shared3,union_hc,5-10%,False
,4928,3,15,0.003043831168831169,0.0018455170982277318,0.005016313133595317,0.01461038961038961,0.3392180735930736,4928,0.9969561688311688,0.9853896103896104,0.016969603749217712,-0.4825784086985639,0.11343344155844155,,0.8989448051948052,,0.005275974025974026,indel,vaf_bin+lc,NV_T_1,strict,shared3,union_hc,5-10%,True
,512,3,344,0.671875,0.6300562921389914,0.7111338099562676,0.73046875,0.80078125,512,0.328125,0.26953125,0.7705917640267438,0.3143950263032042,0.736328125,,0.953125,,0.712890625,indel,vaf_bin+lc,NV_T_1,strict,shared3,union_hc,10-20%,False
,2189,3,57,0.02603928734582001,0.020152611801255334,0.03358654856835435,0.05664687071722248,0.3608953860210142,2189,0.9739607126541799,0.9433531292827775,0.0776088455908897,-0.4075599508992258,0.18730013704888077,,0.8551850159890361,,0.04020100502512563,indel,vaf_bin+lc,NV_T_1,strict,shared3,union_hc,10-20%,True
,1038,3,578,0.5568400770712909,0.5264655038093473,0.5867954909427422,0.5963391136801541,0.7177263969171483,1038,0.44315992292870904,0.40366088631984587,0.6950857132639675,0.2708614884211009,0.5838150289017341,,0.9739884393063584,,0.5953757225433526,indel,vaf_bin+lc,NV_T_1,strict,shared3,union_hc,>=20%,False
,1509,3,193,0.12789927104042412,0.1119882152870413,0.14570002861168638,0.18754141815772035,0.43848022973271483,1509,0.8721007289595759,0.8124585818422797,0.2752164418254847,-0.1806748885722383,0.24055666003976142,,0.9085487077534792,,0.1663353214049039,indel,vaf_bin+lc,NV_T_1,strict,shared3,union_hc,>=20%,True
all,70170,3,34748,0.49519737779677925,0.4914984183575457,0.4988968630466295,0.5232720535841527,0.6728231437936439,70170,0.5048026222032207,0.4767279464158472,0.6468139050922194,0.23560673736406912,0.5298988171583298,,0.9753170870742482,,0.513253527148354,snv,all,FD_T_1,strict,shared3,union_hc,,
,3081,3,9,0.0029211295034079843,0.0015375970111069282,0.005542656257093088,0.037650113599480686,0.3468570810342962,3081,0.997078870496592,0.9623498864005193,0.09165066222351397,-0.467065386242108,0.12333657903278157,,0.8821811100292113,,0.035053554040895815,snv,vaf_bin,FD_T_1,strict,shared3,union_hc,<5%,
,15076,3,1697,0.11256301406208544,0.10761626581413178,0.11770715473371393,0.15521358450517378,0.4225921995224198,15076,0.8874369859379145,0.8447864154948262,0.31068385277766125,-0.2123057003733019,0.16867869461395596,,0.9828867073494295,,0.1162111966038737,snv,vaf_bin,FD_T_1,strict,shared3,union_hc,5-10%,
,16275,3,5656,0.3475268817204301,0.3402478152784126,0.35487790895973353,0.3846390168970814,0.5773886328725039,16275,0.6524731182795699,0.6153609831029185,0.5274646636512882,0.10868346152309642,0.400184331797235,,0.9666359447004609,,0.3653456221198157,snv,vaf_bin,FD_T_1,strict,shared3,union_hc,10-20%,
,35738,3,27386,0.7662991773462421,0.7618832475919263,0.7706578645365484,0.7835357322737703,0.8499449698733375,35738,0.2337008226537579,0.2164642677262298,0.8405986660203113,0.3892019806827434,0.7764004700878616,,0.9841065532486429,,0.7893278862835077,snv,vaf_bin,FD_T_1,strict,shared3,union_hc,>=20%,
,49125,3,32751,0.6666870229007633,0.6625055924845489,0.6708423862933963,0.6974249363867685,0.7880373197625107,49125,0.33331297709923663,0.30257506361323155,0.770103157860639,0.3348420590513743,0.7015572519083969,,0.9800101781170484,,0.6825445292620865,snv,lc,FD_T_1,strict,shared3,union_hc,,False
,21045,3,1997,0.09489189831313852,0.09100602005423483,0.09892564277110155,0.11674982181040627,0.40388057337451494,21045,0.9051081016868615,0.8832501781895937,0.28598426837081087,-0.25312085681061214,0.1291993347588501,,0.9643620812544548,,0.11808030411023997,snv,lc,FD_T_1,strict,shared3,union_hc,,True
,1744,3,9,0.005160550458715597,0.0027173590454262517,0.009778888088699419,0.06364678899082568,0.35626911314984705,1744,0.9948394495412844,0.9363532110091743,0.10764189412168636,-0.44593650923103606,0.1811926605504587,,0.8279816513761468,,0.05963302752293578,snv,vaf_bin+lc,FD_T_1,strict,shared3,union_hc,<5%,False
,1337,3,0,0.0,0.0,0.002864961249089651,0.0037397157816005983,0.33457990526053355,1337,1.0,0.9962602842183994,0.021082647718773374,-0.49721089799033896,0.04786836200448766,,0.9528795811518325,,0.0029917726252804786,snv,vaf_bin+lc,FD_T_1,strict,shared3,union_hc,<5%,True
,9093,3,1619,0.17804904871879468,0.17032250671094118,0.1860475007796547,0.23875508633014406,0.47226804501631287,9093,0.8219509512812053,0.7612449136698559,0.37405787252198625,-0.09931636852992701,0.25151215220499284,,0.9822940723633564,,0.18299791048058947,snv,vaf_bin+lc,FD_T_1,strict,shared3,union_hc,5-10%,False
,5983,3,78,0.013036937990974428,0.01045911586072566,0.016239680143834014,0.028246698980444594,0.3470945456571397,5983,0.9869630620090256,0.9717533010195554,0.11633075590316844,-0.4517156496488052,0.04278789904730069,,0.9837873976266087,,0.014708340297509611,snv,vaf_bin+lc,FD_T_1,strict,shared3,union_hc,5-10%,True
,10164,3,5336,0.5249901613537977,0.5152742615357985,0.5346871783683717,0.5685753640299095,0.6978551751279024,10164,0.4750098386462023,0.4314246359700905,0.664040628612033,0.24906752420727657,0.5816607634789452,,0.972353404171586,,0.5395513577331759,snv,vaf_bin+lc,FD_T_1,strict,shared3,union_hc,10-20%,False
,6111,3,320,0.052364588447062675,0.047055372502326984,0.05823623042090974,0.07871052200949108,0.37702503681885124,6111,0.9476354115529373,0.9212894779905089,0.1983756663185002,-0.34486670661500746,0.09834724267713958,,0.9571264932089675,,0.07560137457044673,snv,vaf_bin+lc,FD_T_1,strict,shared3,union_hc,10-20%,True
,28124,3,25787,0.916903712131987,0.913620508743574,0.9200730412691749,0.9315886787085763,0.949497463613521,28124,0.08309628786801308,0.0684113212914237,0.9439726660683943,0.4223651740239283,0.922663916939269,,0.991466363248471,,0.9343621106528233,snv,vaf_bin+lc,FD_T_1,strict,shared3,union_hc,>=20%,False
,7614,3,1599,0.21000788022064618,0.201006312011705,0.2193019178364345,0.23666929340688206,0.48222572454250945,7614,0.7899921197793538,0.763330706593118,0.4066080863317218,-0.05465559409002874,0.2361439453638035,,0.9569214604675598,,0.25361176779616496,snv,vaf_bin+lc,FD_T_1,strict,shared3,union_hc,>=20%,True
all,15949,3,1356,0.08502100445168977,0.08079167380248185,0.08945018974459444,0.12345601605116308,0.40282567350095094,15949,0.9149789955483102,0.8765439839488369,0.25058689654574867,-0.26786087287145877,0.15154555144523169,,0.9552323029657032,,0.101699166091918,indel,all,FD_T_1,strict,shared3,union_hc,,
,5799,3,5,0.000862217623728229,0.00036834229466918024,0.0020169475532301126,0.031039834454216243,0.34396735069264817,5799,0.9991377823762718,0.9689601655457838,0.01503501564170995,-0.4759153589747315,0.0775995861355406,,0.95326780479393,,0.0010346611484738748,indel,vaf_bin,FD_T_1,strict,shared3,union_hc,<5%,
,3208,3,106,0.033042394014962596,0.02739397487986402,0.03980780378449931,0.06951371571072319,0.36751870324189523,3208,0.9669576059850374,0.9304862842892768,0.13589044334968478,-0.38662506463739704,0.10816708229426433,,0.9594763092269327,,0.034912718204488775,indel,vaf_bin,FD_T_1,strict,shared3,union_hc,5-10%,
,3193,3,362,0.11337300344503602,0.10283739209689219,0.12483778923324262,0.1506420294393987,0.42133834429481154,3193,0.886626996554964,0.8493579705606014,0.29043997066447125,-0.21217132582868206,0.17726276229251486,,0.9473849044785468,,0.139367366113373,indel,vaf_bin,FD_T_1,strict,shared3,union_hc,10-20%,
,3749,3,883,0.2355294745265404,0.22222151757392367,0.24937886262888276,0.2894105094691918,0.5083133279985774,3749,0.7644705254734596,0.7105894905308082,0.43398961998827806,-0.01957589132503855,0.281141637770072,,0.9613230194718592,,0.282475326753801,indel,vaf_bin,FD_T_1,strict,shared3,union_hc,>=20%,
,2701,3,1025,0.3794890781192151,0.36137204665130024,0.39794841263956166,0.49907441688263604,0.6261878316672838,2701,0.6205109218807849,0.5009255831173639,0.5304178359235633,0.11637068188434127,0.5446131062569419,,0.9289152165864495,,0.40503517215845986,indel,lc,FD_T_1,strict,shared3,union_hc,,False
,13248,3,331,0.024984903381642512,0.02246165111613824,0.027783551476252905,0.046875,0.3572866344605475,13248,0.9750150966183575,0.953125,0.1339930975350601,-0.4153243671235052,0.07140700483091787,,0.9605978260869565,,0.03985507246376811,indel,lc,FD_T_1,strict,shared3,union_hc,,True
,691,3,5,0.00723589001447178,0.0030945848018008705,0.01682572744350796,0.20839363241678727,0.40520984081041966,691,0.9927641099855282,0.7916063675832128,0.07900212563670632,-0.3730332522303326,0.36034732272069464,,0.8480463096960926,,0.00723589001447178,indel,vaf_bin+lc,FD_T_1,strict,shared3,union_hc,<5%,False
,5108,3,0,0.0,5.421010862427522e-20,0.000751482386854062,0.007047768206734534,0.3356825894022448,5108,1.0,0.9929522317932654,0.003942373748589342,-0.494769728097969,0.03935003915426782,,0.9675019577133908,,0.00019577133907595928,indel,vaf_bin+lc,FD_T_1,strict,shared3,union_hc,<5%,True
,517,3,95,0.18375241779497098,0.15274316821741518,0.21942662652126815,0.3655705996131528,0.5164410058027079,517,0.816247582205029,0.6344294003868471,0.3395971027547522,-0.08950811485642958,0.390715667311412,,0.9690522243713733,,0.1895551257253385,indel,vaf_bin+lc,FD_T_1,strict,shared3,union_hc,5-10%,False
,2691,3,11,0.004087699739873653,0.0022840640042357486,0.00730516757601564,0.0126347082868822,0.33890746934225197,2691,0.9959123002601263,0.9873652917131178,0.0327317342939256,-0.4816869323392801,0.05388331475287997,,0.9576365663322185,,0.005202526941657376,indel,vaf_bin+lc,FD_T_1,strict,shared3,union_hc,5-10%,True
,534,3,298,0.5580524344569289,0.5156652851711104,0.5996103206476474,0.6404494382022472,0.7328339575530586,534,0.4419475655430712,0.3595505617977528,0.6827924860362987,0.2475759843334551,0.6647940074906367,,0.9325842696629213,,0.601123595505618,indel,vaf_bin+lc,FD_T_1,strict,shared3,union_hc,10-20%,False
,2659,3,64,0.024069198946972545,0.0188941912572593,0.03061737781643366,0.052275291462956,0.35878149680330956,2659,0.9759308010530274,0.947724708537044,0.11781540713091458,-0.41403997368696077,0.07935314027830011,,0.9503572771718691,,0.046634072959759305,indel,vaf_bin+lc,FD_T_1,strict,shared3,union_hc,10-20%,True
,959,3,627,0.6538060479666319,0.6231354200547954,0.6832493926238374,0.7017726798748697,0.7851929092805006,959,0.3461939520333681,0.29822732012513037,0.7616046387664285,0.3158154867047454,0.6934306569343066,,0.9635036496350365,,0.6986444212721585,indel,vaf_bin+lc,FD_T_1,strict,shared3,union_hc,>=20%,False
,2790,3,256,0.09175627240143369,0.08159839172973084,0.10303680193599545,0.14767025089605734,0.413142174432497,2790,0.9082437275985663,0.8523297491039427,0.266511943604768,-0.24867300109456808,0.13942652329749103,,0.9605734767025089,,0.13942652329749103,indel,vaf_bin+lc,FD_T_1,strict,shared3,union_hc,>=20%,True
all,91922,3,33030,0.3593263854137203,0.35623061220197794,0.3624339157524906,0.4130676007919758,0.5907979954018987,91922,0.6406736145862797,0.5869323992080242,0.49409143560430796,0.1166377864071646,0.5243358499597485,,0.8453580209307892,,0.4027001153151585,snv,all,NS_T_1,strict,shared3,union_hc,,
,5302,3,4,0.0007544322897019992,0.0002934218681393465,0.0019383558644968776,0.03545831761599397,0.3454042499685653,5302,0.999245567710298,0.9645416823840061,0.03310468009108492,-0.4731606763834566,0.33836288193134667,,0.6648434552998869,,0.033006412674462464,snv,vaf_bin,NS_T_1,strict,shared3,union_hc,<5%,
,29001,3,2232,0.07696286334953967,0.07395103165646988,0.08008675080008526,0.11765111547877659,0.3982046596094388,29001,0.9230371366504603,0.8823488845212234,0.15535257467903216,-0.28393418236078893,0.30740319299334506,,0.8053170580324817,,0.08189372780248957,snv,vaf_bin,NS_T_1,strict,shared3,union_hc,5-10%,
,21730,3,5693,0.26198803497468937,0.2561840402444546,0.2678761669858747,0.2946617579383341,0.5188832643043412,21730,0.7380119650253106,0.705338242061666,0.3765211418784751,0.014578529462085009,0.5340082834790612,,0.7355729406350667,,0.28706856879889553,snv,vaf_bin,NS_T_1,strict,shared3,union_hc,10-20%,
,35889,3,25101,0.6994065033854384,0.6946416149542508,0.7041287085494229,0.7792638412884171,0.8262234482246185,35889,0.3005934966145616,0.22073615871158295,0.7890014598807499,0.3021378659355879,0.7212516369918359,,0.970854579397587,,0.7865641282844326,snv,vaf_bin,NS_T_1,strict,shared3,union_hc,>=20%,
,61280,3,31111,0.5076860313315927,0.503727385494413,0.5116437136008188,0.5777251958224543,0.6951370757180156,61280,0.4923139686684073,0.4222748041775457,0.6299627625311616,0.225634777809741,0.6499347258485639,,0.8741677545691906,,0.5613087467362924,snv,lc,NS_T_1,strict,shared3,union_hc,,False
,30642,3,1919,0.0626264604138111,0.05996805732672837,0.06539451312130574,0.08377390509757848,0.3821334551704632,30642,0.9373735395861889,0.9162260949024215,0.1283307379472494,-0.3233712447045616,0.2731544938319953,,0.7877423144703348,,0.08550355720905946,snv,lc,NS_T_1,strict,shared3,union_hc,,True
,2738,3,4,0.0014609203798392988,0.0005682655017521985,0.0037505322838014958,0.06501095690284879,0.355490625760896,2738,0.9985390796201608,0.9349890430971513,0.04812308914408905,-0.45273506838964755,0.43425858290723157,,0.5719503287070855,,0.060262965668371075,snv,vaf_bin+lc,NS_T_1,strict,shared3,union_hc,<5%,False
,2564,3,0,0.0,0.0,0.0014959875375087806,0.0039001560062402497,0.33463338533541337,2564,1.0,0.9960998439937597,0.0050805509735522905,-0.4970919402337924,0.2359594383775351,,0.7640405616224649,,0.0039001560062402497,snv,vaf_bin+lc,NS_T_1,strict,shared3,union_hc,<5%,True
,17376,3,2116,0.12177716390423572,0.11699809380645856,0.12672343086089685,0.18076657458563536,0.43418124616329035,17376,0.8782228360957642,0.8192334254143646,0.22304603119227093,-0.19161256038377422,0.3615906998158379,,0.8127877532228361,,0.12816528545119704,snv,vaf_bin+lc,NS_T_1,strict,shared3,union_hc,5-10%,False
,11625,3,116,0.009978494623655914,0.00832664344736982,0.011954092140594019,0.02331182795698925,0.3444301075268817,11625,0.990021505376344,0.9766881720430107,0.027589936454735037,-0.46151496450013696,0.22640860215053762,,0.7941505376344086,,0.012731182795698924,snv,vaf_bin+lc,NS_T_1,strict,shared3,union_hc,5-10%,True
,13048,3,5395,0.41347332924586144,0.4050502533667331,0.4219473387259904,0.4558553034947885,0.6231095442468834,13048,0.5865266707541386,0.5441446965052116,0.5358545950882632,0.16749477587180334,0.6456161863887185,,0.7832618025751072,,0.440450643776824,snv,vaf_bin+lc,NS_T_1,strict,shared3,union_hc,10-20%,False
,8682,3,298,0.03432388850495278,0.03069556410095219,0.03836411902411104,0.05240727942870307,0.3622437226445519,8682,0.9656761114950472,0.947592720571297,0.0678049765206004,-0.39333203743109296,0.36627505183137526,,0.663902326652845,,0.056553789449435614,snv,vaf_bin+lc,NS_T_1,strict,shared3,union_hc,10-20%,True
,28118,3,23596,0.8391777509068924,0.83483752282998,0.8434253152537348,0.9295113450458781,0.9228963653175901,28118,0.1608222490931076,0.07048865495412192,0.890260615432022,0.24664948441391996,0.8511273917063803,,0.9837115015292696,,0.9338502027171207,snv,vaf_bin+lc,NS_T_1,strict,shared3,union_hc,>=20%,False
,7771,3,1505,0.19366876849826278,0.1850348895091781,0.2026053568911441,0.23561961137562734,0.4764294599579633,7771,0.8063312315017372,0.7643803886243726,0.35976422193268226,-0.07750282318532908,0.25131900656286194,,0.9243340625402137,,0.2536353107708146,snv,vaf_bin+lc,NS_T_1,strict,shared3,union_hc,>=20%,True
all,20263,3,1318,0.06504466268568326,0.06173097572368672,0.06852323602334214,0.09988649262202043,0.38831038510256793,20263,0.9349553373143167,0.9001135073779796,0.1873605348267462,-0.3120775287277957,0.1601934560529043,,0.9243942160588264,,0.08034348319597295,indel,all,NS_T_1,strict,shared3,union_hc,,
,8695,3,10,0.0011500862564692352,0.0006248408353006505,0.0021159217057293046,0.026566992524439333,0.34257235959363624,8695,0.9988499137435307,0.9734330074755607,0.013205464504607805,-0.4783548941441315,0.10615296147211041,,0.9201840138010351,,0.0013801035077630822,indel,vaf_bin,NS_T_1,strict,shared3,union_hc,<5%,
,4588,3,143,0.03116826503923278,0.026519055305696218,0.03660190856467509,0.06102877070619006,0.36406567858180766,4588,0.9688317349607672,0.9389712292938099,0.10475892172962707,-0.39487438158158755,0.14080209241499564,,0.9154315605928509,,0.03596338273757629,indel,vaf_bin,NS_T_1,strict,shared3,union_hc,5-10%,
,3465,3,387,0.11168831168831168,0.10162755998229116,0.12260911040308235,0.15209235209235208,0.4212602212602212,3465,0.8883116883116883,0.8479076479076479,0.2580257394657568,-0.2145358438242485,0.21183261183261184,,0.9105339105339105,,0.1414141414141414,indel,vaf_bin,NS_T_1,strict,shared3,union_hc,10-20%,
,3515,3,778,0.22133712660028448,0.2079212502665959,0.23536142588541806,0.28051209103840685,0.5006164058795638,3515,0.7786628733997155,0.7194879089615932,0.4137432479009975,-0.038218742443581616,0.2682788051209104,,0.9601706970128022,,0.27339971550497866,indel,vaf_bin,NS_T_1,strict,shared3,union_hc,>=20%,
,3257,3,1000,0.30703101013202333,0.2914248711406311,0.32309180626489886,0.42708013509364445,0.578037048408556,3257,0.6929689898679766,0.5729198649063555,0.4615992352729119,0.05297258899327253,0.47037150752225976,,0.9177156892846178,,0.3460239484187903,indel,lc,NS_T_1,strict,shared3,union_hc,,False
,17006,3,318,0.018699282606139008,0.01676938920409724,0.020846567438984533,0.03722215688580501,0.35197381316398135,17006,0.981300717393861,0.962777843114195,0.08048415727436062,-0.43409510127771195,0.10078795719157944,,0.925673291779372,,0.02946019052099259,indel,lc,NS_T_1,strict,shared3,union_hc,,True
,960,3,9,0.009375,0.004939950875727914,0.017720890926427174,0.19270833333333334,0.40069444444444446,960,0.990625,0.8072916666666666,0.07706759983792506,-0.3750750575859873,0.3729166666666667,,0.8177083333333334,,0.011458333333333333,indel,vaf_bin+lc,NS_T_1,strict,shared3,union_hc,<5%,False
,7735,3,1,0.0001292824822236587,2.2821897182310016e-05,0.0007320015284915754,0.0059469941822883,0.3353587588881706,7735,0.9998707175177763,0.9940530058177117,0.0026184955393256455,-0.4952907799588985,0.07304460245636717,,0.9329023917259212,,0.0001292824822236587,indel,vaf_bin+lc,NS_T_1,strict,shared3,union_hc,<5%,True
,694,3,130,0.1873198847262248,0.16004179808713356,0.218040437477616,0.3184438040345821,0.5019212295869356,694,0.8126801152737753,0.6815561959654178,0.35239582694485505,-0.08358948568053788,0.33861671469740634,,0.9654178674351584,,0.2017291066282421,indel,vaf_bin+lc,NS_T_1,strict,shared3,union_hc,5-10%,False
,3894,3,13,0.003338469440164355,0.0019521050341246259,0.005703788397139448,0.015151515151515152,0.33949666153055985,3894,0.9966615305598356,0.9848484848484849,0.016603343373225457,-0.4815486456027087,0.10554699537750385,,0.906522855675398,,0.0064201335387776065,indel,vaf_bin+lc,NS_T_1,strict,shared3,union_hc,5-10%,True
,563,3,325,0.5772646536412078,0.5360709524981794,0.6174111166874484,0.6714031971580817,0.7495559502664298,563,0.4227353463587922,0.3285968028419183,0.6981499166943426,0.2493585649782077,0.6607460035523979,,0.9342806394316163,,0.6536412078152753,indel,vaf_bin+lc,NS_T_1,strict,shared3,union_hc,10-20%,False
,2902,3,62,0.021364576154376293,0.016701997485970975,0.027292645935689502,0.05134390075809786,0.3575694923041581,2902,0.9786354238456237,0.9486560992419021,0.08329799513468344,-0.42008082357547455,0.12474155754651964,,0.9059269469331496,,0.04203997243280496,indel,vaf_bin+lc,NS_T_1,strict,shared3,union_hc,10-20%,True
,1040,3,536,0.5153846153846153,0.4850103226396142,0.5456456737567664,0.5836538461538462,0.6996794871794871,1040,0.4846153846153846,0.41634615384615387,0.6589797422763023,0.23123818426171797,0.5451923076923076,,0.9692307692307692,,0.5846153846153846,indel,vaf_bin+lc,NS_T_1,strict,shared3,union_hc,>=20%,False
,2475,3,242,0.09777777777777778,0.08669218186713872,0.11011002066370977,0.15313131313131312,0.416969696969697,2475,0.9022222222222223,0.8468686868686869,0.26665723547609993,-0.23707674579767604,0.15191919191919193,,0.9563636363636364,,0.14262626262626263,indel,vaf_bin+lc,NS_T_1,strict,shared3,union_hc,>=20%,True
all,85598,3,29223,0.34139816350849317,0.33822877485916303,0.3445817869549582,0.46581695834014814,0.6024050406162138,85598,0.6586018364915068,0.5341830416598519,0.47923873661793664,0.08341611869640655,0.6302366877730788,,0.706605294516227,,0.4703731395593355,snv,all,NS_380X,strict,shared3,union_hc,,
,24260,3,16,0.0006595218466611707,0.00040601684362530523,0.0010711383249625852,0.06776586974443528,0.35614179719703215,24260,0.9993404781533388,0.9322341302555647,0.027339702319287337,-0.4527103981916185,0.851030502885408,,0.13676834295136026,,0.08062654575432811,snv,vaf_bin,NS_380X,strict,shared3,union_hc,<5%,
,17962,3,3488,0.19418772965148648,0.1884684311731519,0.20003780577762562,0.2202984077496938,0.4714953791337268,17962,0.8058122703485135,0.7797015922503062,0.31673903844398615,-0.07791965717325568,0.3873176706380136,,0.8224028504620866,,0.20476561630108006,snv,vaf_bin,NS_380X,strict,shared3,union_hc,5-10%,
,8717,3,5547,0.6363427784788345,0.626186281112258,0.646379160103943,0.6990937249053574,0.7784788344613972,8717,0.36365722152116553,0.30090627509464263,0.7399280442227911,0.29707510548239796,0.6872777331650797,,0.9444763106573363,,0.7036824595617759,snv,vaf_bin,NS_380X,strict,shared3,union_hc,10-20%,
,34659,3,20172,0.5820133298710292,0.5768118860986805,0.5871965956281783,0.8130067226405839,0.798340017503871,34659,0.41798667012897084,0.18699327735941604,0.7027534319844024,0.1345667975012469,0.5872356386508555,,0.9856314377218038,,0.8221529761389538,snv,vaf_bin,NS_380X,strict,shared3,union_hc,>=20%,
,59320,3,27571,0.4647842211732974,0.46077299781132963,0.46880000526366283,0.631018206338503,0.6986008091706002,59320,0.5352157788267027,0.36898179366149697,0.6049530731625272,0.15270140274199026,0.7182063385030344,,0.7474207687120701,,0.6301753202966959,snv,lc,NS_380X,strict,shared3,union_hc,,False
,26278,3,1652,0.06286627597229622,0.05999500251622316,0.06586533584718779,0.09289139203896796,0.38525255600375474,26278,0.9371337240277038,0.907108607961032,0.11446867297583181,-0.318979518169642,0.43165385493568764,,0.6144683765887815,,0.10963543648679504,snv,lc,NS_380X,strict,shared3,union_hc,,True
,14893,3,15,0.0010071845833613106,0.0006104848999733264,0.001661235512319574,0.10528436178070234,0.3687638487880212,14893,0.9989928154166386,0.8947156382192977,0.040582011250935024,-0.4305429714271874,0.8972000268582555,,0.09353387497482038,,0.11555764453098771,snv,vaf_bin+lc,NS_380X,strict,shared3,union_hc,<5%,False
,9367,3,1,0.00010675776662752215,1.8845615822270212e-05,0.0006045198360812629,0.008113590263691683,0.3360734493434397,9367,0.9998932422333725,0.9918864097363083,0.0035492997288383288,-0.4937507572502433,0.7776235721148713,,0.20550870075798014,,0.025088075157467707,snv,vaf_bin+lc,NS_380X,strict,shared3,union_hc,<5%,True
,10181,3,3303,0.32442785580984185,0.31540170063248235,0.33358645353227073,0.3646007268441214,0.563009527551321,10181,0.6755721441901581,0.6353992731558786,0.46646420916365877,0.0847014660635792,0.48060111973283565,,0.8698556133975052,,0.33857184952362246,snv,vaf_bin+lc,NS_380X,strict,shared3,union_hc,5-10%,False
,7781,3,185,0.0237758642847963,0.020618431197951568,0.027403286495105535,0.03148695540418969,0.35175427322966196,7781,0.9762241357152037,0.9685130445958103,0.05137445696163854,-0.42708302850154345,0.26526153450713275,,0.7603135843721887,,0.02968770080966457,snv,vaf_bin+lc,NS_380X,strict,shared3,union_hc,5-10%,True
,6566,3,5255,0.8003350593968931,0.7904916173582142,0.809827282986751,0.8746573256168139,0.8916641283379024,6566,0.1996649406031069,0.1253426743831861,0.8628118261781045,0.31101941924747295,0.8094730429485227,,0.9905574169966495,,0.8749619250685349,snv,vaf_bin+lc,NS_380X,strict,shared3,union_hc,10-20%,False
,2151,3,292,0.13575081357508137,0.12192350116183436,0.15087682779712733,0.16317991631799164,0.43297690996435767,2151,0.8642491864249187,0.8368200836820083,0.2425286491234008,-0.17341664281579458,0.31427243142724315,,0.803812180381218,,0.18084611808461182,snv,vaf_bin+lc,NS_380X,strict,shared3,union_hc,10-20%,True
,27680,3,18998,0.6863439306358381,0.680852477294008,0.691783669150657,0.9540823699421965,0.8801421001926782,27680,0.31365606936416185,0.04591763005780347,0.7865659021175143,0.008910255614608611,0.6876445086705202,,0.9965317919075144,,0.95625,snv,vaf_bin+lc,NS_380X,strict,shared3,union_hc,>=20%,False
,6979,3,1174,0.16821894254191144,0.15962604447341877,0.17717688492001005,0.25347470984381715,0.4738978841285762,6979,0.8317810574580885,0.7465252901561829,0.3302679674356919,-0.11207211986586611,0.18899555810288007,,0.9423986244447629,,0.2902994698380857,snv,vaf_bin+lc,NS_380X,strict,shared3,union_hc,>=20%,True
all,17145,3,1283,0.07483231262758822,0.07098831277664733,0.07886679347012876,0.11431904345290173,0.3963837853601633,17145,0.9251676873724117,0.8856809565470983,0.15102336680023418,-0.2889094953401172,0.2872557596967046,,0.7923009623797025,,0.10959463400408283,indel,all,NS_380X,strict,shared3,union_hc,,
,10664,3,133,0.012471867966991748,0.010534159771715542,0.014760691099692564,0.03225806451612903,0.34824331082770693,10664,0.9875281320330083,0.967741935483871,0.032042526041227384,-0.45030699417033504,0.27906976744186046,,0.7456864216054013,,0.019973743435858966,indel,vaf_bin,NS_380X,strict,shared3,union_hc,<5%,
,2687,3,220,0.08187569780424266,0.07209608623120034,0.09284914209719589,0.11388165240044659,0.3985857834015631,2687,0.9181243021957574,0.8861183475995534,0.18974767392333494,-0.2766878753701704,0.20431708224786008,,0.8790472646073688,,0.11239300334946037,indel,vaf_bin,NS_380X,strict,shared3,union_hc,5-10%,
,1410,3,352,0.24964539007092199,0.22775516835254736,0.27289605700557373,0.32269503546099293,0.524113475177305,1410,0.750354609929078,0.6773049645390071,0.38122563066384757,-0.0028051763671456376,0.40070921985815605,,0.8219858156028369,,0.349645390070922,indel,vaf_bin,NS_380X,strict,shared3,union_hc,10-20%,
,2384,3,578,0.2424496644295302,0.22566956137720376,0.26005843975797877,0.3586409395973154,0.5336968680089486,2384,0.7575503355704698,0.6413590604026845,0.3885657769672746,-0.01467568547400388,0.350251677852349,,0.885486577181208,,0.3653523489932886,indel,vaf_bin,NS_380X,strict,shared3,union_hc,>=20%,
,3310,3,1046,0.316012084592145,0.30039475431305673,0.3320559784285594,0.43867069486404836,0.5848942598187311,3310,0.683987915407855,0.5613293051359517,0.44674174255975796,0.06094489957133875,0.5709969788519638,,0.7652567975830815,,0.41842900302114805,indel,lc,NS_380X,strict,shared3,union_hc,,False
,13835,3,237,0.017130466208890496,0.015098476616422366,0.01943053076057337,0.03671846765449946,0.3512829779544633,13835,0.9828695337911095,0.9632815323455005,0.04528711759055551,-0.43767995995582953,0.21937116010119262,,0.7987712323816407,,0.03570654138055656,indel,lc,NS_380X,strict,shared3,union_hc,,True
,1411,3,117,0.08291991495393337,0.0696387583269828,0.09846591328685364,0.18922749822820695,0.4240491377273801,1411,0.9170800850460666,0.810772501771793,0.1587486444875515,-0.2516542853290866,0.6243798724309001,,0.5414599574769667,,0.10630758327427356,indel,vaf_bin+lc,NS_380X,strict,shared3,union_hc,<5%,False
,9253,3,16,0.0017291689181886955,0.0010646831494921457,0.002807205440167276,0.008321625418783098,0.33668359811232396,9253,0.9982708310818112,0.9916783745812169,0.006546124730117713,-0.48999369496627804,0.22641305522533234,,0.7768291364962715,,0.006808602615367989,indel,vaf_bin+lc,NS_380X,strict,shared3,union_hc,<5%,True
,476,3,198,0.41596638655462187,0.37253312295138263,0.460745143172983,0.5252100840336135,0.6470588235294118,476,0.5840336134453782,0.47478991596638653,0.5604546353411338,0.1475468975468972,0.49369747899159666,,0.9159663865546218,,0.5315126050420168,indel,vaf_bin+lc,NS_380X,strict,shared3,union_hc,5-10%,False
,2211,3,22,0.009950248756218905,0.006580178419756537,0.015020220394417548,0.02532790592492085,0.3450927182270466,2211,0.9900497512437811,0.9746720940750792,0.03481574428857821,-0.4602262441800684,0.1420171867933062,,0.8710990502035278,,0.022161917684305744,indel,vaf_bin+lc,NS_380X,strict,shared3,union_hc,5-10%,True
,431,3,298,0.691415313225058,0.6462764509452813,0.7331721886749748,0.8422273781902552,0.8445475638051044,431,0.308584686774942,0.15777262180974477,0.782117650447959,0.21651358591657152,0.740139211136891,,0.8955916473317865,,0.8979118329466357,indel,vaf_bin+lc,NS_380X,strict,shared3,union_hc,10-20%,False
,979,3,54,0.05515832482124617,0.042519268254905596,0.07127472956331021,0.09397344228804903,0.38304392236976503,979,0.9448416751787538,0.906026557711951,0.11890413415837146,-0.3327078734363504,0.2512768130745659,,0.7895812053115424,,0.10827374872318693,indel,vaf_bin+lc,NS_380X,strict,shared3,union_hc,10-20%,True
,992,3,433,0.43649193548387094,0.4059330746326526,0.4675407611029945,0.5766129032258065,0.6710349462365591,992,0.563508064516129,0.42338709677419356,0.5833437772509047,0.14908931323440708,0.4586693548387097,,0.9546370967741935,,0.5997983870967742,indel,vaf_bin+lc,NS_380X,strict,shared3,union_hc,>=20%,False
,1392,3,145,0.10416666666666667,0.08919367696817847,0.12131838152086528,0.20330459770114942,0.43582375478927204,1392,0.8958333333333334,0.7966954022988506,0.21109686771350256,-0.21445176215974163,0.27298850574712646,,0.8362068965517241,,0.19827586206896552,indel,vaf_bin+lc,NS_380X,strict,shared3,union_hc,>=20%,True
all,39446,5,31484,0.7981544389798713,0.7941645395479512,0.8020862723736429,0.9500076053338742,0.9183694164173808,38170,0.17516374115797748,0.00831516503574507,0.9199511183476193,0.490928683389611,0.946306342848451,0.8243928408457132,0.9444557116057395,0.9441261471378594,0.9325660396491406,snv,all,IL_T_1,lenient,native,truth,,
,1292,5,10,0.007739938080495356,0.00420957178736186,0.014188866276497828,0.3955108359133127,0.33111455108359134,721,0.986130374479889,0.0804953560371517,0.3866694526029624,0.3852857074385515,0.5356037151702786,0.007739938080495356,0.2964396284829721,0.42569659442724456,0.39009287925696595,snv,vaf_bin,IL_T_1,lenient,native,truth,<5%,
,3853,5,345,0.08954061770049312,0.08092918035282888,0.09896969965787551,0.761484557487672,0.6209706722034778,3279,0.8947849954254345,0.04515961588372697,0.5493485813336338,0.2641687783658152,0.8193615364650921,0.09421230210225798,0.7347521411886841,0.7565533350635868,0.6999740461977679,snv,vaf_bin,IL_T_1,lenient,native,truth,5-10%,
,6271,5,4070,0.6490192951682348,0.6371186039796143,0.6607375270900723,0.9636421623345559,0.8969223409344602,6149,0.33810375670840787,0.005900175410620316,0.8502366641733854,0.22020882211029766,0.9561473449210652,0.6738957104130123,0.9692234093446022,0.955031095519056,0.9303141444745655,snv,vaf_bin,IL_T_1,lenient,native,truth,10-20%,
,28030,5,27059,0.9653585444166964,0.9631531597813896,0.9674363935026666,0.9984302533000357,0.9911166607206564,28021,0.0343313943114093,0.00046378879771673205,0.984985207836149,0.14866217687423106,0.9804851944345344,0.9960756332500892,0.9976097038886906,0.9913663931501963,0.9900463788797716,snv,vaf_bin,IL_T_1,lenient,native,truth,>=20%,
,37058,5,29728,0.8022019536942091,0.7981150744533371,0.8062261864871468,0.9503481029737169,0.9197042473959739,35860,0.1709983268265477,0.00828431107992876,0.9221008385349837,0.49705334769880977,0.9490528360947703,0.8237627502833397,0.9451670354579308,0.9455718063576016,0.934966808786227,snv,lc,IL_T_1,lenient,native,truth,,False
,2388,5,1756,0.7353433835845896,0.7172819317315334,0.7526488807204726,0.9447236180904522,0.8976549413735343,2310,0.23982683982683983,0.008793969849246231,0.8863663701443333,0.4119976215119409,0.9036850921273032,0.8341708542713567,0.9334170854271356,0.9216917922948074,0.8953098827470687,snv,lc,IL_T_1,lenient,native,truth,,True
,1242,5,10,0.008051529790660225,0.004379259727267288,0.014757572372751528,0.392109500805153,0.33027375201288245,694,0.9855907780979827,0.0821256038647343,0.3853380650251158,0.38410400148462365,0.535426731078905,0.008051529790660225,0.2946859903381642,0.4227053140096618,0.39049919484702095,snv,vaf_bin+lc,IL_T_1,lenient,native,truth,<5%,False
,50,5,0,0.0,6.938893903907228e-18,0.07134759913335872,0.48,0.352,27,1.0,0.04,0.419925925925926,0.41252805836139145,0.54,0.0,0.34,0.5,0.38,snv,vaf_bin+lc,IL_T_1,lenient,native,truth,<5%,True
,3638,5,331,0.09098405717427158,0.08206533760334533,0.10076564676254407,0.7641561297416163,0.6232545354590434,3100,0.8932258064516129,0.04480483782297966,0.5516177598682652,0.26413490750408836,0.8210555250137438,0.09565695437053326,0.7361187465640462,0.7583837273227048,0.7050577240241891,snv,vaf_bin+lc,IL_T_1,lenient,native,truth,5-10%,False
,215,5,14,0.06511627906976744,0.0391811593302014,0.10631896204663129,0.7162790697674418,0.5823255813953488,179,0.9217877094972067,0.05116279069767442,0.5093396961120102,0.25993688494844774,0.7906976744186046,0.06976744186046512,0.7116279069767442,0.7255813953488373,0.6139534883720931,snv,vaf_bin+lc,IL_T_1,lenient,native,truth,5-10%,True
,5910,5,3869,0.654653130287648,0.6424338179377767,0.6666715263175171,0.9656514382402708,0.8998307952622673,5803,0.33327589178011374,0.005752961082910322,0.8528287819898553,0.21250209639876724,0.9598984771573604,0.6751269035532995,0.9729272419627749,0.9565143824027073,0.9346869712351946,snv,vaf_bin+lc,IL_T_1,lenient,native,truth,10-20%,False
,361,5,201,0.556786703601108,0.5052115057795784,0.6071660736011409,0.9307479224376731,0.8493074792243768,346,0.4190751445086705,0.008310249307479225,0.8065028830543003,0.2944078316258003,0.8947368421052632,0.6537396121883656,0.9085872576177285,0.9307479224376731,0.8587257617728532,snv,vaf_bin+lc,IL_T_1,lenient,native,truth,10-20%,True
,26268,5,25518,0.9714481498401096,0.9693641730722052,0.9733942566641397,0.9990863407948835,0.9931018730013704,26263,0.02836690400944294,0.00030455306837216383,0.9878747370944667,0.11586580998514111,0.9838967565098219,0.9966118471143597,0.9986295111923252,0.9937566620983707,0.992614588091975,snv,vaf_bin+lc,IL_T_1,lenient,native,truth,>=20%,False
,1762,5,1541,0.8745743473325767,0.858290312823185,0.8892286637000831,0.9886492622020431,0.9615209988649263,1758,0.12343572241183162,0.0028376844494892167,0.9414971919032805,0.21768490727865822,0.9296254256526674,0.9880817253121453,0.9824063564131669,0.9557321225879682,0.9517593643586834,snv,vaf_bin+lc,IL_T_1,lenient,native,truth,>=20%,True
all,1625,3,1290,0.7938461538461539,0.7734949988876698,0.8128112955821643,0.9224615384615384,0.8925128205128204,1562,0.17413572343149808,0.03876923076923077,0.8822016392793134,0.41840166602044543,0.916923076923077,,0.924923076923077,,0.8356923076923077,indel,all,IL_T_1,lenient,native,truth,,
,102,3,25,0.24509803921568626,0.17188155492783067,0.3368175826370329,0.5392156862745098,0.5032679738562091,74,0.6621621621621622,0.18627450980392157,0.5065344593510216,0.3594497607655499,0.6568627450980392,,0.6078431372549019,,0.24509803921568626,indel,vaf_bin,IL_T_1,lenient,native,truth,<5%,
,287,3,181,0.6306620209059234,0.5734429483905239,0.684429503164734,0.8571428571428571,0.8013937282229965,263,0.311787072243346,0.059233449477351915,0.7862759864345881,0.40162725654716525,0.8850174216027874,,0.8710801393728222,,0.6480836236933798,indel,vaf_bin,IL_T_1,lenient,native,truth,5-10%,
,422,3,349,0.8270142180094787,0.7880192574417748,0.860109275567533,0.9383886255924171,0.9170616113744076,416,0.16105769230769232,0.04739336492890995,0.8907667413492657,0.3041958902424031,0.9597156398104265,,0.9360189573459715,,0.8554502369668247,indel,vaf_bin,IL_T_1,lenient,native,truth,10-20%,
,814,3,735,0.902948402948403,0.8806793024476772,0.9214321495028447,0.9852579852579852,0.9606879606879607,809,0.09147095179233622,0.0085995085995086,0.9388669552263899,0.19762361466325612,0.9385749385749386,,0.9778869778869779,,0.9656019656019657,indel,vaf_bin,IL_T_1,lenient,native,truth,>=20%,
,1242,3,1012,0.8148148148148148,0.7922523186606507,0.8354358951673242,0.9339774557165862,0.9023081052066559,1190,0.1495798319327731,0.024154589371980676,0.8992899824768396,0.45804433520078913,0.9235104669887279,,0.9355877616747182,,0.8478260869565217,indel,lc,IL_T_1,lenient,native,truth,,False
,383,3,278,0.7258485639686684,0.679096400524042,0.7681152311542153,0.8851174934725848,0.8607484769364665,372,0.25268817204301075,0.08616187989556136,0.8268669757932564,0.31745449949443966,0.8955613577023499,,0.8903394255874674,,0.7963446475195822,indel,lc,IL_T_1,lenient,native,truth,,True
,89,3,20,0.2247191011235955,0.15044495557388762,0.32177359180337495,0.5168539325842697,0.4794007490636704,62,0.6774193548387096,0.1797752808988764,0.4949898465328406,0.3697167266187049,0.6404494382022472,,0.5730337078651685,,0.2247191011235955,indel,vaf_bin+lc,IL_T_1,lenient,native,truth,<5%,False
,13,3,5,0.38461538461538464,0.17709707797762575,0.6447710848733431,0.6923076923076923,0.6666666666666666,12,0.5833333333333334,0.23076923076923078,0.5681818181818182,0.19230769230769212,0.7692307692307693,,0.8461538461538461,,0.38461538461538464,indel,vaf_bin+lc,IL_T_1,lenient,native,truth,<5%,True
,255,3,164,0.6431372549019608,0.5826118483427289,0.6994140695013245,0.8784313725490196,0.815686274509804,236,0.3050847457627119,0.047058823529411764,0.7919806822726013,0.3739770867430444,0.8941176470588236,,0.8941176470588236,,0.6588235294117647,indel,vaf_bin+lc,IL_T_1,lenient,native,truth,5-10%,False
,32,3,17,0.53125,0.3644951711897464,0.6913061289193116,0.6875,0.6875,27,0.37037037037037035,0.15625,0.7364053016226929,0.515151515151515,0.8125,,0.6875,,0.5625,indel,vaf_bin+lc,IL_T_1,lenient,native,truth,5-10%,True
,342,3,304,0.8888888888888888,0.8511671345225094,0.9179714207769321,0.9824561403508771,0.9532163742690059,338,0.10059171597633136,0.005847953216374269,0.9327568798722644,0.2569018404907956,0.9649122807017544,,0.9853801169590644,,0.9093567251461988,indel,vaf_bin+lc,IL_T_1,lenient,native,truth,10-20%,False
,80,3,45,0.5625,0.4534113429694972,0.6658613908385618,0.75,0.7625000000000001,78,0.4230769230769231,0.225,0.6972668437014787,0.24072476272648852,0.9375,,0.725,,0.625,indel,vaf_bin+lc,IL_T_1,lenient,native,truth,10-20%,True
,556,3,524,0.9424460431654677,0.9198805163964903,0.9589397143102494,0.9964028776978417,0.9784172661870504,554,0.05415162454873646,0.0,0.9638989169675091,0.14828431372548945,0.9568345323741008,,0.9820143884892086,,0.9964028776978417,indel,vaf_bin+lc,IL_T_1,lenient,native,truth,>=20%,False
,258,3,211,0.8178294573643411,0.7661827425232356,0.8601504620756023,0.9612403100775194,0.9224806201550387,255,0.17254901960784313,0.027131782945736434,0.8839282149336052,0.2050420168067233,0.8992248062015504,,0.9689922480620154,,0.8992248062015504,indel,vaf_bin+lc,IL_T_1,lenient,native,truth,>=20%,True
all,39446,5,31337,0.7944278253815342,0.7904112385993004,0.7983870718893818,0.9670182020990722,0.9310297622065609,38767,0.19165785332886218,0.006692693809258227,0.9137978866107597,0.3490618567944436,0.9605790194189525,0.8223647518126046,0.9541144856259189,0.9611620950159712,0.9569284591593571,snv,all,NV_T_1,lenient,native,truth,,
,1292,5,8,0.006191950464396285,0.0031408460999062474,0.012170794599374382,0.5208978328173375,0.43034055727554177,919,0.9912948857453754,0.08359133126934984,0.39016264118575333,0.2851970597435095,0.6958204334365325,0.006191950464396285,0.3506191950464396,0.5503095975232198,0.5487616099071208,snv,vaf_bin,NV_T_1,lenient,native,truth,<5%,
,3853,5,250,0.06488450558006748,0.05753197977527287,0.07310379154179693,0.8476511808980015,0.6822216454710615,3573,0.9300307864539603,0.03296132883467428,0.5426158177893137,0.10404754595138659,0.9018946275629379,0.06696080975862964,0.7825071372956138,0.8528419413444069,0.8069037113937192,snv,vaf_bin,NV_T_1,lenient,native,truth,5-10%,
,6271,5,4000,0.6378568011481422,0.6258802816836435,0.6496645287066658,0.9877212565778982,0.9136979748046563,6247,0.3596926524731871,0.00430553340774996,0.8469370340725074,0.04427429455119656,0.968745016743741,0.6664008929995217,0.9869239355764631,0.9791101897623984,0.9673098389411577,snv,vaf_bin,NV_T_1,lenient,native,truth,10-20%,
,28030,5,27079,0.9660720656439529,0.9638879486552222,0.9681284515366598,0.9993578308954691,0.9921869425615413,28028,0.03385899814471243,7.135212272565108e-05,0.9856180915685673,0.07312355792335523,0.9790224759186585,0.9987156617909383,0.9981805208704959,0.9909739564752051,0.9940420977524081,snv,vaf_bin,NV_T_1,lenient,native,truth,>=20%,
,37058,5,29615,0.7991526795833558,0.7950427537665852,0.8032005910665432,0.967240541853311,0.9323330994657024,36415,0.1867362350679665,0.006584273301311457,0.9161624917698612,0.35566615656414,0.962922985590156,0.8218198499649199,0.9544767661503589,0.9632737870365373,0.95917210858654,snv,lc,NV_T_1,lenient,native,truth,,False
,2388,5,1722,0.7211055276381909,0.7027747084994428,0.7387261259750396,0.9635678391959799,0.9108040201005025,2352,0.26785714285714285,0.008375209380234505,0.876979598647638,0.2659841346932158,0.9242043551088778,0.830820770519263,0.9484924623115578,0.928391959798995,0.9221105527638191,snv,lc,NV_T_1,lenient,native,truth,,True
,1242,5,8,0.00644122383252818,0.00326742481843385,0.012658725880930359,0.5209339774557166,0.43075684380032203,884,0.9909502262443439,0.08454106280193237,0.3911023395565105,0.2861483958809769,0.6972624798711755,0.00644122383252818,0.3502415458937198,0.5483091787439613,0.5515297906602254,snv,vaf_bin+lc,NV_T_1,lenient,native,truth,<5%,False
,50,5,0,0.0,6.938893903907228e-18,0.07134759913335872,0.52,0.42000000000000004,35,1.0,0.06,0.3667169871285555,0.26108374384236444,0.66,0.0,0.36,0.6,0.48,snv,vaf_bin+lc,NV_T_1,lenient,native,truth,<5%,True
,3638,5,241,0.06624518966465091,0.05861219397689517,0.074793245088544,0.8496426608026388,0.6844969763606377,3377,0.9286348830322771,0.03188565145684442,0.5446820628134409,0.10241714343715759,0.9046179219351292,0.06789444749862562,0.7825728422210005,0.8554150632215503,0.8119846069268829,snv,vaf_bin+lc,NV_T_1,lenient,native,truth,5-10%,False
,215,5,9,0.04186046511627907,0.02217672090826227,0.07762821979353471,0.813953488372093,0.6437209302325582,196,0.9540816326530612,0.05116279069767442,0.5063727302170653,0.12389260326898996,0.8558139534883721,0.05116279069767442,0.7813953488372093,0.8093023255813954,0.7209302325581395,snv,vaf_bin+lc,NV_T_1,lenient,native,truth,5-10%,True
,5910,5,3826,0.6473773265651438,0.6351040274406472,0.659459161669157,0.9891708967851099,0.9168527918781726,5887,0.3500934261933073,0.003722504230118443,0.8517661733888534,0.04159764086682429,0.9717428087986464,0.6703891708967851,0.9895093062605753,0.9810490693739424,0.9715736040609138,snv,vaf_bin+lc,NV_T_1,lenient,native,truth,10-20%,False
,361,5,174,0.481994459833795,0.43091122356033157,0.5334568610262695,0.96398891966759,0.8620498614958448,360,0.5166666666666667,0.013850415512465374,0.7667465319931541,0.04961749310868118,0.9196675900277008,0.6011080332409973,0.9445983379501385,0.9473684210526315,0.8975069252077562,snv,vaf_bin+lc,NV_T_1,lenient,native,truth,10-20%,True
,26268,5,25540,0.9722856707781331,0.9702304515156668,0.9742027751727291,0.9996954469316278,0.9938556418455915,26267,0.027677313739673356,3.806913354652048e-05,0.9884215145261255,0.05241811404240672,0.981574539363484,0.9988579259936043,0.998972133394244,0.9938328003654637,0.9960408101111619,snv,vaf_bin+lc,NV_T_1,lenient,native,truth,>=20%,False
,1762,5,1539,0.873439273552781,0.8570982515468002,0.8881555159567005,0.9943246311010215,0.9673098751418842,1761,0.1260647359454855,0.0005675368898978433,0.943605707309316,0.113377304492947,0.9409761634506243,0.996594778660613,0.9863791146424518,0.9483541430192962,0.9642451759364359,snv,vaf_bin+lc,NV_T_1,lenient,native,truth,>=20%,True
all,1625,3,1336,0.8221538461538461,0.8028087322228791,0.8399794251697034,0.9236923076923077,0.9048205128205128,1574,0.15120711562897077,0.04492307692307692,0.8979524774602119,0.43311294647394016,0.9156923076923077,,0.9193846153846154,,0.8793846153846154,indel,all,NV_T_1,lenient,native,truth,,
,102,3,38,0.37254901960784315,0.2849497607818803,0.4693998080005515,0.5392156862745098,0.5686274509803921,81,0.5308641975308642,0.2549019607843137,0.6126984126984126,0.42711598746081464,0.7745098039215687,,0.5490196078431373,,0.38235294117647056,indel,vaf_bin,NV_T_1,lenient,native,truth,<5%,
,287,3,227,0.7909407665505227,0.7402069559857811,0.8339890361439266,0.9233449477351916,0.8908246225319396,275,0.17454545454545456,0.03484320557491289,0.8819801394099023,0.42678021581735937,0.926829268292683,,0.9198606271777003,,0.8257839721254355,indel,vaf_bin,NV_T_1,lenient,native,truth,5-10%,
,422,3,361,0.8554502369668247,0.8186914533083387,0.8857960825713436,0.9360189573459715,0.9233807266982622,413,0.12590799031476999,0.04265402843601896,0.9150900568710995,0.41943506212905585,0.9383886255924171,,0.9360189573459715,,0.8957345971563981,indel,vaf_bin,NV_T_1,lenient,native,truth,10-20%,
,814,3,710,0.8722358722358723,0.8475418528937922,0.89343305546294,0.9656019656019657,0.9422604422604423,805,0.11801242236024845,0.02334152334152334,0.9208848291369923,0.2849547375331725,0.9176904176904177,,0.957002457002457,,0.952088452088452,indel,vaf_bin,NV_T_1,lenient,native,truth,>=20%,
,1242,3,1087,0.8752012882447665,0.8556562774705637,0.8924324888819589,0.9508856682769726,0.9337090713902308,1211,0.10239471511147812,0.024154589371980676,0.9312996521849831,0.4623332825175453,0.9412238325281803,,0.9420289855072463,,0.9178743961352657,indel,lc,NV_T_1,lenient,native,truth,,False
,383,3,249,0.6501305483028721,0.6010899308154233,0.6961894775256149,0.835509138381201,0.8111401218450828,363,0.3140495867768595,0.1122715404699739,0.7837684077447147,0.35233678131366075,0.8328981723237598,,0.8459530026109661,,0.7545691906005222,indel,lc,NV_T_1,lenient,native,truth,,True
,89,3,34,0.38202247191011235,0.2879491474996802,0.4858588013762895,0.550561797752809,0.5805243445692884,72,0.5277777777777778,0.25842696629213485,0.6151799687010954,0.41555299539170504,0.7865168539325843,,0.5617977528089888,,0.39325842696629215,indel,vaf_bin+lc,NV_T_1,lenient,native,truth,<5%,False
,13,3,4,0.3076923076923077,0.12680703655710515,0.5763065681945096,0.46153846153846156,0.48717948717948717,9,0.5555555555555556,0.23076923076923078,0.5925925925925926,0.4868421052631582,0.6923076923076923,,0.46153846153846156,,0.3076923076923077,indel,vaf_bin+lc,NV_T_1,lenient,native,truth,<5%,True
,255,3,214,0.8392156862745098,0.7891494431288135,0.8792133484742171,0.9450980392156862,0.9163398692810457,246,0.13008130081300814,0.0196078431372549,0.9125388253477759,0.4543509272467907,0.9411764705882353,,0.9490196078431372,,0.8588235294117647,indel,vaf_bin+lc,NV_T_1,lenient,native,truth,5-10%,False
,32,3,13,0.40625,0.2551963484266544,0.5773997512461713,0.75,0.6875,29,0.5517241379310345,0.15625,0.6088669950738916,0.2242424242424244,0.8125,,0.6875,,0.5625,indel,vaf_bin+lc,NV_T_1,lenient,native,truth,5-10%,True
,342,3,319,0.9327485380116959,0.9011113825709387,0.9547721225743044,0.9853801169590644,0.969785575048733,339,0.058997050147492625,0.005847953216374269,0.960633620148864,0.33473820716485647,0.956140350877193,,0.9824561403508771,,0.9707602339181286,indel,vaf_bin+lc,NV_T_1,lenient,native,truth,10-20%,False
,80,3,42,0.525,0.41695642649729936,0.6307526670259243,0.725,0.725,74,0.43243243243243246,0.2,0.6902531716662402,0.3312434691745034,0.8625,,0.7375,,0.575,indel,vaf_bin+lc,NV_T_1,lenient,native,truth,10-20%,True
,556,3,520,0.935251798561151,0.9116634100229126,0.9528670608349368,0.9964028776978417,0.9760191846522782,554,0.061371841155234655,0.0,0.9590854392298436,0.12911547911547253,0.9568345323741008,,0.9748201438848921,,0.9964028776978417,indel,vaf_bin+lc,NV_T_1,lenient,native,truth,>=20%,False
,258,3,190,0.7364341085271318,0.6794897569614567,0.7864410415815811,0.8992248062015504,0.8695090439276486,251,0.24302788844621515,0.07364341085271318,0.8349194657942859,0.3054006737969486,0.8333333333333334,,0.9186046511627907,,0.8565891472868217,indel,vaf_bin+lc,NV_T_1,lenient,native,truth,>=20%,True
all,39446,5,31003,0.7859605536683061,0.7818852437792831,0.7899801722972055,0.911042944785276,0.8878111849110176,36940,0.16072008662696263,0.015438827764538863,0.9265571100835981,0.6611536683009109,0.910003549155808,0.8061907417735639,0.9135780560766618,0.914237185012422,0.8950463925366323,snv,all,FD_T_1,lenient,native,truth,,
,1292,5,5,0.003869969040247678,0.0016541179030834905,0.009027326749328555,0.24303405572755418,0.21563467492260063,493,0.9898580121703854,0.09829721362229102,0.396560892528676,0.4842675981049906,0.31346749226006193,0.005417956656346749,0.23606811145510836,0.3065015479876161,0.21671826625386997,snv,vaf_bin,FD_T_1,lenient,native,truth,<5%,
,3853,5,366,0.09499091616921879,0.08613215601051173,0.1046564638166803,0.5611212042564235,0.47765377627822475,2575,0.8578640776699029,0.06436542953542694,0.5607427606888794,0.48269369069191387,0.6005709836491046,0.09628860628082014,0.5777316376849209,0.6070594342071114,0.5066182195691669,snv,vaf_bin,FD_T_1,lenient,native,truth,5-10%,
,6271,5,3637,0.5799712964439483,0.5677101653014186,0.5921345107086914,0.8843884547918992,0.8263434858874182,5870,0.38040885860306645,0.03237123265826822,0.8242478555936559,0.45070945587945,0.8920427364056769,0.5968745016743741,0.8928400574071121,0.9055971934300749,0.8443629405198533,snv,vaf_bin,FD_T_1,lenient,native,truth,10-20%,
,28030,5,26995,0.9630752764894756,0.9608034361101054,0.9652202070689078,0.995897252943275,0.9889261505529789,28002,0.03596171702021284,0.0011059579022475918,0.9837552402614967,0.2604964156517002,0.984052800570817,0.987513378523011,0.9956118444523725,0.9864074206207635,0.9910453085979308,snv,vaf_bin,FD_T_1,lenient,native,truth,>=20%,
,37058,5,29241,0.7890603918182308,0.784876778963927,0.7931840824696352,0.91113929515894,0.888477521722705,34681,0.15685822208125486,0.015219385827621567,0.928477892057219,0.6684277805581623,0.9117869285984133,0.8056559987047331,0.9136758594635437,0.915079065249069,0.8961897565977657,snv,lc,FD_T_1,lenient,native,truth,,False
,2388,5,1762,0.7378559463986599,0.7198444466275218,0.7551034207616942,0.9095477386934674,0.8774706867671691,2259,0.22000885347498894,0.018844221105527637,0.8968863204041508,0.5567636976638147,0.8823283082077052,0.8144891122278057,0.9120603015075377,0.9011725293132329,0.8773031825795645,snv,lc,FD_T_1,lenient,native,truth,,True
,1242,5,5,0.004025764895330112,0.0017207548728286532,0.009389373725553653,0.2431561996779388,0.2154589371980676,474,0.989451476793249,0.09822866344605476,0.3955933700674653,0.48319352095252815,0.3148148148148148,0.005636070853462158,0.2359098228663446,0.3059581320450886,0.21497584541062803,snv,vaf_bin+lc,FD_T_1,lenient,native,truth,<5%,False
,50,5,0,0.0,6.938893903907228e-18,0.07134759913335872,0.24,0.22000000000000003,19,1.0,0.1,0.42398459383753495,0.51048951048951,0.28,0.0,0.24,0.32,0.26,snv,vaf_bin+lc,FD_T_1,lenient,native,truth,<5%,True
,3638,5,347,0.09538207806487081,0.08625921813919457,0.10535852983566377,0.5634964266080263,0.4793293018141836,2435,0.8574948665297741,0.06377130291368883,0.5620051213980415,0.4828985141003472,0.6025288620120945,0.0959318306761957,0.5791643760307862,0.6088510170423309,0.5101704233095107,snv,vaf_bin+lc,FD_T_1,lenient,native,truth,5-10%,False
,215,5,19,0.08837209302325581,0.05730442391262211,0.13389087813924624,0.5209302325581395,0.4493023255813953,140,0.8642857142857143,0.07441860465116279,0.5387374785335259,0.47741802361367547,0.5674418604651162,0.10232558139534884,0.5534883720930233,0.5767441860465117,0.44651162790697674,snv,vaf_bin+lc,FD_T_1,lenient,native,truth,5-10%,True
,5910,5,3456,0.584771573604061,0.5721575364707573,0.5972754804569257,0.8852791878172589,0.8278849407783418,5527,0.37470598878234124,0.031302876480541454,0.8273714792825533,0.4564937055824894,0.8937394247038917,0.5991539763113367,0.894077834179357,0.9055837563451776,0.8468697123519459,snv,vaf_bin+lc,FD_T_1,lenient,native,truth,10-20%,False
,361,5,181,0.5013850415512465,0.4500649074339167,0.5526760091363447,0.8698060941828255,0.8011080332409973,343,0.47230320699708456,0.04986149584487535,0.7732394785492868,0.3636946797813199,0.8642659279778393,0.5595567867036011,0.8725761772853186,0.9058171745152355,0.8033240997229917,snv,vaf_bin+lc,FD_T_1,lenient,native,truth,10-20%,True
,26268,5,25433,0.9682122734886554,0.9660213302235214,0.9702662931071717,0.9966879853814528,0.9905969240140096,26245,0.030939226519337018,0.000951728338663012,0.9861245781284275,0.2569809467189966,0.986904218059997,0.9882366377341252,0.9964595705801736,0.9884269834018578,0.9929572102938937,snv,vaf_bin+lc,FD_T_1,lenient,native,truth,>=20%,False
,1762,5,1562,0.8864926220204313,0.8708327304585329,0.9004709407722938,0.9841089670828603,0.9640181611804767,1757,0.1109846328969835,0.00340522133938706,0.9481444795678623,0.2604560965218681,0.9415437003405221,0.9767309875141884,0.9829738933030647,0.9562996594778661,0.9625425652667423,snv,vaf_bin+lc,FD_T_1,lenient,native,truth,>=20%,True
all,1625,3,1281,0.7883076923076923,0.7677775863637724,0.8074779088385675,0.9058461538461539,0.8746666666666667,1511,0.15221707478491064,0.024,0.8974876018668275,0.5696279589637137,0.8953846153846153,,0.9027692307692308,,0.8258461538461539,indel,all,FD_T_1,lenient,native,truth,,
,102,3,19,0.18627450980392157,0.12262079699482112,0.27270121846962636,0.4803921568627451,0.40196078431372545,55,0.6545454545454545,0.058823529411764705,0.5406495588515566,0.5105957616953215,0.5196078431372549,,0.5,,0.18627450980392157,indel,vaf_bin,FD_T_1,lenient,native,truth,<5%,
,287,3,170,0.5923344947735192,0.5346268717933162,0.6476029939723993,0.818815331010453,0.7549361207897793,245,0.30612244897959184,0.03484320557491289,0.7920735236243258,0.5291651476485599,0.818815331010453,,0.8397212543554007,,0.6062717770034843,indel,vaf_bin,FD_T_1,lenient,native,truth,5-10%,
,422,3,346,0.8199052132701422,0.780408532426315,0.8536302498653991,0.9123222748815166,0.89652448657188,404,0.14356435643564355,0.045023696682464455,0.9026037463797271,0.5061505868110445,0.9265402843601895,,0.9146919431279621,,0.8483412322274881,indel,vaf_bin,FD_T_1,lenient,native,truth,10-20%,
,814,3,746,0.9164619164619164,0.8954418795885374,0.933569651543252,0.9864864864864865,0.9647829647829648,807,0.07558859975216853,0.004914004914004914,0.9495413841894056,0.26480633316223856,0.9533169533169533,,0.9692874692874693,,0.9717444717444718,indel,vaf_bin,FD_T_1,lenient,native,truth,>=20%,
,1242,3,982,0.7906602254428341,0.7671551183372364,0.8123728744809194,0.9106280193236715,0.8749329039184112,1147,0.14385353095030515,0.01288244766505636,0.90353880917665,0.595309249848601,0.893719806763285,,0.9066022544283414,,0.8244766505636071,indel,lc,FD_T_1,lenient,native,truth,,False
,383,3,299,0.7806788511749347,0.7365632816332047,0.8192199600478666,0.8903394255874674,0.8738033072236728,364,0.17857142857142858,0.06005221932114883,0.878478800892594,0.4869831020744606,0.9007832898172323,,0.8903394255874674,,0.8302872062663186,indel,lc,FD_T_1,lenient,native,truth,,True
,89,3,17,0.19101123595505617,0.1228195648849351,0.28477268217117596,0.4943820224719101,0.4119850187265917,49,0.6530612244897959,0.056179775280898875,0.5433012093726379,0.5052692530399533,0.5393258426966292,,0.5056179775280899,,0.19101123595505617,indel,vaf_bin+lc,FD_T_1,lenient,native,truth,<5%,False
,13,3,2,0.15384615384615385,0.043258178358081184,0.4223463101948254,0.38461538461538464,0.3333333333333333,6,0.6666666666666666,0.07692307692307693,0.5222222222222223,0.5384615384615385,0.38461538461538464,,0.46153846153846156,,0.15384615384615385,indel,vaf_bin+lc,FD_T_1,lenient,native,truth,<5%,True
,255,3,152,0.596078431372549,0.5348589040947496,0.6544461640471493,0.8313725490196079,0.7620915032679738,219,0.3059360730593607,0.027450980392156862,0.7930774532609632,0.5169453188321115,0.8196078431372549,,0.8549019607843137,,0.611764705882353,indel,vaf_bin+lc,FD_T_1,lenient,native,truth,5-10%,False
,32,3,18,0.5625,0.3932559113685198,0.7183466888495963,0.71875,0.6979166666666666,26,0.3076923076923077,0.09375,0.786510590858417,0.604734945959856,0.8125,,0.71875,,0.5625,indel,vaf_bin+lc,FD_T_1,lenient,native,truth,5-10%,True
,342,3,299,0.8742690058479532,0.8349229116313586,0.9053006603861491,0.9473684210526315,0.9269005847953217,328,0.08841463414634146,0.011695906432748537,0.9407478010912783,0.5828391167192418,0.9385964912280702,,0.9532163742690059,,0.8888888888888888,indel,vaf_bin+lc,FD_T_1,lenient,native,truth,10-20%,False
,80,3,47,0.5875,0.47804040345890164,0.6889414238723812,0.7625,0.7666666666666666,76,0.3815789473684211,0.1875,0.7280926387672126,0.3245341614906831,0.875,,0.75,,0.675,indel,vaf_bin+lc,FD_T_1,lenient,native,truth,10-20%,True
,556,3,514,0.9244604316546763,0.8994649463270119,0.9436308847575026,0.9910071942446043,0.9688249400479617,551,0.06715063520871144,0.0,0.9552329098608591,0.2655654988575791,0.9568345323741008,,0.9658273381294964,,0.9838129496402878,indel,vaf_bin+lc,FD_T_1,lenient,native,truth,>=20%,False
,258,3,232,0.8992248062015504,0.8564384406229574,0.9302971700316806,0.9767441860465116,0.9560723514211887,256,0.09375,0.015503875968992248,0.9372332661654911,0.26168521462639155,0.9457364341085271,,0.9767441860465116,,0.9457364341085271,indel,vaf_bin+lc,FD_T_1,lenient,native,truth,>=20%,True
all,39446,5,28359,0.7189322111240684,0.7144750104274112,0.7233467744339855,0.9321857729554327,0.886847842620291,37624,0.24625239209015523,0.010977031891700045,0.8878886496248144,0.4757167739386951,0.8718754753333672,0.7982811945444405,0.9354053642954926,0.9118034781726918,0.9168737007554632,snv,all,NS_T_1,lenient,native,truth,,
,1292,5,3,0.0023219814241486067,0.0007899905644007492,0.006804656723432237,0.32430340557275544,0.2674922600619195,580,0.9948275862068966,0.07662538699690402,0.39681357773848164,0.4509285675151059,0.42569659442724456,0.0023219814241486067,0.2917956656346749,0.34520123839009287,0.2724458204334365,snv,vaf_bin,NS_T_1,lenient,native,truth,<5%,
,3853,5,185,0.048014534129249935,0.04170235808327632,0.055227075706569824,0.6732416298987802,0.5489748248118349,2992,0.9381684491978609,0.056060212821178304,0.5206726351684796,0.33323441775810253,0.7386452115234882,0.049312224240851285,0.690371139371918,0.6805086945237477,0.5860368543991695,snv,vaf_bin,NS_T_1,lenient,native,truth,5-10%,
,6271,5,3319,0.529261680752671,0.5168936184869872,0.5415939150082374,0.9312709296762877,0.8472651889650773,6043,0.45076948535495615,0.01578695582841652,0.7964371578343954,0.26408847712078065,0.9108595120395471,0.5625896986126615,0.9484930633072876,0.9100621910381119,0.9043214798277787,snv,vaf_bin,NS_T_1,lenient,native,truth,10-20%,
,28030,5,24852,0.8866214769889404,0.8828566901317169,0.8902803068737505,0.9960042811273635,0.9706956831965752,28009,0.11271377057374415,0.0006778451658936853,0.9495464230720853,0.11830672509281624,0.9020335354976811,0.9906528719229397,0.9958259008205494,0.9701034605779522,0.9948626471637532,snv,vaf_bin,NS_T_1,lenient,native,truth,>=20%,
,37058,5,26722,0.7210858654001835,0.7164971295302309,0.7256287701827242,0.9320254735819526,0.8871336823357978,35317,0.24336721692102953,0.011117707377624264,0.889527411821558,0.48252610501354726,0.8730368611365967,0.7975875654379622,0.9353985644125425,0.9126234551243996,0.9170219655674888,snv,lc,NS_T_1,lenient,native,truth,,False
,2388,5,1637,0.6855108877721943,0.6666028944664045,0.703822995064269,0.9346733668341709,0.8824120603015075,2307,0.2904204594711747,0.008793969849246231,0.8626882452852641,0.37364120735419115,0.8538525963149078,0.8090452261306532,0.9355108877721943,0.8990787269681743,0.914572864321608,snv,lc,NS_T_1,lenient,native,truth,,True
,1242,5,3,0.0024154589371980675,0.0008218066091337951,0.007077640588593908,0.31561996779388085,0.2613526570048309,546,0.9945054945054945,0.07729468599033816,0.3974335189588596,0.4561339669652282,0.41626409017713367,0.0024154589371980675,0.2834138486312399,0.33735909822866345,0.2673107890499195,snv,vaf_bin+lc,NS_T_1,lenient,native,truth,<5%,False
,50,5,0,0.0,6.938893903907228e-18,0.07134759913335872,0.54,0.42000000000000004,34,1.0,0.06,0.3884074204057192,0.29392446633825936,0.66,0.0,0.5,0.54,0.4,snv,vaf_bin+lc,NS_T_1,lenient,native,truth,<5%,True
,3638,5,178,0.04892798240791644,0.042381595960303976,0.05642596139482,0.6734469488730072,0.5489279824079165,2821,0.9369018078695498,0.056074766355140186,0.5220977990543716,0.33569482804340584,0.7374931280923585,0.050302363936228695,0.6896646509070918,0.6814183617372183,0.585761407366685,snv,vaf_bin+lc,NS_T_1,lenient,native,truth,5-10%,False
,215,5,7,0.03255813953488372,0.01585896632094069,0.06566790211084202,0.6697674418604651,0.5497674418604651,171,0.9590643274853801,0.05581395348837209,0.49697648573978465,0.29158625945658684,0.7581395348837209,0.03255813953488372,0.7023255813953488,0.6651162790697674,0.5906976744186047,snv,vaf_bin+lc,NS_T_1,lenient,native,truth,5-10%,True
,5910,5,3147,0.5324873096446701,0.5197497774710984,0.5451826362017862,0.9328257191201353,0.8490355329949238,5697,0.4476040021063718,0.016074450084602367,0.7986925375914854,0.26443166965816906,0.9125211505922166,0.5642978003384095,0.9512690355329949,0.9106598984771573,0.9064297800338409,snv,vaf_bin+lc,NS_T_1,lenient,native,truth,10-20%,False
,361,5,172,0.47645429362880887,0.42545278330351405,0.5279516350020415,0.9058171745152355,0.8182825484764542,346,0.5028901734104047,0.0110803324099723,0.7590621409547234,0.25483428835642447,0.8836565096952909,0.5346260387811634,0.9030470914127424,0.9002770083102493,0.8698060941828255,snv,vaf_bin+lc,NS_T_1,lenient,native,truth,10-20%,True
,26268,5,23394,0.8905893101873001,0.8867571618450374,0.8943072348842018,0.9968021927820923,0.972133394243947,26253,0.10890183978973832,0.0006471752702908481,0.9514677073825141,0.108911559123219,0.9045226130653267,0.9911679610172073,0.9966879853814528,0.9722856707781331,0.9960027409776153,snv,vaf_bin+lc,NS_T_1,lenient,native,truth,>=20%,False
,1762,5,1458,0.8274687854710556,0.8091189255083931,0.8443938766945246,0.9841089670828603,0.9492622020431328,1756,0.16970387243735763,0.0011350737797956867,0.9206539540337457,0.18811313602768573,0.8649262202043133,0.9829738933030647,0.9829738933030647,0.9375709421112373,0.9778660612939841,snv,vaf_bin+lc,NS_T_1,lenient,native,truth,>=20%,True
all,1625,3,1245,0.7661538461538462,0.7449608901299711,0.7860914080023917,0.9212307692307692,0.8789743589743589,1543,0.1931302657161374,0.028307692307692308,0.8698791835012276,0.4253703300832627,0.8726153846153846,,0.9218461538461539,,0.8424615384615385,indel,all,NS_T_1,lenient,native,truth,,
,102,3,25,0.24509803921568626,0.17188155492783067,0.3368175826370329,0.5294117647058824,0.4705882352941177,65,0.6153846153846154,0.10784313725490197,0.558168456755229,0.47530864197530825,0.5882352941176471,,0.5588235294117647,,0.2647058823529412,indel,vaf_bin,NS_T_1,lenient,native,truth,<5%,
,287,3,165,0.5749128919860628,0.5171002245927863,0.6307466476322283,0.8501742160278746,0.7770034843205575,260,0.36538461538461536,0.05574912891986063,0.7499337775085807,0.3632053437967117,0.8222996515679443,,0.8745644599303136,,0.6341463414634146,indel,vaf_bin,NS_T_1,lenient,native,truth,5-10%,
,422,3,343,0.8127962085308057,0.7728185780780475,0.847130453496073,0.9360189573459715,0.9067930489731437,410,0.16341463414634147,0.035545023696682464,0.8897998430334315,0.3738410204925293,0.9123222748815166,,0.9360189573459715,,0.8720379146919431,indel,vaf_bin,NS_T_1,lenient,native,truth,10-20%,
,814,3,712,0.8746928746928747,0.8501750377917986,0.8956907940524369,0.9877149877149877,0.9516789516789518,808,0.1188118811881188,0.004914004914004914,0.9206537456257805,0.14513258846524135,0.9054054054054054,,0.9766584766584766,,0.972972972972973,indel,vaf_bin,NS_T_1,lenient,native,truth,>=20%,
,1242,3,956,0.7697262479871175,0.745501793698748,0.7922873409108979,0.926731078904992,0.8808373590982287,1175,0.18638297872340426,0.01932367149758454,0.8747844731993716,0.44002915163792694,0.8679549114331723,,0.926731078904992,,0.8478260869565217,indel,lc,NS_T_1,lenient,native,truth,,False
,383,3,289,0.7545691906005222,0.7090827557974378,0.7949997192156267,0.9033942558746736,0.8729329852045257,368,0.21467391304347827,0.057441253263707574,0.8540697700536469,0.38014040071566163,0.8877284595300261,,0.9060052219321149,,0.825065274151436,indel,lc,NS_T_1,lenient,native,truth,,True
,89,3,21,0.23595505617977527,0.1598243870081069,0.3339362604762063,0.550561797752809,0.4794007490636704,58,0.6379310344827587,0.10112359550561797,0.54447391688771,0.44475044964028765,0.6067415730337079,,0.5730337078651685,,0.25842696629213485,indel,vaf_bin+lc,NS_T_1,lenient,native,truth,<5%,False
,13,3,4,0.3076923076923077,0.12680703655710515,0.5763065681945096,0.38461538461538464,0.4102564102564103,7,0.42857142857142855,0.15384615384615385,0.6825396825396824,0.6820652173913043,0.46153846153846156,,0.46153846153846156,,0.3076923076923077,indel,vaf_bin+lc,NS_T_1,lenient,native,truth,<5%,True
,255,3,151,0.592156862745098,0.530905353896447,0.6506729767702724,0.8549019607843137,0.7803921568627451,228,0.33771929824561403,0.0392156862745098,0.7704695121413389,0.41268844221105533,0.8156862745098039,,0.8784313725490196,,0.6470588235294118,indel,vaf_bin+lc,NS_T_1,lenient,native,truth,5-10%,False
,32,3,14,0.4375,0.2816533111504036,0.6067440886314801,0.8125,0.75,32,0.5625,0.1875,0.5959051724137931,0.0,0.875,,0.84375,,0.53125,indel,vaf_bin+lc,NS_T_1,lenient,native,truth,5-10%,True
,342,3,296,0.8654970760233918,0.8252497897674245,0.8976247922809228,0.9736842105263158,0.9415204678362573,337,0.12166172106824925,0.011695906432748537,0.9184957589413515,0.27422360248447014,0.9269005847953217,,0.97953216374269,,0.9181286549707602,indel,vaf_bin+lc,NS_T_1,lenient,native,truth,10-20%,False
,80,3,47,0.5875,0.47804040345890164,0.6889414238723812,0.775,0.7583333333333333,73,0.3561643835616438,0.1375,0.7524643038341668,0.4088669950738916,0.85,,0.75,,0.675,indel,vaf_bin+lc,NS_T_1,lenient,native,truth,10-20%,True
,556,3,488,0.8776978417266187,0.847843029158034,0.902369362908695,0.9910071942446043,0.9538369304556356,552,0.11594202898550725,0.0017985611510791368,0.9226483249603268,0.12860489604675573,0.8974820143884892,,0.9730215827338129,,0.9910071942446043,indel,vaf_bin+lc,NS_T_1,lenient,native,truth,>=20%,False
,258,3,224,0.8682170542635659,0.8214897302585709,0.9041402018986193,0.9806201550387597,0.9470284237726099,256,0.125,0.011627906976744186,0.9162927474139262,0.17585598775496541,0.9224806201550387,,0.9844961240310077,,0.9341085271317829,indel,vaf_bin+lc,NS_T_1,lenient,native,truth,>=20%,True
all,39446,5,21061,0.5339197890787406,0.5289938934680988,0.5388390787579954,0.9884145413983674,0.8540789940678396,39441,0.46601252503739765,0.0008872889519849921,0.7602265453465373,0.051825592291735244,0.7820818333924859,0.7827663134411601,0.9655731886629823,0.7523703290574456,0.987603305785124,snv,all,NS_380X,lenient,native,truth,,
,1292,5,0,0.0,0.0,0.0029644512409644002,0.8568111455108359,0.6047987616099071,1289,1.0,0.020123839009287926,0.33284744173593195,-0.16349765819502413,0.9845201238390093,0.0,0.21439628482972137,0.913312693498452,0.9117647058823529,snv,vaf_bin,NS_380X,lenient,native,truth,<5%,
,3853,5,5,0.0012976901116013497,0.0005544190393883622,0.0030343877519922787,0.9667791331430055,0.756709057876979,3853,0.9987023098883987,0.0018167661562418895,0.5423015198836258,-0.18321411365325907,0.970153127433169,0.0012976901116013497,0.926031663638723,0.9589929924733973,0.9270698157280042,snv,vaf_bin,NS_380X,lenient,native,truth,5-10%,
,6271,5,2363,0.376813905278265,0.3648990863311865,0.38887955331425716,0.9808642959655557,0.852718864614894,6270,0.6231259968102073,0.00015946420028703555,0.7280363235277614,-0.06644333922462742,0.91500558124701,0.4563865412214958,0.9968107159942593,0.9022484452240472,0.9931430393876575,snv,vaf_bin,NS_380X,lenient,native,truth,10-20%,
,28030,5,18693,0.6668926150552978,0.6613523950430641,0.6723870966974154,0.9991437745272922,0.8792579379236531,28029,0.3330835919940062,3.567606136282554e-05,0.8104664094198313,0.11861188337775669,0.7171601855155191,0.9992864787727435,0.9986443096682126,0.683018194791295,0.9981805208704959,snv,vaf_bin,NS_380X,lenient,native,truth,>=20%,
,37058,5,19897,0.5369151060499757,0.5318347395248999,0.541987820075652,0.9887743537157968,0.8550002698472664,37054,0.4630269336643817,0.0008904959792757299,0.7617956103081164,0.05260009915146258,0.7845809271952076,0.7810459280047493,0.9655674888013385,0.7551405904258189,0.988666414809218,snv,lc,NS_380X,lenient,native,truth,,False
,2388,5,1164,0.48743718592964824,0.46742579246321664,0.5074889328507333,0.9828308207705193,0.8397822445561139,2387,0.5123586091328027,0.0008375209380234506,0.7356735379539463,0.039217739911960654,0.7432998324958124,0.809463986599665,0.9656616415410385,0.7093802345058626,0.9711055276381909,snv,lc,NS_380X,lenient,native,truth,,True
,1242,5,0,0.0,0.0,0.0030834250967457988,0.857487922705314,0.604669887278583,1239,1.0,0.020933977455716585,0.3328926406196623,-0.1630456065368375,0.9847020933977456,0.0,0.21256038647342995,0.9114331723027376,0.9146537842190016,snv,vaf_bin+lc,NS_380X,lenient,native,truth,<5%,False
,50,5,0,0.0,6.938893903907228e-18,0.07134759913335872,0.84,0.608,50,1.0,0.0,0.3320204081632653,-0.1748120300751881,0.98,0.0,0.26,0.96,0.84,snv,vaf_bin+lc,NS_380X,lenient,native,truth,<5%,True
,3638,5,3,0.0008246289169873557,0.00028048699074539234,0.0024218433912809026,0.9681143485431556,0.7574491478834524,3638,0.9991753710830127,0.0013743815283122594,0.5429358833128006,-0.1851164666969446,0.9716877405167674,0.0008246289169873557,0.9241341396371633,0.9601429356789445,0.9304562946673997,snv,vaf_bin+lc,NS_380X,lenient,native,truth,5-10%,False
,215,5,2,0.009302325581395349,0.0025547510706895402,0.03327693668605749,0.9441860465116279,0.7441860465116279,215,0.9906976744186047,0.009302325581395349,0.5314728387486449,-0.15318181818181775,0.9441860465116279,0.009302325581395349,0.958139534883721,0.9395348837209302,0.8697674418604651,snv,vaf_bin+lc,NS_380X,lenient,native,truth,5-10%,True
,5910,5,2243,0.37952622673434855,0.36723633831057456,0.39197262765247876,0.9807106598984772,0.8540439932318105,5909,0.6204095447622271,0.00016920473773265651,0.7301191793700617,-0.06678669978600577,0.916751269035533,0.45516074450084604,0.999492385786802,0.904906937394247,0.9939086294416244,snv,vaf_bin+lc,NS_380X,lenient,native,truth,10-20%,False
,361,5,120,0.33240997229916897,0.28580443221205054,0.38254466278631427,0.9833795013850416,0.8310249307479225,361,0.667590027700831,0.0,0.6938205213421837,-0.06524590163934428,0.8864265927977839,0.47645429362880887,0.9529085872576177,0.8587257617728532,0.9806094182825484,snv,vaf_bin+lc,NS_380X,lenient,native,truth,10-20%,True
,26268,5,17651,0.671958276229633,0.6662558201957866,0.6776104449139574,0.9996573777980813,0.8805619004111467,26268,0.328041723770367,3.806913354652048e-05,0.8128471666620593,0.12067105890152997,0.7194685548956906,0.9993528247297091,0.9992766864626161,0.6856631643063804,0.999048271661337,snv,vaf_bin+lc,NS_380X,lenient,native,truth,>=20%,False
,1762,5,1042,0.5913734392735528,0.5682457873099008,0.6141035387813812,0.9914869466515324,0.8598183881952327,1761,0.4082907438955139,0.0,0.7747918911086648,0.08887641800617253,0.6827468785471056,0.9982973893303064,0.9892167990919409,0.6435868331441543,0.985244040862656,snv,vaf_bin+lc,NS_380X,lenient,native,truth,>=20%,True
all,1625,3,1144,0.704,0.6813449336877929,0.7256928393315788,0.9415384615384615,0.8808205128205128,1620,0.2938271604938272,0.055384615384615386,0.8016641976223102,0.06987053944702926,0.8276923076923077,,0.9384615384615385,,0.8763076923076923,indel,all,NS_380X,lenient,native,truth,,
,102,3,40,0.39215686274509803,0.302975181892627,0.48916676092327677,0.5392156862745098,0.6339869281045751,99,0.5959595959595959,0.43137254901960786,0.5676767676767677,0.16909057437407946,0.9509803921568627,,0.5294117647058824,,0.4215686274509804,indel,vaf_bin,NS_380X,lenient,native,truth,<5%,
,287,3,214,0.7456445993031359,0.6922447911139196,0.7925554178099654,0.9512195121951219,0.8989547038327527,287,0.25435540069686413,0.04878048780487805,0.8275633337404099,0.06660429475184827,0.8954703832752613,,0.9581881533101045,,0.8432055749128919,indel,vaf_bin,NS_380X,lenient,native,truth,5-10%,
,422,3,330,0.7819905213270142,0.7401483724445553,0.8187450726866593,0.9502369668246445,0.9091627172195893,420,0.21428571428571427,0.045023696682464455,0.8562399324972065,0.1391984285876167,0.8459715639810427,,0.9502369668246445,,0.9312796208530806,indel,vaf_bin,NS_380X,lenient,native,truth,10-20%,
,814,3,560,0.687960687960688,0.6553114387688103,0.7188442080251832,0.984029484029484,0.8906633906633906,814,0.31203931203931207,0.01597051597051597,0.790694096019112,-0.06809247061862267,0.7788697788697788,,0.9766584766584766,,0.9164619164619164,indel,vaf_bin,NS_380X,lenient,native,truth,>=20%,
,1242,3,932,0.750402576489533,0.7255864113711157,0.7736745464306751,0.9541062801932367,0.9006977992485239,1239,0.24778046811945117,0.043478260869565216,0.8334383182838029,0.07879232032986572,0.8252818035426731,,0.9476650563607085,,0.92914653784219,indel,lc,NS_380X,lenient,native,truth,,False
,383,3,212,0.5535248041775457,0.5034512564712478,0.6025353151981657,0.9007832898172323,0.8163620539599652,381,0.4435695538057743,0.09399477806788512,0.695636629452419,0.01888155700845777,0.835509138381201,,0.9086161879895561,,0.7049608355091384,indel,lc,NS_380X,lenient,native,truth,,True
,89,3,36,0.4044943820224719,0.3085343968169969,0.5083577522730738,0.5393258426966292,0.6367041198501873,86,0.5813953488372093,0.42696629213483145,0.5786498708010336,0.19041843541540301,0.9550561797752809,,0.5280898876404494,,0.42696629213483145,indel,vaf_bin+lc,NS_380X,lenient,native,truth,<5%,False
,13,3,4,0.3076923076923077,0.12680703655710515,0.5763065681945096,0.5384615384615384,0.6153846153846154,13,0.6923076923076923,0.46153846153846156,0.4945054945054945,0.02499999999999966,0.9230769230769231,,0.5384615384615384,,0.38461538461538464,indel,vaf_bin+lc,NS_380X,lenient,native,truth,<5%,True
,255,3,196,0.7686274509803922,0.7131121095689552,0.8161694074808437,0.9647058823529412,0.9111111111111111,255,0.23137254901960785,0.03529411764705882,0.8437087864016998,0.04770444763271147,0.8862745098039215,,0.9764705882352941,,0.8705882352941177,indel,vaf_bin+lc,NS_380X,lenient,native,truth,5-10%,False
,32,3,18,0.5625,0.3932559113685198,0.7183466888495963,0.84375,0.8020833333333334,32,0.4375,0.15625,0.6929012345679012,0.08133971291865998,0.96875,,0.8125,,0.625,indel,vaf_bin+lc,NS_380X,lenient,native,truth,5-10%,True
,342,3,284,0.8304093567251462,0.7870184758022275,0.8664601463694784,0.9912280701754386,0.9405458089668616,342,0.1695906432748538,0.008771929824561403,0.8864756456337402,-0.010923299074150856,0.8421052631578947,,0.9912280701754386,,0.9883040935672515,indel,vaf_bin+lc,NS_380X,lenient,native,truth,10-20%,False
,80,3,46,0.575,0.4656928984656886,0.6774343821039822,0.775,0.775,78,0.41025641025641024,0.2,0.7187758478081059,0.23536439665471887,0.8625,,0.775,,0.6875,indel,vaf_bin+lc,NS_380X,lenient,native,truth,10-20%,True
,556,3,416,0.7482014388489209,0.7105036932855918,0.7824930215011158,0.9928057553956835,0.9136690647482014,556,0.2517985611510791,0.007194244604316547,0.8315434608834672,-0.06408573928259055,0.7661870503597122,,0.9748201438848921,,1.0,indel,vaf_bin+lc,NS_380X,lenient,native,truth,>=20%,False
,258,3,144,0.5581395348837209,0.4971295263955482,0.6174436207871661,0.9651162790697675,0.8410852713178295,258,0.4418604651162791,0.03488372093023256,0.7012027161437424,-0.10194447566595469,0.8062015503875969,,0.9806201550387597,,0.7364341085271318,indel,vaf_bin+lc,NS_380X,lenient,native,truth,>=20%,True
all,453026,5,95195,0.21013142733529644,0.20894754700098167,0.21132022354085583,0.2703134036457069,0.40726227633734047,453026,0.7898685726647036,0.6940815758918915,0.49964104098600154,0.3224070519373103,0.24802991439784913,0.4956823670164626,0.7432685982702979,0.2842949411292067,0.2650355608728859,snv,all,IL_T_1,lenient,native,union,,
,111435,5,0,0.0,0.0,3.4471453313821785e-05,0.006909857764616144,0.20551173329743797,111435,1.0,0.9796024588325033,0.06371112612281904,-0.23725354501349735,0.03953874455960874,0.3054605824022973,0.6475075155920492,0.025754924395387447,0.009296899537847176,snv,vaf_bin,IL_T_1,lenient,native,union,<5%,
,96612,5,5,5.1753405374073614e-05,2.210615750551191e-05,0.00012115667198186142,0.04869995445700327,0.23283029023309734,96612,0.9999482465946259,0.9184159317683104,0.15370676187627547,-0.14637829906054436,0.0706537490166853,0.04611228418829959,0.9282904815136837,0.07953463337887633,0.03956030306794187,snv,vaf_bin,IL_T_1,lenient,native,union,5-10%,
,58936,5,4962,0.08419302294013846,0.08197822803122894,0.086462019059645,0.13170218542147413,0.3061083208904575,58936,0.9158069770598616,0.8027351703542827,0.3163902914352426,0.10007388379606219,0.1455137776571196,0.38195669879190985,0.6838943939188272,0.19044387131803991,0.12873286276639065,snv,vaf_bin,IL_T_1,lenient,native,union,10-20%,
,186043,5,90228,0.48498465408534586,0.48271399605070936,0.48725593218783786,0.587079331122375,0.6507323575732492,186043,0.5150153459146541,0.3721451492396919,0.7276762584249271,0.5141922851926427,0.4974978902726789,0.8791085931746961,0.7233542783120032,0.5752164822111018,0.578484543895766,snv,vaf_bin,IL_T_1,lenient,native,union,>=20%,
,261987,5,89678,0.34229942707080885,0.34048487467885474,0.34411860405386346,0.4282807925584094,0.5255627187608545,261987,0.6577005729291912,0.5449774225438667,0.623997424160258,0.4512805808582958,0.38800016794726455,0.7005500272914305,0.6908701576795795,0.42811284529385046,0.4202803955921477,snv,lc,IL_T_1,lenient,native,union,,False
,191039,5,5517,0.02887892001109721,0.028137385477405255,0.029639400999045377,0.0536801386104408,0.2450274551269636,191039,0.9711210799889027,0.8985599798993923,0.1929696130850474,-0.08252056524063024,0.05607755484482226,0.21473102350828888,0.8151267542229597,0.08706599176084465,0.05213595129790252,snv,lc,IL_T_1,lenient,native,union,,True
,49382,5,0,0.0,0.0,7.778461816626617e-05,0.014256206714997367,0.20893037949050258,49382,1.0,0.9701510671904743,0.1022978005466206,-0.22780789355746084,0.061095135879470255,0.5971811591268074,0.3387671621238508,0.02770240168482443,0.019906038637560245,snv,vaf_bin+lc,IL_T_1,lenient,native,union,<5%,False
,62053,5,0,0.0,0.0,6.190226138472126e-05,0.0010636069166680097,0.2027911623934379,62053,1.0,0.9871239102057918,0.010733936102476173,-0.2450661757408839,0.022384091018967656,0.0733083009685269,0.893204196412744,0.024205114982353795,0.000854108584597038,snv,vaf_bin+lc,IL_T_1,lenient,native,union,<5%,True
,43517,5,4,9.191810097203391e-05,3.574571661840492e-05,0.00023634136680571687,0.09878897901969345,0.26034423328814027,43517,0.9999080818990279,0.8684422179837764,0.21251112511769615,-0.06981551396416481,0.12158466806075786,0.045982030011259965,0.9314750557253487,0.12151572948502884,0.08116368315830595,snv,vaf_bin+lc,IL_T_1,lenient,native,union,5-10%,False
,53095,5,1,1.883416517562859e-05,3.3247003618843833e-06,0.00010668634056118932,0.007646671061305207,0.21027968735285807,53095,0.9999811658348243,0.9593747057161691,0.0365846483549088,-0.22693829147652916,0.028910443544589885,0.04621904134099256,0.9256803842169696,0.045126659760806105,0.005461907900932291,snv,vaf_bin+lc,IL_T_1,lenient,native,union,5-10%,True
,22248,5,4701,0.21129989212513484,0.20598572364168943,0.21671374041063018,0.31202804746494067,0.4348345918734268,22248,0.7887001078748651,0.6392035239122618,0.5099593164030821,0.32934898093602183,0.3164329377921611,0.4828299172959367,0.7318860122258181,0.34070478245235525,0.302319309600863,snv,vaf_bin+lc,IL_T_1,lenient,native,union,10-20%,False
,36688,5,261,0.00711404273877017,0.006304152499386172,0.00802713854281586,0.02235063235935456,0.22804731792411687,36688,0.9928859572612299,0.9019025294374182,0.0735027213557273,-0.17653628979245764,0.041866550370693416,0.32078608809419973,0.6547917575228958,0.09932402965547318,0.023468163977322286,snv,vaf_bin+lc,IL_T_1,lenient,native,union,10-20%,True
,146840,5,84973,0.5786774720784528,0.5761499218748781,0.5812009058510473,0.6827771724325796,0.7243911740670117,146840,0.4213225279215473,0.291855080359575,0.7953855054416124,0.5499925044322288,0.5877349496050123,0.9622854807954236,0.7317624625442659,0.666875510760011,0.673297466630346,snv,vaf_bin+lc,IL_T_1,lenient,native,union,>=20%,False
,39203,5,5255,0.13404586383695125,0.13070911179274738,0.13745432774020958,0.22863046195444225,0.3748335586562253,39203,0.8659541361630487,0.6728821773843838,0.38472008185706236,0.20000616456101894,0.15950309925260822,0.5675586052087851,0.6918603168124888,0.23189551820013773,0.2233502538071066,snv,vaf_bin+lc,IL_T_1,lenient,native,union,>=20%,True
all,60872,3,8109,0.13321395715599949,0.130537670554276,0.13593653448474458,0.2666743330266789,0.4666294300608928,60872,0.8667860428440005,0.733325666973321,0.27658957308595167,-0.16088574977044615,0.22309107635694572,,0.9274050466552767,,0.24939216717045604,indel,all,IL_T_1,lenient,native,union,,
,21471,3,32,0.001490382376228401,0.0010559566128196117,0.0021031567594855674,0.020446183223883377,0.34064552186670394,21471,0.9985096176237716,0.9795538167761166,0.010985318010302253,-0.4818674322365871,0.15765451073541056,,0.8615807368077872,,0.002701318056913977,indel,vaf_bin,IL_T_1,lenient,native,union,<5%,
,8451,3,237,0.028044018459353923,0.024732766663178203,0.03178413683501522,0.06673766418175364,0.3649272275470359,8451,0.9719559815406461,0.9332623358182464,0.12440109996715855,-0.3979626902841186,0.09821322920364454,,0.9518400189326707,,0.04472843450479233,indel,vaf_bin,IL_T_1,lenient,native,union,5-10%,
,8371,3,670,0.08003822721299725,0.07441609874211648,0.08604562049500537,0.178114920559073,0.41938438259069005,8371,0.9199617727870028,0.821885079440927,0.21813280267249946,-0.25935322783868314,0.1670051367817465,,0.9338191374985068,,0.15732887349181698,indel,vaf_bin,IL_T_1,lenient,native,union,10-20%,
,22579,3,7170,0.31755170733867755,0.3115110949097662,0.32365439057514805,0.6084857611054519,0.6420124894813765,22579,0.6824482926613225,0.391514238894548,0.4839007367979775,0.010223484899174715,0.35284999335665884,,0.9784755746490101,,0.5947119004384606,indel,vaf_bin,IL_T_1,lenient,native,union,>=20%,
,11077,3,4154,0.37501128464385663,0.36604046076530317,0.384068769631113,0.5303782612620745,0.6351298486353104,11077,0.6249887153561433,0.46962173873792545,0.515304365804809,0.10101993570011346,0.5877945292046584,,0.8189040353886431,,0.4986909813126298,indel,lc,IL_T_1,lenient,native,union,,False
,49795,3,3955,0.07942564514509488,0.07708295030206472,0.08183322579742852,0.20801285269605382,0.4291461659470495,49795,0.9205743548549051,0.7919871473039461,0.208314147717949,-0.25258572627258635,0.14196204438196605,,0.9515413194095793,,0.19393513404960339,indel,lc,IL_T_1,lenient,native,union,,True
,3348,3,25,0.007467144563918757,0.005063015483763566,0.011000231982492671,0.08721624850657109,0.36489446435682993,3348,0.9925328554360813,0.9127837514934289,0.03905502189121665,-0.4276129019012122,0.5902031063321386,,0.49432497013142174,,0.01015531660692951,indel,vaf_bin+lc,IL_T_1,lenient,native,union,<5%,False
,18123,3,7,0.0003862495171881035,0.00018711495001150837,0.0007971414005074231,0.008111239860950173,0.33616582979271276,18123,0.9996137504828119,0.9918887601390498,0.005149041646101193,-0.4931306024906857,0.0777465099597197,,0.929426695359488,,0.0013242840589306405,indel,vaf_bin+lc,IL_T_1,lenient,native,union,<5%,True
,1164,3,186,0.15979381443298968,0.13986811887614092,0.1819576357945531,0.25859106529209624,0.472794959908362,1164,0.8402061855670103,0.7414089347079038,0.326160170859818,-0.12360128718920378,0.2809278350515464,,0.9518900343642611,,0.18556701030927836,indel,vaf_bin+lc,IL_T_1,lenient,native,union,5-10%,False
,7287,3,51,0.00699876492383697,0.0053273994899687115,0.00918964349039177,0.03609167009743379,0.34769681167375693,7287,0.993001235076163,0.9639083299025663,0.052446127546120824,-0.45941338271538457,0.06902703444490188,,0.9518320296418279,,0.022231370934540962,indel,vaf_bin+lc,IL_T_1,lenient,native,union,5-10%,True
,821,3,403,0.49086479902557856,0.45679114018532,0.5250235469408024,0.5919610231425091,0.6942752740560292,821,0.5091352009744214,0.40803897685749085,0.6298761658131206,0.20044267374944658,0.584652862362972,,0.9183922046285018,,0.5797807551766139,indel,vaf_bin+lc,IL_T_1,lenient,native,union,10-20%,False
,7550,3,267,0.03536423841059603,0.03142870455752772,0.039772347483702425,0.13311258278145696,0.3894922737306843,7550,0.964635761589404,0.866887417218543,0.13741687069114358,-0.3522347489416731,0.12158940397350994,,0.9354966887417219,,0.11139072847682119,indel,vaf_bin+lc,IL_T_1,lenient,native,union,10-20%,True
,5744,3,3540,0.6162952646239555,0.6036457544727596,0.6287893273873639,0.834958217270195,0.8170844939647167,5744,0.38370473537604455,0.16504178272980502,0.7307645221754022,0.14422733041070562,0.649025069637883,,0.9669220055710307,,0.8353064066852368,indel,vaf_bin+lc,IL_T_1,lenient,native,union,>=20%,False
,16835,3,3630,0.21562221562221562,0.2094751822138037,0.22189899970865115,0.5312147312147312,0.5822789822789823,16835,0.7843777843777844,0.46878526878526877,0.3854516517055957,-0.0749458525372957,0.2517968517968518,,0.9824175824175824,,0.5126225126225126,indel,vaf_bin+lc,IL_T_1,lenient,native,union,>=20%,True
all,514357,5,98498,0.19149734522909187,0.19042433044396287,0.1925749680642467,0.2431385205217388,0.38748417927626144,514357,0.8085026547709081,0.7237094080570499,0.4763195619827025,0.297716302415022,0.24492521731015618,0.494792527369123,0.7076641321105769,0.24900798472656152,0.24103103486488955,snv,all,NV_T_1,lenient,native,union,,
,127975,5,1,7.814026176987693e-06,1.3793688248569113e-06,4.4264573205777204e-05,0.010072279742137136,0.20707481930064464,127975,0.999992185973823,0.9749951162336394,0.07832346944246331,-0.23310827252002997,0.056511037311974995,0.30999804649345575,0.6294354366087126,0.025114280132838444,0.014315295956241453,snv,vaf_bin,NV_T_1,lenient,native,union,<5%,
,116290,5,3,2.5797575027947374e-05,8.77354145995814e-06,7.585225382928732e-05,0.04479318944019262,0.2309777280935592,116290,0.999974202424972,0.9231232264167168,0.14171718386529755,-0.15051884030253543,0.09202854931636426,0.051689741164330553,0.9079714506836357,0.06589560581305358,0.0373032934904119,snv,vaf_bin,NV_T_1,lenient,native,union,5-10%,
,68531,5,4720,0.06887394026061198,0.0670020135687301,0.07079419720232781,0.1128248529862398,0.2909106827567086,68531,0.931126059739388,0.8286031139192482,0.28425504572311333,0.06332376066822482,0.1587019013293254,0.3906990996775182,0.6457223738162291,0.14911499905152412,0.11031503990894631,snv,vaf_bin,NV_T_1,lenient,native,union,10-20%,
,201561,5,93774,0.4652388110795243,0.463061971230566,0.46741697589840125,0.5498583555350489,0.6251606213503604,201561,0.5347611889204756,0.4134480380629189,0.7215861484423975,0.5169645010207733,0.4820823472794836,0.9031608297240041,0.6628266380897098,0.5307723220265825,0.5469609696320221,snv,vaf_bin,NV_T_1,lenient,native,union,>=20%,
,271631,5,92505,0.34055391321314576,0.3387740425897061,0.3423382936084043,0.4199962449057729,0.5202970205904334,271631,0.6594460867868542,0.5568289333691663,0.6284577458610053,0.4533794922853175,0.392271132529056,0.7402358346433213,0.6386715801951913,0.4131708089282887,0.4171357466563095,snv,lc,NV_T_1,lenient,native,union,,False
,242726,5,5993,0.02469039163501232,0.024080531887000003,0.025315295946780295,0.04521971276253883,0.23885533482198035,242726,0.9753096083649877,0.9104628263968425,0.16563775121979413,-0.10301913493179518,0.08003262938457355,0.2201206298459992,0.7848726547629837,0.06529584799321045,0.04395491212313473,snv,lc,NV_T_1,lenient,native,union,,True
,56841,5,1,1.759293467743354e-05,3.1055917144754842e-06,9.965586685913616e-05,0.021287450959694587,0.212839323727591,56841,0.9999824070653226,0.9577417709048046,0.118052307856973,-0.21857764026935392,0.08252845657184076,0.5952041660069316,0.32180996111961435,0.033760841645994966,0.0308931932935733,snv,vaf_bin+lc,NV_T_1,lenient,native,union,<5%,False
,71134,5,0,0.0,0.0,5.400021622694044e-05,0.0011105800320521833,0.20246858042567548,71134,1.0,0.9887817358787641,0.011249520364586499,-0.24552006750618957,0.03572131470183035,0.08209857452132595,0.8752495290578345,0.018205077740602243,0.0010684061067843787,snv,vaf_bin+lc,NV_T_1,lenient,native,union,<5%,True
,36895,5,3,8.131183087139178e-05,2.765373688405367e-05,0.00023906083819758532,0.12692776799024258,0.27602656186475133,36895,0.9999186881691287,0.846266431765822,0.2541817147625289,-0.027933816437282724,0.14969508063423229,0.05911370104350183,0.927280119257352,0.1348692234720152,0.10917468491665537,snv,vaf_bin+lc,NV_T_1,lenient,native,union,5-10%,False
,79395,5,0,0.0,0.0,4.838179940807391e-05,0.00662510233641917,0.210043453617986,79395,1.0,0.9588387178033881,0.0258495407481083,-0.22870449080052105,0.06523080798538951,0.048239813590276466,0.8989986774985831,0.03384344102273443,0.003904527992946659,snv,vaf_bin+lc,NV_T_1,lenient,native,union,5-10%,True
,19988,5,4507,0.2254852911747048,0.2197449046776109,0.23133117440173226,0.34240544326595956,0.45356213728236944,19988,0.7745147088252952,0.6242745647388434,0.5440771681588024,0.35420530481586826,0.3382529517710626,0.5582349409645787,0.6885131078647189,0.3465079047428457,0.33630178106864117,snv,vaf_bin+lc,NV_T_1,lenient,native,union,10-20%,False
,48543,5,213,0.004387862307644768,0.0038378247109422544,0.005016334404338237,0.018293059761448613,0.22393753991306675,48543,0.9956121376923552,0.9127371608676843,0.05507531235060711,-0.19037281327673924,0.08477020373689306,0.3217147683497106,0.6281029190614507,0.06783676328203861,0.01726304513524092,snv,vaf_bin+lc,NV_T_1,lenient,native,union,10-20%,True
,157907,5,87994,0.5572520534238508,0.5548007722527338,0.559700549081274,0.6418144857416074,0.696492239102763,157907,0.44274794657614924,0.3363498768262332,0.7901154577967654,0.5603396726475804,0.5672832743323601,0.9746243041790421,0.6789882652447327,0.6232085974655969,0.6383567542920833,snv,vaf_bin+lc,NV_T_1,lenient,native,union,>=20%,False
,43654,5,5780,0.13240481971869703,0.12925772984947673,0.13561659907784865,0.21723095249003527,0.36713703211618637,43654,0.867595180281303,0.6923305997159481,0.3844939904719725,0.1975466401352629,0.17389013607000503,0.644660283135566,0.6043661520135611,0.19640811838548586,0.21636047097631375,snv,vaf_bin+lc,NV_T_1,lenient,native,union,>=20%,True
all,66755,3,10019,0.1500861358699723,0.14739693119577274,0.1528156102573805,0.2565650513070182,0.46888372905899683,66755,0.8499138641300277,0.7434349486929818,0.28232146121742957,-0.13762437875544742,0.30751254587671334,,0.8660774473822186,,0.23306119391805857,indel,all,NV_T_1,lenient,native,union,,
,26343,3,53,0.002011919675055992,0.001538609994183409,0.0026304460572743327,0.017310101355198726,0.3397740070100849,26343,0.997988080324944,0.9826898986448013,0.010123788968183296,-0.4829323151411642,0.23304103556922143,,0.7832061648255704,,0.0030748206354629312,indel,vaf_bin,NV_T_1,lenient,native,union,<5%,
,11368,3,295,0.025950035186488387,0.02318370553197347,0.029036637230550215,0.061840253342716395,0.36259676284306824,11368,0.9740499648135116,0.9381597466572836,0.09788585275064195,-0.40482359522287586,0.14215341308937368,,0.9024454609429979,,0.04319141449683322,indel,vaf_bin,NV_T_1,lenient,native,union,5-10%,
,8283,3,782,0.09441023783653266,0.08829996624212151,0.1008965408482669,0.20777496076300858,0.4340617328665137,8283,0.9055897621634673,0.7922250392369914,0.2168483336749744,-0.22882401105702235,0.2767113364722926,,0.8496921405287939,,0.17578172159845468,indel,vaf_bin,NV_T_1,lenient,native,union,10-20%,
,20761,3,8889,0.4281585665430374,0.42144170688109045,0.4349020072803845,0.6862386204903425,0.7047990623444599,20761,0.5718414334569626,0.31376137950965755,0.5797078330452755,0.08384002491756036,0.5048408072828862,,0.9578536679350705,,0.6517027118154232,indel,vaf_bin,NV_T_1,lenient,native,union,>=20%,
,11229,3,4383,0.39032861341170183,0.3813447984557022,0.39938744021878675,0.5313919316056639,0.6405735150057886,11229,0.6096713865882981,0.4686080683943361,0.5287034433216798,0.11733581693577486,0.5910588654377059,,0.8250957342595067,,0.5055659453201532,indel,lc,NV_T_1,lenient,native,union,,False
,55526,3,5636,0.10150199906350178,0.09901764021605604,0.10404149272208728,0.20098692504412347,0.4341629747025417,55526,0.8984980009364982,0.7990130749558765,0.22022829115451706,-0.21913476084958905,0.25017109102042284,,0.8743651622663257,,0.1779526708208767,indel,lc,NV_T_1,lenient,native,union,,True
,3365,3,43,0.012778603268945022,0.00950093004693479,0.017167424614119596,0.07429420505200594,0.3623576027736503,3365,0.987221396731055,0.9257057949479941,0.04173090549355716,-0.42422544690843383,0.5714710252600297,,0.49925705794947994,,0.01634472511144131,indel,vaf_bin+lc,NV_T_1,lenient,native,union,<5%,False
,22978,3,10,0.00043519888589085213,0.0002364159753312691,0.0008009882232580263,0.008965097049351554,0.33646676531174746,22978,0.9995648011141092,0.9910349029506484,0.004490200435894935,-0.4923986455342421,0.18347985029158326,,0.8247889285403429,,0.0011315171033162155,indel,vaf_bin+lc,NV_T_1,lenient,native,union,<5%,True
,1441,3,218,0.15128383067314366,0.13371140844581383,0.1707105446587854,0.2248438584316447,0.45870922970159617,1441,0.8487161693268563,0.7751561415683553,0.3406327197386246,-0.13939188228144364,0.23108952116585704,,0.9680777238029147,,0.17696044413601666,indel,vaf_bin+lc,NV_T_1,lenient,native,union,5-10%,False
,9927,3,77,0.007756623350458346,0.006211116340043369,0.009682950590256622,0.038178704543165104,0.34864510929787446,9927,0.9922433766495417,0.9618212954568349,0.04563496852103729,-0.45645039645958174,0.12924347738490985,,0.8929183036163997,,0.023773546892313892,indel,vaf_bin+lc,NV_T_1,lenient,native,union,5-10%,True
,767,3,405,0.5280312907431551,0.49265001524926816,0.56313318051421,0.6258148631029987,0.717948717948718,767,0.47196870925684486,0.3741851368970013,0.6608811240379223,0.2230904688531806,0.6153846153846154,,0.9387222946544981,,0.5997392438070405,indel,vaf_bin+lc,NV_T_1,lenient,native,union,10-20%,False
,7516,3,377,0.0501596593932943,0.045450707958510486,0.055328206460191,0.16511442256519426,0.4050913606528295,7516,0.9498403406067057,0.8348855774348057,0.1503128361922493,-0.3137904445348908,0.24215007982969664,,0.8406067056945183,,0.13251729643427354,indel,vaf_bin+lc,NV_T_1,lenient,native,union,10-20%,True
,5656,3,3717,0.6571782178217822,0.6447052908982625,0.6694377841218055,0.8686350777934936,0.8419377652050919,5656,0.34282178217821785,0.13136492220650636,0.761754208580529,0.14130478016837883,0.6911244695898161,,0.9671145685997171,,0.8675742574257426,indel,vaf_bin+lc,NV_T_1,lenient,native,union,>=20%,False
,15105,3,5172,0.34240317775571005,0.33487688112221226,0.35000961312182655,0.6179410791128765,0.6534480856228622,15105,0.65759682224429,0.38205892088712345,0.5043649235372513,0.03203632685413661,0.43508771929824563,,0.9543859649122807,,0.5708705726580603,indel,vaf_bin+lc,NV_T_1,lenient,native,union,>=20%,True
all,328060,5,83882,0.2556910321282692,0.25420108442874695,0.25718670129246385,0.3622995793452417,0.470905322197159,328060,0.7443089678717307,0.5991800280436506,0.5443946251971601,0.3763997367615439,0.287843687130403,0.5535908065597757,0.7678442967749802,0.38321953301225387,0.3620282875083826,snv,all,FD_T_1,lenient,native,union,,
,61231,5,0,0.0,0.0,6.27332206498393e-05,0.002809034639316686,0.20334144469304763,61231,1.0,0.986297790334961,0.03999500916863953,-0.2429534056413372,0.01742581372180758,0.36099361434567456,0.608270320589244,0.026620502686547663,0.0033969721219643647,snv,vaf_bin,FD_T_1,lenient,native,union,<5%,
,50452,5,1,1.982081978910648e-05,3.4988699602316465e-06,0.00011227481752175406,0.05977959248394513,0.23747720605724254,50452,0.9999801791802109,0.9127289304685642,0.14520812645569736,-0.1303820021910171,0.07516054864029176,0.04606358518988345,0.8856140489970665,0.13325537144216285,0.047292476016808055,snv,vaf_bin,FD_T_1,lenient,native,union,5-10%,
,52394,5,4293,0.0819368629995801,0.07961893820643344,0.08431608697149158,0.14198190632515173,0.3097721113104554,52394,0.9180631370004199,0.7994426842768256,0.30804066305418837,0.10562220976487882,0.14917738672367065,0.32685040271786847,0.6854410810398137,0.24728022292628926,0.14011146314463488,snv,vaf_bin,FD_T_1,lenient,native,union,10-20%,
,163983,5,79588,0.48534299287121224,0.4829243860485068,0.4877622863866891,0.6600013416024831,0.694114633833995,163983,0.5146570071287877,0.2941768354036699,0.7283649417256466,0.47450353744273543,0.49855777733057693,0.8541007299537147,0.8175237677076282,0.636712342133026,0.663678552045029,snv,vaf_bin,FD_T_1,lenient,native,union,>=20%,
,199166,5,78849,0.39589588584396934,0.39375014791412666,0.3980456395591805,0.5473474388198789,0.6067802737415021,199166,0.6041041141560306,0.423244931363787,0.6662147292412662,0.46727949746804054,0.4375495817559222,0.7462167237379874,0.742400811383469,0.5629675747868612,0.5447666770432704,snv,lc,FD_T_1,lenient,native,union,,False
,128894,5,5033,0.03904758949214083,0.03800375490491378,0.040118899011193344,0.07636507517805328,0.26095241050785917,128894,0.9609524105078592,0.8710335624621782,0.2318617832705304,-0.03210982721886299,0.05651931044113768,0.2559467469393455,0.8071593712663119,0.10547426567567149,0.07966235821682933,snv,lc,FD_T_1,lenient,native,union,,True
,25490,5,0,0.0,0.0,0.00015068183533262726,0.0058061985092193015,0.2043075715967046,25490,1.0,0.984699882306787,0.07504463460604742,-0.2394158233008359,0.02530404080031385,0.7548842683405257,0.209376225970969,0.024480188309140838,0.007493134562573558,snv,vaf_bin+lc,FD_T_1,lenient,native,union,<5%,False
,35741,5,0,0.0,0.0,0.00010746890079564682,0.0006714977197056602,0.20265241599283734,35741,1.0,0.9874373968271732,0.007752487408801303,-0.24550046055197422,0.011807168238157858,0.08007610307489997,0.8927562183486752,0.02814694608432892,0.0004756442181248426,snv,vaf_bin+lc,FD_T_1,lenient,native,union,<5%,True
,22834,5,1,4.379434177104318e-05,7.73081852104674e-06,0.0002480489946117732,0.12244897959183673,0.27216431637032495,22834,0.999956205658229,0.8463256547254094,0.18301904727420498,-0.044435802318796,0.14460891652798458,0.04186739073311728,0.8415958658141368,0.23526320399404396,0.09748620478234211,snv,vaf_bin+lc,FD_T_1,lenient,native,union,5-10%,False
,27618,5,0,0.0,0.0,0.0001390732339992996,0.007965819393149396,0.20879860960243318,27618,1.0,0.9676298066478384,0.04741016003135664,-0.22802158890836444,0.017742052284741835,0.04953291331740169,0.9220073864870737,0.048917372727931056,0.005793323195017742,snv,vaf_bin+lc,FD_T_1,lenient,native,union,5-10%,True
,23651,5,4046,0.17107099065578624,0.1663252850903866,0.17592352993186852,0.2841317491860809,0.40872690372500103,23651,0.8289290093442138,0.6685552407932012,0.441738845694245,0.28318726533505945,0.2938142150437614,0.33791383028201766,0.6943892435837808,0.4413344044649275,0.27618282525051796,snv,vaf_bin+lc,FD_T_1,lenient,native,union,10-20%,False
,28743,5,247,0.008593396653098146,0.0075900523618320885,0.009728074902126373,0.02501478620881606,0.22834777163135372,28743,0.9914066033469019,0.907142608635146,0.09837336080672635,-0.1693178586095736,0.030163865984761506,0.3177469296872282,0.678078140764708,0.08760393835020701,0.028145983369863965,snv,vaf_bin+lc,FD_T_1,lenient,native,union,10-20%,True
,127191,5,74802,0.5881076491261175,0.5854001964267421,0.5908097798815835,0.7811008640548467,0.7843385145175367,127191,0.4118923508738826,0.189156465473186,0.7981651551090642,0.47207850057184525,0.5994842402371237,0.9468515854109174,0.8403424770620562,0.7523331053297796,0.782681164547806,snv,vaf_bin+lc,FD_T_1,lenient,native,union,>=20%,False
,36792,5,4786,0.13008262665796913,0.1266838876164479,0.13355860390361424,0.24135681669928244,0.38220808871493805,36792,0.8699173733420309,0.6572352685366384,0.386678109662188,0.20137101738201063,0.14965209828223527,0.533458360513155,0.7386388345292455,0.2370080452272233,0.2522831050228311,snv,vaf_bin+lc,FD_T_1,lenient,native,union,>=20%,True
all,56100,3,8073,0.143903743315508,0.14102367183063252,0.14683257898731572,0.3278966131907308,0.49060011883541293,56100,0.856096256684492,0.6721033868092692,0.298884209801656,-0.14186524622782284,0.19641711229946524,,0.9657219251336898,,0.30966131907308375,indel,all,FD_T_1,lenient,native,union,,
,13745,3,5,0.0003637686431429611,0.00015538991344042413,0.0008513464622862748,0.01906147690069116,0.3398084151812781,13745,0.9996362313568571,0.9809385230993088,0.008561925009427906,-0.48530834066913897,0.06904328846853401,,0.9497271735176428,,0.00065478355765733,indel,vaf_bin,FD_T_1,lenient,native,union,<5%,
,7010,3,120,0.017118402282453638,0.014335721618374991,0.020430028399261366,0.050356633380884454,0.3558250118877793,7010,0.9828815977175464,0.9496433666191155,0.09511253937214519,-0.42935339837397823,0.07660485021398003,,0.9647646219686162,,0.0261055634807418,indel,vaf_bin,FD_T_1,lenient,native,union,5-10%,
,8686,3,522,0.06009670734515312,0.055290392877657406,0.06529195189654721,0.14943587381994014,0.40317752705503107,8686,0.9399032926548468,0.8505641261800598,0.18695725468333227,-0.3020283236151948,0.12905825466267556,,0.9479622380842735,,0.13251208841814413,indel,vaf_bin,FD_T_1,lenient,native,union,10-20%,
,26659,3,7426,0.2785550845868187,0.2732060308347823,0.2839679478563009,0.6182527476649536,0.6322692774172575,26659,0.7214449154131813,0.3817472523350463,0.45076509735268294,-0.03430810420777065,0.3155407179564125,,0.9800067519411831,,0.6012603623541768,indel,vaf_bin,FD_T_1,lenient,native,union,>=20%,
,8337,3,3645,0.4372076286433969,0.4265911301083476,0.44788196650077616,0.6887369557394746,0.7086481947942905,8337,0.5627923713566031,0.31126304426052537,0.5862647439119995,0.09138783147551602,0.5304066210867219,,0.9424253328535445,,0.6531126304426053,indel,lc,FD_T_1,lenient,native,union,,False
,47763,3,4428,0.09270774448841153,0.09013943632429627,0.09534156238186,0.26491217050855265,0.4525399716656547,47763,0.9072922555115884,0.7350878294914474,0.2313036623249427,-0.22072148472700168,0.13811946485773507,,0.9697883298787765,,0.24971212026045264,indel,lc,FD_T_1,lenient,native,union,,True
,1135,3,5,0.004405286343612335,0.0018830986542773742,0.01027088354709716,0.14977973568281938,0.3847283406754773,1135,0.9955947136563876,0.8502202643171806,0.05616313770072474,-0.40197489478766263,0.3303964757709251,,0.8193832599118943,,0.004405286343612335,indel,vaf_bin+lc,FD_T_1,lenient,native,union,<5%,False
,12610,3,0,0.0,0.0,0.00030454313487568403,0.007295796986518636,0.33576526566217285,12610,1.0,0.9927042030134814,0.0029863711184442304,-0.49458767332326037,0.04551942902458366,,0.9614591593973038,,0.00031720856463124506,indel,vaf_bin+lc,FD_T_1,lenient,native,union,<5%,True
,883,3,104,0.11778029445073612,0.09815609029321005,0.1407157584613544,0.2491506228765572,0.4556436391090977,883,0.8822197055492639,0.7508493771234428,0.26693467891015826,-0.18562373670923316,0.26840317100792754,,0.9660249150622876,,0.13250283125707815,indel,vaf_bin+lc,FD_T_1,lenient,native,union,5-10%,False
,6127,3,16,0.0026113921984658073,0.001608093365926223,0.004237997918839842,0.02170719764974702,0.34143952994940424,6127,0.9973886078015342,0.978292802350253,0.029214024410416334,-0.4785420827795032,0.04896360372123388,,0.9645829933083075,,0.010771992818671455,indel,vaf_bin+lc,FD_T_1,lenient,native,union,5-10%,True
,836,3,344,0.41148325358851673,0.37860401279147116,0.4451722506382698,0.527511961722488,0.6463317384370016,836,0.5885167464114832,0.47248803827751196,0.5641791047876976,0.14180495984565575,0.5191387559808612,,0.9246411483253588,,0.49521531100478466,indel,vaf_bin+lc,FD_T_1,lenient,native,union,10-20%,False
,7850,3,178,0.02267515923566879,0.019608042849765653,0.026209212401364236,0.10917197452229299,0.3772823779193206,7850,0.9773248407643312,0.890828025477707,0.10724272643989803,-0.38662812952026887,0.08751592356687898,,0.9504458598726114,,0.09388535031847134,indel,vaf_bin+lc,FD_T_1,lenient,native,union,10-20%,True
,5483,3,3192,0.582163049425497,0.5690553349672685,0.5951557155546205,0.8956775487871603,0.8259468660708857,5483,0.417836950574503,0.10432245121283969,0.7104712995066601,0.031160958104486092,0.6157213204450118,,0.9668064927959147,,0.8953127849717308,indel,vaf_bin+lc,FD_T_1,lenient,native,union,>=20%,False
,21176,3,4234,0.19994333207404608,0.19461105494646014,0.2053844537683822,0.546420476010578,0.5821212693615413,21176,0.8000566679259539,0.453579523989422,0.3722567545897024,-0.09631601893810011,0.23781639591990933,,0.9834246316584813,,0.5251227805062335,indel,vaf_bin+lc,FD_T_1,lenient,native,union,>=20%,True
all,383042,5,81034,0.2115538243847933,0.21026335462287776,0.2128500796375597,0.3081907467066275,0.42854047336845563,383042,0.7884461756152067,0.6507798100469401,0.4916534282826525,0.3252680483064897,0.27953592556429846,0.5000234961179192,0.7468841536959393,0.30425906297481736,0.311999728489304,snv,all,NS_T_1,lenient,native,union,,
,81839,5,0,0.0,0.0,4.6937016753346216e-05,0.003531323696526106,0.20409829054607215,81839,1.0,0.9831254047581226,0.036228819244195166,-0.24154273356321537,0.03869793130414594,0.3089113992106453,0.6452913647527463,0.023619545693373576,0.0039712117694497735,snv,vaf_bin,NS_T_1,lenient,native,union,<5%,
,76289,5,3,3.932414895987626e-05,1.3373847444422046e-05,0.00011562198797751704,0.056115560565743426,0.2354389230426405,76289,0.9999606758510401,0.9136966010827249,0.11411139329722038,-0.139668703833733,0.14374287249800102,0.05203895712356958,0.8474485181349867,0.09281809959496126,0.04114616786168386,snv,vaf_bin,NS_T_1,lenient,native,union,5-10%,
,58076,5,3839,0.06610303739926993,0.06411086117962009,0.06815261037732645,0.13008816034162132,0.30009642537364833,58076,0.9338969626007301,0.8095082305943936,0.26905366164230066,0.07422402486412347,0.2263930022728838,0.31648185136717405,0.6451890626076177,0.17919622563537432,0.1332219849851918,snv,vaf_bin,NS_T_1,lenient,native,union,10-20%,
,166838,5,77192,0.4626763686929836,0.4602847263173762,0.465069729788445,0.6348973255493353,0.6716455483762692,166838,0.5373236313070164,0.31227897721142667,0.7065513291289423,0.460666049226856,0.4782663422002182,0.8625073424519594,0.7861338543976791,0.5821395605317733,0.6491806422997158,snv,vaf_bin,NS_T_1,lenient,native,union,>=20%,
,221662,5,76090,0.34327038463967663,0.34129653811277283,0.34524966340060825,0.48735462099953986,0.5588364266315381,221662,0.6567296153603234,0.47493481065766796,0.6180310796485975,0.43212368041119814,0.42194873275527606,0.7024794506952026,0.7147954994541238,0.4644323339137967,0.49052611633929133,snv,lc,NS_T_1,lenient,native,union,,False
,161380,5,4944,0.030635766513818316,0.02980609713388244,0.03148778067571682,0.06210187135952411,0.24957367703556824,161380,0.9693642334861817,0.8923100755979675,0.18890824666974043,-0.06733581718211139,0.08392613706779031,0.22194200024786218,0.7909592266699715,0.08425455446771594,0.06678646672450118,snv,lc,NS_T_1,lenient,native,union,,True
,32288,5,0,0.0,0.0,0.00011896066149070015,0.007866699702675917,0.20615708622398415,32288,1.0,0.977236124876115,0.0660750536584749,-0.23588795510203808,0.06442021803766106,0.6807482656095144,0.2528183845391477,0.023538156590683847,0.009260406342913776,snv,vaf_bin+lc,NS_T_1,lenient,native,union,<5%,False
,49551,5,0,0.0,6.776263578034403e-21,7.751934437902133e-05,0.0007063429597788137,0.20275675566587958,49551,1.0,0.9869629270852254,0.007404362106687798,-0.24530830365395426,0.02193699420798773,0.06661823172085327,0.901031260721277,0.023672579766301386,0.0005247119129785473,snv,vaf_bin+lc,NS_T_1,lenient,native,union,<5%,True
,34371,5,2,5.818858921765442e-05,1.5957555012099142e-05,0.0002121586627772336,0.11562072677547933,0.2682610340112304,34371,0.9999418114107823,0.8474877076605277,0.16267754849776628,-0.05925276788993785,0.22865206133077304,0.04893660353204737,0.8265107212475633,0.1530068953478223,0.08419888859794594,snv,vaf_bin+lc,NS_T_1,lenient,native,union,5-10%,False
,41918,5,1,2.385610000477122e-05,4.211199848391949e-06,0.00013513045637231864,0.0073238227014647645,0.20852617014170524,41918,0.9999761438999952,0.967985113793597,0.026046820457637426,-0.22919409385009407,0.07412090271482417,0.05458275681091655,0.8646166324729233,0.043465814208693165,0.005844744501168949,snv,vaf_bin+lc,NS_T_1,lenient,native,union,5-10%,True
,23668,5,3635,0.15358289673821193,0.14904577693213705,0.1582324494565534,0.2883217846881866,0.40941355416596253,23668,0.8464171032617881,0.6553574446510055,0.42934689350386224,0.2650952779843776,0.40430116613148553,0.33010816292039885,0.701580192665202,0.3243620077742099,0.28671624133851614,snv,vaf_bin+lc,NS_T_1,lenient,native,union,10-20%,False
,34408,5,204,0.005928853754940711,0.0051710090157689875,0.0067970066835224534,0.021245059288537548,0.22490118577075097,34408,0.9940711462450593,0.9155428970006975,0.06276293053494006,-0.1815723337216741,0.10401650778888631,0.3071088119042083,0.6063996744943037,0.079342013485236,0.02763892118112067,snv,vaf_bin+lc,NS_T_1,lenient,native,union,10-20%,True
,131335,5,72453,0.5516655880001523,0.5489744591658163,0.554353694556744,0.7383865686983667,0.7485133437392927,131335,0.4483344119998477,0.22143373815053108,0.7692994037363874,0.46808285223403273,0.563612136901816,0.9459626146876309,0.8015152091978528,0.6795675181787033,0.7519092397304603,snv,vaf_bin+lc,NS_T_1,lenient,native,union,>=20%,False
,35503,5,4739,0.13348167760470947,0.12998364678647384,0.13705901511341173,0.25206320592625975,0.38729121482691603,35503,0.8665183223952906,0.6483395769371603,0.3894209005384969,0.20544783641127873,0.16254964369208236,0.5537841872517816,0.729234149226826,0.22172774131763512,0.26916035264625526,snv,vaf_bin+lc,NS_T_1,lenient,native,union,>=20%,True
all,62910,3,7766,0.12344619297408997,0.12089866785298226,0.12603970212382873,0.2844539818788746,0.4693000582843215,62910,0.87655380702591,0.7155460181211254,0.2706148262723356,-0.17316116323347247,0.18677475759020823,,0.9539182959783818,,0.2672071212843745,indel,all,NS_T_1,lenient,native,union,,
,19707,3,13,0.0006596640787537424,0.0003855671802382943,0.0011283945084617046,0.01649160196884356,0.3390504220158657,19707,0.9993403359212463,0.9835083980311564,0.008886773268080864,-0.48648161914124993,0.0794134064038159,,0.9366215050489674,,0.0011163545948140255,indel,vaf_bin,NS_T_1,lenient,native,union,<5%,
,9389,3,191,0.02034295452124827,0.017677473637192822,0.023400773079976612,0.056342528490787094,0.3588951610040118,9389,0.9796570454787518,0.9436574715092129,0.0910795373932259,-0.4192410160855932,0.0975609756097561,,0.9447225476621578,,0.03440195974012142,indel,vaf_bin,NS_T_1,lenient,native,union,5-10%,
,8877,3,575,0.06477413540610566,0.059839993492884096,0.07008479619860027,0.1697645600991326,0.41151289850174605,8877,0.9352258645938943,0.8302354399008675,0.1894593008285873,-0.28728542987806294,0.15005069280162217,,0.9339867072209079,,0.15050129548270813,indel,vaf_bin,NS_T_1,lenient,native,union,10-20%,
,24937,3,6987,0.2801860688936119,0.27464634902292345,0.2857935014889054,0.6229297830532943,0.6343719506489688,24937,0.7198139311063881,0.37707021694670567,0.4526200821704136,-0.034464318937915656,0.31828207081846255,,0.9781449252115331,,0.6066888559169106,indel,vaf_bin,NS_T_1,lenient,native,union,>=20%,
,9224,3,3514,0.3809627059843885,0.37110386988489286,0.39092065017219046,0.6169774501300954,0.6659800520381614,9224,0.6190372940156115,0.3830225498699046,0.5360207578854287,0.07239744930890754,0.4787510841283608,,0.9378794449262793,,0.5813096270598439,indel,lc,NS_T_1,lenient,native,union,,False
,53686,3,4252,0.07920128152590993,0.07694690482926711,0.08151587374582109,0.22732183437022688,0.43550770529871224,53686,0.9207987184740901,0.7726781656297731,0.2080441274360152,-0.24850299937553758,0.1366091718511344,,0.9566739932198338,,0.21323995082516858,indel,lc,NS_T_1,lenient,native,union,,True
,1657,3,10,0.006035003017501509,0.0032813938473743864,0.011073654127899015,0.1315630657815329,0.37919935626634477,1657,0.9939649969824985,0.8684369342184671,0.05389249571898814,-0.4074406363297237,0.3047676523838262,,0.823777911888956,,0.009052504526252263,indel,vaf_bin+lc,NS_T_1,lenient,native,union,<5%,False
,18050,3,3,0.0001662049861495845,5.652626754133104e-05,0.0004885908945397514,0.00592797783933518,0.33536472760849495,18050,0.9998337950138504,0.9940720221606648,0.0029784814766720016,-0.495222378830145,0.058725761772853186,,0.9469806094182825,,0.00038781163434903045,indel,vaf_bin+lc,NS_T_1,lenient,native,union,<5%,True
,1196,3,151,0.1262541806020067,0.10861948607974439,0.14628207326568868,0.2391304347826087,0.4551282051282051,1196,0.8737458193979933,0.7608695652173914,0.28295800214002914,-0.1744533698353804,0.2491638795986622,,0.9648829431438127,,0.15133779264214048,indel,vaf_bin+lc,NS_T_1,lenient,native,union,5-10%,False
,8193,3,40,0.004882216526302941,0.0035875822210161413,0.006640925825881798,0.02965946539729037,0.34484722730786443,8193,0.9951177834736971,0.9703405346027096,0.03353372067740825,-0.46819557539819273,0.07543024533138044,,0.9417795679238374,,0.017331868668375442,indel,vaf_bin+lc,NS_T_1,lenient,native,union,5-10%,True
,837,3,368,0.43966547192353644,0.4063912670584956,0.4734909640797553,0.5746714456391876,0.6714456391875747,837,0.5603345280764636,0.4253285543608124,0.5886164913965608,0.15334196053057225,0.5364396654719236,,0.9259259259259259,,0.5519713261648745,indel,vaf_bin+lc,NS_T_1,lenient,native,union,10-20%,False
,8040,3,207,0.025746268656716417,0.0225042899780931,0.02944122149919971,0.12761194029850748,0.384452736318408,8040,0.9742537313432836,0.8723880597014926,0.11324192823908306,-0.37229177925418394,0.10982587064676617,,0.9348258706467661,,0.10870646766169154,indel,vaf_bin+lc,NS_T_1,lenient,native,union,10-20%,True
,5534,3,2985,0.5393928442356343,0.5262375747946518,0.5524934620618723,0.8503794723527286,0.796590772196121,5534,0.4606071557643657,0.1496205276472714,0.6760570823555053,0.05244701592503027,0.5717383447777377,,0.9680159016985905,,0.8500180701120347,indel,vaf_bin+lc,NS_T_1,lenient,native,union,>=20%,False
,19403,3,4002,0.20625676441787352,0.20062195815164524,0.21200785983354847,0.5580580322630521,0.5881049322269752,19403,0.7937432355821264,0.4419419677369479,0.3794779171403507,-0.09223821943639088,0.2459928876977787,,0.981033860743184,,0.5372880482399629,indel,vaf_bin+lc,NS_T_1,lenient,native,union,>=20%,True
all,531100,5,61065,0.11497834682733948,0.11412321396217129,0.1158390493936105,0.24131425343626436,0.35678704575409526,531100,0.8850216531726605,0.7249162116362267,0.35233792303608197,0.17531576783314168,0.2157239691206929,0.5555884014309923,0.5954170589342873,0.16178685746563737,0.2554189418188665,snv,all,NS_380X,lenient,native,union,,
,215502,5,0,0.0,0.0,1.7825311809137944e-05,0.021187738396859425,0.21306066765041623,215502,1.0,0.9561024955684866,0.08075369501262927,-0.21890043807581638,0.15828623400246866,0.29936613117279653,0.5389277129678611,0.030459114068546927,0.038264146040407974,snv,vaf_bin,NS_380X,lenient,native,union,<5%,
,63146,5,2,3.1672631678966205e-05,8.685820980807014e-06,0.00011548644358152688,0.07823140024704653,0.24865232952206,63146,0.9999683273683211,0.8994077217876033,0.19420869523926804,-0.08985935306821916,0.14496563519462832,0.18849966743736737,0.7507522250023755,0.08572197763912204,0.07332214233680677,snv,vaf_bin,NS_380X,lenient,native,union,5-10%,
,43217,5,2481,0.05740796445843071,0.05525389459124186,0.05964070928989669,0.1723858666728371,0.320947775181063,43217,0.9425920355415693,0.772774602586945,0.36144306061050424,0.09851926695657355,0.16542101487840433,0.6016382442094547,0.49596223708262954,0.16039984265451096,0.18131753708031562,snv,vaf_bin,NS_380X,lenient,native,union,10-20%,
,209235,5,58582,0.27998183860252823,0.27806205744848483,0.2819096984737058,0.5314885176954143,0.5448553062346166,209235,0.7200181613974718,0.4242598035701484,0.55490057863112,0.3230678377147558,0.30662652041962385,0.9207589552417139,0.62726121346811,0.3202905823595479,0.5493392596840873,snv,vaf_bin,NS_380X,lenient,native,union,>=20%,
,297476,5,57491,0.19326264975998064,0.19184768047478704,0.19468554105356276,0.394492328792911,0.4539949441299466,297476,0.8067373502400194,0.5702510454624911,0.4677785705658287,0.2775829711099664,0.32294369965980446,0.7446886471513668,0.5274845701838131,0.262864903387164,0.4119929002675846,snv,lc,NS_380X,lenient,native,union,,False
,233624,5,3574,0.015298085813101393,0.014808304287684279,0.015803806898050745,0.04627093106872582,0.23301116323665377,233624,0.9847019141868986,0.9218530630414683,0.12272076764712792,-0.13151594072502262,0.07919991096805122,0.31480498578913124,0.6819162414820396,0.03308307365681608,0.056051604287230765,snv,lc,NS_380X,lenient,native,union,,True
,91990,5,0,0.0,0.0,4.175778247518538e-05,0.04714642895966953,0.2274138493314491,91990,1.0,0.9105446244156974,0.10085993403813587,-0.1889733033584374,0.26386563756930104,0.5168713990651158,0.21651266442004566,0.0583759104250462,0.08144363517773671,snv,vaf_bin+lc,NS_380X,lenient,native,union,<5%,False
,123512,5,0,0.0,0.0,3.110094037593422e-05,0.0018540708595116263,0.20237061985879917,123512,1.0,0.9900333570827126,0.018116899170431203,-0.24518318671424638,0.07965217954530734,0.13737126756914309,0.7790579053047477,0.009667076883217825,0.006104669991579765,snv,vaf_bin+lc,NS_380X,lenient,native,union,<5%,True
,22927,5,1,4.3616696471409256e-05,7.699459424914489e-06,0.0002470429943652895,0.19902298599904042,0.3182448641339905,22927,0.9999563833035285,0.7753740131722423,0.27979143527219863,0.051917888566460124,0.27312775330396477,0.14742443407336328,0.7838792689841672,0.2040389060932525,0.1827539582152048,snv,vaf_bin+lc,NS_380X,lenient,native,union,5-10%,False
,40219,5,1,2.4863870310052462e-05,4.3890971238680045e-06,0.00014083830623286622,0.009373679106889778,0.20898082995599093,40219,0.9999751361296899,0.9701136278873169,0.05148261077804482,-0.22451383856051793,0.07190631293667173,0.21191476665257714,0.7318680225763943,0.01827494467788856,0.010940102936423083,snv,vaf_bin+lc,NS_380X,lenient,native,union,5-10%,True
,16274,5,2344,0.14403342755315227,0.13872279411330166,0.1495120723270679,0.41176109131129407,0.4769571094998157,16274,0.8559665724468477,0.5372987587562984,0.5189892512512619,0.2751225939510587,0.37636721150301095,0.5654418090205235,0.6458154110851665,0.3779648519110237,0.41919626397935356,snv,vaf_bin+lc,NS_380X,lenient,native,union,10-20%,False
,26943,5,137,0.005084808670155513,0.004303208139196858,0.006007516375410266,0.027799428422967003,0.22671565898378057,26943,0.9949151913298445,0.9150057528857217,0.11048040874400625,-0.17452412059478692,0.03800616115503099,0.6235014660579743,0.4054485395093345,0.028987120959061724,0.03763500723750139,snv,vaf_bin+lc,NS_380X,lenient,native,union,10-20%,True
,166285,5,55146,0.331635445169438,0.3293764919352254,0.33390217722390786,0.6119072676429023,0.5958108067474517,166285,0.668364554830562,0.3569413957963737,0.6028699497181149,0.34086326293816466,0.3572661394593619,0.970610698499564,0.6525844183179481,0.37283579396818717,0.6257569834921971,snv,vaf_bin+lc,NS_380X,lenient,native,union,>=20%,False
,42950,5,3436,0.08,0.07747170404880259,0.08260341904379619,0.220139697322468,0.34757625145518045,42950,0.92,0.6848894062863795,0.3009381837826767,0.10371455300349347,0.11057043073341094,0.7277532013969732,0.5292200232828871,0.11685681024447031,0.2534807916181607,snv,vaf_bin+lc,NS_380X,lenient,native,union,>=20%,True
all,66714,3,7472,0.11200047965944179,0.10962971160748589,0.11441592793927222,0.28057079473573765,0.4641904247983932,66714,0.8879995203405582,0.7194292052642624,0.23614049684029928,-0.19010376290374947,0.2609047576220883,,0.8742542794615823,,0.2574122373115088,indel,all,NS_380X,lenient,native,union,,
,29306,3,178,0.006073841534156828,0.005246716248163802,0.007030438485895706,0.024295366136627312,0.34345640255692805,29306,0.9939261584658432,0.9757046338633727,0.025243041412099224,-0.4692566963117453,0.1653927523374053,,0.8432402920903569,,0.021736163243021907,indel,vaf_bin,NS_380X,lenient,native,union,<5%,
,7738,3,333,0.04303437580770225,0.03873498435062387,0.047787254884527085,0.10312742310674593,0.3820539329714827,7738,0.9569656241922978,0.8968725768932541,0.1284423972055192,-0.35113839523357704,0.14822951667097442,,0.8807185319203928,,0.1172137503230809,indel,vaf_bin,NS_380X,lenient,native,union,5-10%,
,5891,3,632,0.10728229502631133,0.09963396127513927,0.1154424691390444,0.26362247496180613,0.4569682566627058,5891,0.8927177049736886,0.7363775250381939,0.22141117853577263,-0.19917245220111957,0.2923103038533356,,0.7979969444915973,,0.2805975216431845,indel,vaf_bin,NS_380X,lenient,native,union,10-20%,
,23779,3,6329,0.2661592161150595,0.26058007336356376,0.27181389986054866,0.6583540098406157,0.6415044086518917,23779,0.7338407838849405,0.34164599015938435,0.44160802250343867,-0.06364603404177195,0.4075024181000042,,0.9292653181378527,,0.5877454897178183,indel,vaf_bin,NS_380X,lenient,native,union,>=20%,
,10389,3,3052,0.2937722591202233,0.2850910864726707,0.3026058858155768,0.5708922899220329,0.621554849680752,10389,0.7062277408797767,0.4291077100779671,0.45132015711705115,-0.0007857536305091669,0.42246606988160557,,0.843873327557994,,0.5983251516026566,indel,lc,NS_380X,lenient,native,union,,False
,56325,3,4420,0.07847314691522414,0.07628097030075606,0.08072281727556041,0.22702174877940523,0.4351649652315431,56325,0.9215268530847759,0.7729782512205947,0.1878161939864175,-0.249715597408685,0.2311051930758988,,0.8798579671549046,,0.19453173546382602,indel,lc,NS_380X,lenient,native,union,,True
,2901,3,128,0.04412271630472251,0.037233036417432745,0.05221813071310815,0.11168562564632885,0.3852694473170171,2901,0.9558772836952775,0.8883143743536711,0.09557928241782583,-0.34533833559568655,0.42537056187521544,,0.6656325405032747,,0.06480523957256118,indel,vaf_bin+lc,NS_380X,lenient,native,union,<5%,False
,26405,3,50,0.0018935807612194661,0.00143672452943828,0.0024953471967150273,0.014694186707063055,0.3388625891560942,26405,0.9981064192387805,0.985305813292937,0.013454351641222906,-0.48504712898150726,0.13683014580571862,,0.8627532664268132,,0.017004355235750803,indel,vaf_bin+lc,NS_380X,lenient,native,union,<5%,True
,842,3,226,0.2684085510688836,0.2395786435735904,0.29934204193672553,0.37767220902612825,0.5486935866983372,842,0.7315914489311164,0.6223277909738717,0.424957597608739,0.015204678362572674,0.34323040380047504,,0.9026128266033254,,0.4002375296912114,indel,vaf_bin+lc,NS_380X,lenient,native,union,5-10%,False
,6896,3,107,0.015516241299303945,0.012857269040288482,0.01871468230392793,0.06960556844547564,0.3617072699149266,6896,0.984483758700696,0.9303944315545244,0.0688221521632753,-0.4213798860403157,0.1244199535962877,,0.8780452436194895,,0.08265661252900232,indel,vaf_bin+lc,NS_380X,lenient,native,union,5-10%,True
,695,3,355,0.5107913669064749,0.47367010803006027,0.5477939877396909,0.6949640287769784,0.735251798561151,695,0.4892086330935252,0.30503597122302156,0.6375371096264439,0.16227062593947614,0.5712230215827339,,0.860431654676259,,0.7741007194244605,indel,vaf_bin+lc,NS_380X,lenient,native,union,10-20%,False
,5196,3,277,0.05331023864511163,0.047525250633160855,0.059755223827152905,0.20592763664357197,0.41974595842956125,5196,0.9466897613548884,0.7940723633564281,0.1457803503845817,-0.2956321860056283,0.25500384911470364,,0.7896458814472671,,0.21458814472671286,indel,vaf_bin+lc,NS_380X,lenient,native,union,10-20%,True
,5951,3,2343,0.39371534195933455,0.3813745547922571,0.40619325725650857,0.8075953621240127,0.7337702346944491,5951,0.6062846580406654,0.19240463787598722,0.5612594825679732,-0.03451936342334197,0.4148882540749454,,0.9205175600739371,,0.8659048899344648,indel,vaf_bin+lc,NS_380X,lenient,native,union,>=20%,False
,17828,3,3986,0.22358088400269238,0.21752487499768494,0.22975598924953308,0.6085371326004039,0.6107060055343654,17828,0.7764191159973076,0.3914628673995961,0.3981893402917775,-0.0885918285380446,0.4050370204173211,,0.932185326452771,,0.49489566973300425,indel,vaf_bin+lc,NS_380X,lenient,native,union,>=20%,True
