all,n,K,n_all_agree,all_agree,all_agree_lo,all_agree_hi,majority,mean_frac_callers,detected,detected_discord,singleton,jaccard,fleiss_kappa,rate_TNscope,rate_lancet,rate_muTect2,rate_somaticSniper,rate_strelka,vtype,grouping,purity,denom,callerset,vaf_bin,lc
all,39446,5,29645,0.7515337423312883,0.7472450194846536,0.7557734785925554,0.9549764234649901,0.9117679866146124,38878,0.2374864962189413,0.010977031891700045,0.8860474016087135,0.3155112476208845,0.9047305176697257,0.936216599908736,0.9349236931501292,0.8179029559397658,0.9650661664047052,snv,all,1.0,truth,native,,
,1292,5,5,0.003869969040247678,0.0016541179030834905,0.009027326749328555,0.5743034055727554,0.4504643962848297,1033,0.995159728944821,0.08591331269349846,0.316431957746139,0.13391413774744693,0.1780185758513932,0.6354489164086687,0.7693498452012384,0.0046439628482972135,0.6648606811145511,snv,vaf_bin,1.0,truth,native,<5%,
,3853,5,231,0.05995328315598235,0.05288649620228348,0.0678966533760594,0.7786140669608097,0.6208149493900856,3592,0.9356904231625836,0.056579288865818846,0.4605038789872767,0.08126766955331381,0.5027251492343628,0.8017129509473138,0.8912535686478069,0.06773942382559045,0.8406436542953543,snv,vaf_bin,1.0,truth,native,5-10%,
,6271,5,3627,0.578376654441078,0.5661101758896294,0.5905471685948553,0.9540743103173338,0.8755860309360548,6225,0.41734939759036144,0.012757136022962846,0.805425851027327,0.14116186929036165,0.9016105884228991,0.9240950406633711,0.9357359272843246,0.6443948333599107,0.9720937649497687,snv,vaf_bin,1.0,truth,native,10-20%,
,28030,5,25782,0.9198002140563681,0.9165628055524202,0.9229225726669517,0.9969675347841598,0.9811202283267928,28028,0.080134151562723,0.0008562254727078131,0.9660198161821139,0.08495391973535314,0.9941848019978594,0.9712807706029254,0.9483767392079915,0.9973242953977881,0.9944345344273993,snv,vaf_bin,1.0,truth,native,>=20%,
,1242,5,5,0.004025764895330112,0.0017207548728286532,0.009389373725553653,0.5756843800322061,0.4510466988727858,989,0.9949443882709808,0.08293075684380032,0.3197093445860816,0.13892798417025992,0.1819645732689211,0.6384863123993558,0.7665056360708534,0.004830917874396135,0.6634460547504025,snv,vaf_bin+lc,1.0,truth,native,<5%,False
,50,5,0,0.0,6.938893903907228e-18,0.07134759913335872,0.54,0.43600000000000005,44,1.0,0.16,0.2366329172463896,0.007742859001886983,0.08,0.56,0.84,0.0,0.7,snv,vaf_bin+lc,1.0,truth,native,<5%,True
,3638,5,216,0.05937328202308961,0.0521487645476727,0.0675273563787525,0.78587135788895,0.6238042880703684,3393,0.9363395225464191,0.05387575590984057,0.46243060948263953,0.0782892476374101,0.5016492578339747,0.8128092358438702,0.8930731170973062,0.06679494227597581,0.8446948873007146,snv,vaf_bin+lc,1.0,truth,native,5-10%,False
,215,5,15,0.06976744186046512,0.04273253685552896,0.11190662065631085,0.6558139534883721,0.5702325581395349,199,0.9246231155778895,0.10232558139534884,0.4266477997939543,0.11936893992358905,0.5209302325581395,0.6139534883720931,0.8604651162790697,0.08372093023255814,0.772093023255814,snv,vaf_bin+lc,1.0,truth,native,5-10%,True
,5910,5,3470,0.5871404399323181,0.5745353931001951,0.5996322789911357,0.9590524534686972,0.8806429780033842,5870,0.4088586030664395,0.011336717428087987,0.8108279673639333,0.13217131720765962,0.9060913705583756,0.9346869712351946,0.9414551607445009,0.6470389170896785,0.9739424703891709,snv,vaf_bin+lc,1.0,truth,native,10-20%,False
,361,5,157,0.43490304709141275,0.3847147837633488,0.4864621374343632,0.8725761772853186,0.7927977839335181,355,0.5577464788732395,0.036011080332409975,0.7125845179947442,0.19731910297948016,0.8282548476454293,0.7506925207756233,0.8421052631578947,0.6011080332409973,0.9418282548476454,snv,vaf_bin+lc,1.0,truth,native,10-20%,True
,26268,5,24440,0.9304096238769606,0.9272691379062266,0.9334242411796194,0.9986295111923252,0.9845210902999847,26267,0.06955495488635931,0.0004948987361047662,0.9710776965301433,0.05222569968324792,0.9963834323130806,0.9784909395462159,0.9535937262067915,0.9976777828536623,0.9964595705801736,snv,vaf_bin+lc,1.0,truth,native,>=20%,False
,1762,5,1342,0.7616345062429057,0.7411840167230148,0.7809466623333889,0.9721906923950057,0.9304199772985244,1761,0.23793299261783077,0.006242905788876277,0.8893179891024617,0.16103770905720577,0.9614074914869466,0.8637911464245176,0.8706015891032917,0.9920544835414302,0.9642451759364359,snv,vaf_bin+lc,1.0,truth,native,>=20%,True
all,1625,4,1148,0.7064615384615385,0.6838543358939059,0.7280949034665746,0.8633846153846154,0.8613846153846154,1552,0.2603092783505155,0.03446153846153846,0.8556448181537039,0.43951066257867893,0.8295384615384616,0.8910769230769231,0.8178461538461539,,0.9070769230769231,indel,all,1.0,truth,native,,
,102,4,38,0.37254901960784315,0.2849497607818803,0.4693998080005515,0.5,0.571078431372549,79,0.5189873417721519,0.13725490196078433,0.6747389261289342,0.543053341508277,0.46078431372549017,0.6568627450980392,0.6666666666666666,,0.5,indel,vaf_bin,1.0,truth,native,<5%,
,287,4,179,0.6236933797909407,0.5663585849107851,0.6777606692281923,0.8222996515679443,0.8292682926829268,273,0.3443223443223443,0.0313588850174216,0.8028563920566532,0.3642456982793116,0.6898954703832753,0.8954703832752613,0.8780487804878049,,0.8536585365853658,indel,vaf_bin,1.0,truth,native,5-10%,
,422,4,319,0.7559241706161137,0.712753487240162,0.7944775385932092,0.8957345971563981,0.8868483412322274,405,0.2123456790123457,0.023696682464454975,0.8844717542810256,0.45883622976027644,0.8436018957345972,0.9146919431279621,0.8649289099526066,,0.9241706161137441,indel,vaf_bin,1.0,truth,native,10-20%,
,814,4,612,0.7518427518427518,0.7210328769918327,0.7802867804772434,0.9066339066339066,0.8958845208845209,795,0.23018867924528302,0.028255528255528257,0.8745174084412373,0.36012437179535167,0.9176904176904177,0.9066339066339066,0.7911547911547911,,0.9680589680589681,indel,vaf_bin,1.0,truth,native,>=20%,
,89,4,36,0.4044943820224719,0.3085343968169969,0.5083577522730738,0.4943820224719101,0.5646067415730337,66,0.45454545454545453,0.12359550561797752,0.7186840552733108,0.6152998448617127,0.47191011235955055,0.6404494382022472,0.6404494382022472,,0.5056179775280899,indel,vaf_bin+lc,1.0,truth,native,<5%,False
,13,4,2,0.15384615384615385,0.043258178358081184,0.4223463101948254,0.5384615384615384,0.6153846153846154,13,0.8461538461538461,0.23076923076923078,0.44486531986531985,0.024999999999999894,0.38461538461538464,0.7692307692307693,0.8461538461538461,,0.46153846153846156,indel,vaf_bin+lc,1.0,truth,native,<5%,True
,255,4,167,0.6549019607843137,0.5946425229003536,0.7105636073692385,0.8549019607843137,0.8519607843137255,246,0.32113821138211385,0.03137254901960784,0.8192840782753992,0.33409033752733946,0.7137254901960784,0.9176470588235294,0.8980392156862745,,0.8784313725490196,indel,vaf_bin+lc,1.0,truth,native,5-10%,False
,32,4,12,0.375,0.22933887309454212,0.5474559264692255,0.5625,0.6484375,27,0.5555555555555556,0.03125,0.6500252525252526,0.3945560017849173,0.5,0.71875,0.71875,,0.65625,indel,vaf_bin+lc,1.0,truth,native,5-10%,True
,342,4,285,0.8333333333333334,0.7901792317133285,0.8690823871147644,0.9707602339181286,0.9488304093567251,342,0.16666666666666666,0.008771929824561403,0.9125253997822934,0.10666960158485617,0.9152046783625731,0.97953216374269,0.9210526315789473,,0.97953216374269,indel,vaf_bin+lc,1.0,truth,native,10-20%,False
,80,4,34,0.425,0.3225656178960177,0.5343071015343113,0.575,0.621875,63,0.4603174603174603,0.0875,0.7201007869045951,0.570303307169456,0.5375,0.6375,0.625,,0.6875,indel,vaf_bin+lc,1.0,truth,native,10-20%,True
,556,4,492,0.8848920863309353,0.8556824183178023,0.9088197335978166,0.9910071942446043,0.9689748201438849,556,0.11510791366906475,0.0,0.9408096778724976,0.01783740766894185,0.9928057553956835,0.9658273381294964,0.9172661870503597,,1.0,indel,vaf_bin+lc,1.0,truth,native,>=20%,False
,258,4,120,0.46511627906976744,0.4052116442137428,0.5260444674766287,0.7248062015503876,0.7383720930232558,239,0.497907949790795,0.08914728682170543,0.7076643241054609,0.35460289686011465,0.7558139534883721,0.7790697674418605,0.5193798449612403,,0.8992248062015504,indel,vaf_bin+lc,1.0,truth,native,>=20%,True
all,39446,4,32873,0.8333671348172185,0.8296572727210358,0.8370120731482746,0.9491963697206307,0.935234244283324,38867,0.15421823140453342,0.012269938650306749,0.9180338101510097,0.34000607955497497,0.9047305176697257,0.936216599908736,0.9349236931501292,,0.9650661664047052,snv,all,1.0,truth,shared4,,
,1292,4,207,0.16021671826625386,0.14122715026567878,0.1812208282092181,0.5743034055727554,0.5619195046439629,1033,0.7996127783155856,0.08591331269349846,0.5198548020752669,0.30356082508347193,0.1780185758513932,0.6354489164086687,0.7693498452012384,,0.6648606811145511,snv,vaf_bin,1.0,truth,shared4,<5%,
,3853,4,1738,0.45107708279262915,0.43542162745284,0.4668299937182114,0.7780949909161692,0.7590838307812094,3592,0.5161469933184856,0.057357902932779654,0.7074749995947501,0.29808458741036237,0.5027251492343628,0.8017129509473138,0.8912535686478069,,0.8406436542953543,snv,vaf_bin,1.0,truth,shared4,5-10%,
,6271,4,5115,0.8156593844681869,0.8058699281409734,0.8250623473565597,0.9468984213044171,0.9333838303300909,6224,0.17818123393316196,0.01403284962525913,0.9044076215114769,0.2466424523420598,0.9016105884228991,0.9240950406633711,0.9357359272843246,,0.9720937649497687,snv,vaf_bin,1.0,truth,shared4,10-20%,
,28030,4,25813,0.9209061719586158,0.9176887060792551,0.9240082848472471,0.9905101676774885,0.9770692115590439,28018,0.07869940752373474,0.0022832679272208347,0.9594126384359335,0.09701721709717631,0.9941848019978594,0.9712807706029254,0.9483767392079915,,0.9944345344273993,snv,vaf_bin,1.0,truth,shared4,>=20%,
,1242,4,205,0.16505636070853463,0.14544931990537557,0.18672894875846707,0.5756843800322061,0.5626006441223832,989,0.7927199191102123,0.08293075684380032,0.5251105782781399,0.312082996146396,0.1819645732689211,0.6384863123993558,0.7665056360708534,,0.6634460547504025,snv,vaf_bin+lc,1.0,truth,shared4,<5%,False
,50,4,2,0.04,0.011038884327619805,0.1346009068750702,0.54,0.545,44,0.9545454545454546,0.16,0.39438819541064934,0.09265046879725768,0.08,0.56,0.84,,0.7,snv,vaf_bin+lc,1.0,truth,shared4,<5%,True
,3638,4,1659,0.4560197910940077,0.4398901217523881,0.4722422421579226,0.7853216052776251,0.7630566245189665,3393,0.51105216622458,0.054425508521165476,0.7115872506902182,0.298117384453196,0.5016492578339747,0.8128092358438702,0.8930731170973062,,0.8446948873007146,snv,vaf_bin+lc,1.0,truth,shared4,5-10%,False
,215,4,79,0.3674418604651163,0.3058518198833036,0.4336856502689929,0.6558139534883721,0.6918604651162791,199,0.6030150753768844,0.10697674418604651,0.6343051174115666,0.28185613868188725,0.5209302325581395,0.6139534883720931,0.8604651162790697,,0.772093023255814,snv,vaf_bin+lc,1.0,truth,shared4,5-10%,True
,5910,4,4898,0.8287648054145516,0.818947676836711,0.8381548219466981,0.9532994923857868,0.9390439932318105,5870,0.165587734241908,0.012351945854483926,0.9116131196131199,0.2415298136448484,0.9060913705583756,0.9346869712351946,0.9414551607445009,,0.9739424703891709,snv,vaf_bin+lc,1.0,truth,shared4,10-20%,False
,361,4,217,0.6011080332409973,0.5497863614823489,0.6503005481467369,0.8421052631578947,0.8407202216066482,354,0.3870056497175141,0.04155124653739612,0.781113335812175,0.23116300169519896,0.8282548476454293,0.7506925207756233,0.8421052631578947,,0.9418282548476454,snv,vaf_bin+lc,1.0,truth,shared4,10-20%,True
,26268,4,24469,0.9315136287498097,0.9283956669388407,0.9345053990383452,0.9948225978376732,0.9812319171615654,26264,0.06834450197989643,0.001104004872849094,0.9651255508077282,0.05460288854831028,0.9963834323130806,0.9784909395462159,0.9535937262067915,,0.9964595705801736,snv,vaf_bin+lc,1.0,truth,shared4,>=20%,False
,1762,4,1344,0.7627695800227015,0.7423491426082282,0.7820467454679433,0.9262202043132803,0.9150113507377979,1754,0.233751425313569,0.019863791146424517,0.8722289318706391,0.19903928369787707,0.9614074914869466,0.8637911464245176,0.8706015891032917,,0.9642451759364359,snv,vaf_bin+lc,1.0,truth,shared4,>=20%,True
all,1625,4,1148,0.7064615384615385,0.6838543358939059,0.7280949034665746,0.8633846153846154,0.8613846153846154,1552,0.2603092783505155,0.03446153846153846,0.8556448181537039,0.43951066257867893,0.8295384615384616,0.8910769230769231,0.8178461538461539,,0.9070769230769231,indel,all,1.0,truth,shared4,,
,102,4,38,0.37254901960784315,0.2849497607818803,0.4693998080005515,0.5,0.571078431372549,79,0.5189873417721519,0.13725490196078433,0.6747389261289342,0.543053341508277,0.46078431372549017,0.6568627450980392,0.6666666666666666,,0.5,indel,vaf_bin,1.0,truth,shared4,<5%,
,287,4,179,0.6236933797909407,0.5663585849107851,0.6777606692281923,0.8222996515679443,0.8292682926829268,273,0.3443223443223443,0.0313588850174216,0.8028563920566532,0.3642456982793116,0.6898954703832753,0.8954703832752613,0.8780487804878049,,0.8536585365853658,indel,vaf_bin,1.0,truth,shared4,5-10%,
,422,4,319,0.7559241706161137,0.712753487240162,0.7944775385932092,0.8957345971563981,0.8868483412322274,405,0.2123456790123457,0.023696682464454975,0.8844717542810256,0.45883622976027644,0.8436018957345972,0.9146919431279621,0.8649289099526066,,0.9241706161137441,indel,vaf_bin,1.0,truth,shared4,10-20%,
,814,4,612,0.7518427518427518,0.7210328769918327,0.7802867804772434,0.9066339066339066,0.8958845208845209,795,0.23018867924528302,0.028255528255528257,0.8745174084412373,0.36012437179535167,0.9176904176904177,0.9066339066339066,0.7911547911547911,,0.9680589680589681,indel,vaf_bin,1.0,truth,shared4,>=20%,
,89,4,36,0.4044943820224719,0.3085343968169969,0.5083577522730738,0.4943820224719101,0.5646067415730337,66,0.45454545454545453,0.12359550561797752,0.7186840552733108,0.6152998448617127,0.47191011235955055,0.6404494382022472,0.6404494382022472,,0.5056179775280899,indel,vaf_bin+lc,1.0,truth,shared4,<5%,False
,13,4,2,0.15384615384615385,0.043258178358081184,0.4223463101948254,0.5384615384615384,0.6153846153846154,13,0.8461538461538461,0.23076923076923078,0.44486531986531985,0.024999999999999894,0.38461538461538464,0.7692307692307693,0.8461538461538461,,0.46153846153846156,indel,vaf_bin+lc,1.0,truth,shared4,<5%,True
,255,4,167,0.6549019607843137,0.5946425229003536,0.7105636073692385,0.8549019607843137,0.8519607843137255,246,0.32113821138211385,0.03137254901960784,0.8192840782753992,0.33409033752733946,0.7137254901960784,0.9176470588235294,0.8980392156862745,,0.8784313725490196,indel,vaf_bin+lc,1.0,truth,shared4,5-10%,False
,32,4,12,0.375,0.22933887309454212,0.5474559264692255,0.5625,0.6484375,27,0.5555555555555556,0.03125,0.6500252525252526,0.3945560017849173,0.5,0.71875,0.71875,,0.65625,indel,vaf_bin+lc,1.0,truth,shared4,5-10%,True
,342,4,285,0.8333333333333334,0.7901792317133285,0.8690823871147644,0.9707602339181286,0.9488304093567251,342,0.16666666666666666,0.008771929824561403,0.9125253997822934,0.10666960158485617,0.9152046783625731,0.97953216374269,0.9210526315789473,,0.97953216374269,indel,vaf_bin+lc,1.0,truth,shared4,10-20%,False
,80,4,34,0.425,0.3225656178960177,0.5343071015343113,0.575,0.621875,63,0.4603174603174603,0.0875,0.7201007869045951,0.570303307169456,0.5375,0.6375,0.625,,0.6875,indel,vaf_bin+lc,1.0,truth,shared4,10-20%,True
,556,4,492,0.8848920863309353,0.8556824183178023,0.9088197335978166,0.9910071942446043,0.9689748201438849,556,0.11510791366906475,0.0,0.9408096778724976,0.01783740766894185,0.9928057553956835,0.9658273381294964,0.9172661870503597,,1.0,indel,vaf_bin+lc,1.0,truth,shared4,>=20%,False
,258,4,120,0.46511627906976744,0.4052116442137428,0.5260444674766287,0.7248062015503876,0.7383720930232558,239,0.497907949790795,0.08914728682170543,0.7076643241054609,0.35460289686011465,0.7558139534883721,0.7790697674418605,0.5193798449612403,,0.8992248062015504,indel,vaf_bin+lc,1.0,truth,shared4,>=20%,True
all,209002,5,80998,0.38754653065520905,0.38545993838767284,0.38963725663851817,0.5873197385670951,0.6294437373805035,209002,0.612453469344791,0.3696950268418484,0.6769759809299781,0.4370004492356081,0.5889273786853715,0.5675878699725362,0.4930287748442599,0.8856470273011742,0.6120276360991761,snv,all,1.0,union,native,,
,10710,5,0,0.0,0.0,0.00035855102350160835,0.16358543417366947,0.2956302521008404,10710,1.0,0.6892623716153128,0.11566650192447832,-0.10785003451738746,0.012605042016806723,0.32016806722689073,0.634547152194211,0.2564892623716153,0.25434173669467786,snv,vaf_bin,1.0,union,native,<5%,
,7572,5,0,0.0,0.0,0.0005070669498002024,0.5157157950343371,0.4788695192815637,7572,1.0,0.3711040676175383,0.311904181302598,0.04663327228673672,0.3116745905969361,0.5785789751716851,0.8460116217643951,0.04397781299524564,0.6141045958795562,snv,vaf_bin,1.0,union,native,5-10%,
,22571,5,4128,0.1828895485357317,0.1779004347989779,0.1879865847793287,0.3059235301936113,0.4195206238093128,22571,0.8171104514642683,0.6705950112976828,0.5594244157897157,0.3083855094464306,0.3142084976297018,0.300031013247087,0.32918346550883876,0.8191927694829648,0.3349873731779717,snv,vaf_bin,1.0,union,native,10-20%,
,168149,5,76870,0.45715407168642097,0.454774016426836,0.4595360845801181,0.6553057110063099,0.6856644999375554,168149,0.542845928313579,0.30888676114636426,0.7279143861607297,0.46547459698794486,0.6749965804137996,0.6187666890674343,0.49011293555120755,0.972542209587925,0.6719040850674105,snv,vaf_bin,1.0,union,native,>=20%,
,6976,5,0,0.0,0.0,0.0005503647673600846,0.24440940366972477,0.34056766055045873,6976,1.0,0.5474483944954128,0.12223712080788236,-0.0894379872634184,0.007884174311926605,0.4701834862385321,0.8545011467889908,0.0,0.37026949541284404,snv,vaf_bin+lc,1.0,union,native,<5%,False
,3734,5,0,0.0,0.0,0.0010277211762497074,0.012587038028923407,0.2116764863417247,3734,1.0,0.9542046063202999,0.04453977425228664,-0.22598483404330724,0.021424745581146223,0.039903588644884844,0.22362078200321373,0.7356722013926085,0.03776111408677022,snv,vaf_bin+lc,1.0,union,native,<5%,True
,5900,5,0,0.0,5.421010862427522e-20,0.0006506710668787955,0.6335593220338983,0.5403389830508474,5900,1.0,0.24271186440677966,0.34255245756003166,0.015012510039491821,0.3708474576271186,0.7071186440677966,0.8996610169491526,0.000847457627118644,0.7232203389830508,snv,vaf_bin+lc,1.0,union,native,5-10%,False
,1672,5,0,0.0,0.0,0.0022922567051166026,0.09988038277511961,0.2619617224880383,1672,1.0,0.8241626794258373,0.11864847559136842,-0.10777439814095299,0.10287081339712918,0.125,0.6566985645933014,0.19617224880382775,0.229066985645933,snv,vaf_bin+lc,1.0,union,native,5-10%,True
,8686,5,3922,0.45153119963159105,0.44108946458674697,0.4620157872190473,0.7428045130094405,0.7317982961086806,8686,0.548468800368409,0.22162099930923324,0.7306593693513376,0.39418017991385007,0.7455675800138153,0.7324430117430347,0.7456827078056643,0.6747639880267097,0.7605341929541791,snv,vaf_bin+lc,1.0,union,native,10-20%,False
,13885,5,206,0.014836154123154484,0.012955250763907968,0.016985436517578462,0.03262513503781059,0.22416996759092545,13885,0.9851638458768455,0.9514584083543393,0.22025828254186863,-0.14653152464688912,0.04436442203817069,0.029528267915016206,0.06863521786100107,0.9095426719481455,0.06877925819229384,snv,vaf_bin+lc,1.0,union,native,10-20%,True
,120543,5,72654,0.6027226798735721,0.5999570727820335,0.6054817400504026,0.8435993794745443,0.8261085255883792,120543,0.3972773201264279,0.1288253984055482,0.8134951322542147,0.4064294429113275,0.8564744530997237,0.8046423268045427,0.6360302962428345,0.9844039056602208,0.8489916461345743,snv,vaf_bin+lc,1.0,union,native,>=20%,False
,47606,5,4216,0.0885602655127505,0.0860412325065413,0.09114569356455532,0.17852791664916187,0.330046632777381,47606,0.9114397344872495,0.7648195605595933,0.3923905196661247,0.13615629975109908,0.2154770407091543,0.14811158257362517,0.12063605427887242,0.9425072469856741,0.22350123933957905,snv,vaf_bin+lc,1.0,union,native,>=20%,True
all,28792,4,6065,0.21064879133092526,0.20597748382276754,0.2153972996220092,0.42963323145318144,0.5619703389830508,28792,0.7893512086690747,0.3924006668519033,0.4492302745336299,0.1380866551614803,0.758335648791331,0.5086482356210058,0.378160600166713,,0.6027368713531537,indel,all,1.0,union,native,,
,1359,4,2,0.0014716703458425313,0.00040367790685183393,0.00535007926713344,0.013245033112582781,0.2744665194996321,1359,0.9985283296541575,0.9168506254598969,0.04176128097424797,-0.2828377445089157,0.01177336276674025,0.16409124356144222,0.9072847682119205,,0.014716703458425313,indel,vaf_bin,1.0,union,native,<5%,
,1113,4,82,0.07367475292003593,0.059749894862847416,0.09053236543032157,0.1752021563342318,0.3834231805929919,1113,0.9263252470799641,0.7151841868823001,0.2537583512510348,-0.018213869174714948,0.23809523809523808,0.3288409703504043,0.7601078167115903,,0.20664869721473494,indel,vaf_bin,1.0,union,native,5-10%,
,1322,4,283,0.2140695915279879,0.19280388645316826,0.2369921913731769,0.31316187594553707,0.48714069591527986,1322,0.7859304084720121,0.5786686838124054,0.41604004364140085,0.17746905097809287,0.6316187594553706,0.4092284417549168,0.5075642965204236,,0.4001512859304085,indel,vaf_bin,1.0,union,native,10-20%,
,24998,4,5698,0.2279382350588047,0.22277994800397988,0.23318012508090918,0.4697575806064485,0.5895071605728458,24998,0.7720617649411953,0.3396671733738699,0.4698129051202389,0.1367493117112173,0.8287863029042324,0.5406432514601168,0.32554604368349466,,0.6630530442435395,indel,vaf_bin,1.0,union,native,>=20%,
,690,4,2,0.002898550724637681,0.0007952473753676534,0.010506266422931555,0.021739130434782608,0.29384057971014493,690,0.9971014492753624,0.8492753623188406,0.060166114997630936,-0.2531387622347671,0.010144927536231883,0.2855072463768116,0.855072463768116,,0.02463768115942029,indel,vaf_bin+lc,1.0,union,native,<5%,False
,669,4,0,0.0,4.336808689942018e-19,0.005709307549845614,0.004484304932735426,0.25448430493273544,669,1.0,0.9865470852017937,0.019097336771755378,-0.321656564318285,0.013452914798206279,0.03886397608370702,0.9611360239162929,,0.004484304932735426,indel,vaf_bin+lc,1.0,union,native,<5%,True
,511,4,80,0.15655577299412915,0.12762517695743658,0.19061154623885096,0.3522504892367906,0.514187866927593,511,0.8434442270058709,0.4520547945205479,0.3875993822755916,0.0905919616829383,0.40313111545988256,0.6046966731898239,0.6731898238747553,,0.37573385518590996,indel,vaf_bin+lc,1.0,union,native,5-10%,False
,602,4,2,0.0033222591362126247,0.000911556580246475,0.012031530602921846,0.024916943521594685,0.2724252491694352,602,0.9966777408637874,0.9385382059800664,0.05316467954656031,-0.27246445409659564,0.09800664451827243,0.0946843853820598,0.8338870431893688,,0.06312292358803986,indel,vaf_bin+lc,1.0,union,native,5-10%,True
,593,4,255,0.4300168634064081,0.39074628781916076,0.4701883058265275,0.6020236087689713,0.6867622259696459,593,0.5699831365935919,0.28499156829679595,0.6445367130065985,0.2938300614066327,0.8026981450252951,0.6964586846543002,0.6323777403035413,,0.6155143338954469,indel,vaf_bin+lc,1.0,union,native,10-20%,False
,729,4,28,0.038408779149519894,0.026705516567143844,0.05495124302311244,0.07818930041152264,0.3247599451303155,729,0.9615912208504801,0.8175582990397805,0.13503626283708473,-0.13586783100035754,0.4924554183813443,0.1755829903978052,0.4060356652949246,,0.22496570644718794,indel,vaf_bin+lc,1.0,union,native,10-20%,True
,6608,4,3243,0.4907687651331719,0.47872424371492595,0.5028240131875075,0.7907082324455206,0.7870006053268765,6608,0.5092312348668281,0.13347457627118645,0.7068952977717945,0.20285517019729127,0.9408292978208233,0.8203692493946732,0.5441888619854721,,0.8426150121065376,indel,vaf_bin+lc,1.0,union,native,>=20%,False
,18390,4,2455,0.13349646547036434,0.12865731679177034,0.13848869889079285,0.35443175638934205,0.5185426862425231,18390,0.8665035345296357,0.4137574768896139,0.3644452471625981,0.054926426724052964,0.78852637302882,0.4401305057096248,0.2469820554649266,,0.598531810766721,indel,vaf_bin+lc,1.0,union,native,>=20%,True
all,144588,4,84593,0.585062384153595,0.5825205035367437,0.5875997449629299,0.8130342767034608,0.8172756383655628,144588,0.414937615846405,0.12899410739480455,0.7663149109084714,0.27301354747143164,0.851294713254212,0.8204484466207431,0.7126732508921902,,0.8846861426951061,snv,all,1.0,union,shared4,,
,8011,4,41,0.005117962801148421,0.003775057952010407,0.006935254817335981,0.21844963175633503,0.4083135688428411,8011,0.9948820371988516,0.5903133191861191,0.1903227845196128,-0.09546333955516689,0.016851828735488704,0.42803644988141304,0.8483335413806017,,0.34003245537386095,snv,vaf_bin,1.0,union,shared4,<5%,
,7262,4,1891,0.26039658496282014,0.250431746742638,0.27061478039080245,0.5373175433764803,0.6126755714679152,7262,0.7396034150371799,0.3470118424676398,0.5183660982539876,0.18020810916337313,0.32497934453318644,0.60327733406775,0.8821261360506747,,0.6403194712200496,snv,vaf_bin,1.0,union,shared4,5-10%,
,9128,4,5778,0.6329973707274321,0.6230556326387888,0.6428272137672588,0.7391542506573181,0.7902881244522348,9128,0.36700262927256794,0.2109991235758107,0.7846419632059815,0.4213303581431026,0.7769500438212095,0.7418930762489044,0.8139789658194566,,0.828330411919369,snv,vaf_bin,1.0,union,shared4,10-20%,
,120187,4,76883,0.639694808922762,0.636976188979269,0.6424044992032386,0.8749365571983658,0.8589468910947108,120187,0.36030519107723796,0.07884380174228493,0.8013397752548458,0.22474281942796945,0.9443617030128051,0.865692628986496,0.6856981204289981,,0.9400351119505438,snv,vaf_bin,1.0,union,shared4,>=20%,
,6976,4,41,0.005877293577981652,0.004335515896916661,0.007962966715781221,0.24440940366972477,0.4257095756880734,6976,0.9941227064220184,0.5474483944954128,0.20372853467980392,-0.08751163939982959,0.007884174311926605,0.4701834862385321,0.8545011467889908,,0.37026949541284404,snv,vaf_bin+lc,1.0,union,shared4,<5%,False
,1035,4,0,0.0,0.0,0.0036978297199025895,0.043478260869565216,0.29106280193236717,1035,1.0,0.8792270531400966,0.07127590006533004,-0.24277746753659898,0.07729468599033816,0.14396135265700483,0.8067632850241546,,0.13623188405797101,snv,vaf_bin+lc,1.0,union,shared4,<5%,True
,5897,4,1834,0.31100559606579614,0.29931708892974984,0.322940174622375,0.6335424792267255,0.6755553671358318,5897,0.6889944039342039,0.2423266067491945,0.5706982266983152,0.1669286293941017,0.37103612006104797,0.7074783788366966,0.9001187044259793,,0.7235882652196032,snv,vaf_bin+lc,1.0,union,shared4,5-10%,False
,1365,4,57,0.041758241758241756,0.03236955419664641,0.05371890992849688,0.12161172161172161,0.34102564102564104,1365,0.9582417582417583,0.7992673992673993,0.1902276231474258,-0.09534536730932405,0.126007326007326,0.15311355311355312,0.8043956043956044,,0.2805860805860806,snv,vaf_bin+lc,1.0,union,shared4,5-10%,True
,7439,4,5488,0.7377335663395618,0.7276170213056804,0.7476047094767501,0.8525339427342384,0.8711184298964915,7439,0.2622664336604382,0.10579378948783438,0.8535124550434374,0.3850662313118311,0.8705471165479232,0.855222476139266,0.8706815432181745,,0.8880225836806023,snv,vaf_bin+lc,1.0,union,shared4,10-20%,False
,1689,4,290,0.17169923031379514,0.1544641569389679,0.19042428833069316,0.23978685612788633,0.4342806394316163,1689,0.8283007696862048,0.6743635287152161,0.3516861105980918,0.1280182147842094,0.36471284783895797,0.2427471876850207,0.5642391947898164,,0.5654233274126702,snv,vaf_bin+lc,1.0,union,shared4,10-20%,True
,106607,4,72660,0.6815687525209414,0.6787657330292183,0.6843586872479934,0.919920830714681,0.8893529505567177,106607,0.3184312474790586,0.044077781008751774,0.8288805675423653,0.16052505389512847,0.9684354685902427,0.9098276848612192,0.7191741630474546,,0.9599744857279541,snv,vaf_bin+lc,1.0,union,shared4,>=20%,False
,13580,4,4223,0.3109720176730486,0.30324105666916296,0.31880989146920585,0.5217967599410899,0.6202503681885125,13580,0.6890279823269514,0.3517673048600884,0.5426500018423336,0.2239388607514692,0.7553755522827688,0.519219440353461,0.42290132547864506,,0.7835051546391752,snv,vaf_bin+lc,1.0,union,shared4,>=20%,True
all,28792,4,6065,0.21064879133092526,0.20597748382276754,0.2153972996220092,0.42963323145318144,0.5619703389830508,28792,0.7893512086690747,0.3924006668519033,0.4492302745336299,0.1380866551614803,0.758335648791331,0.5086482356210058,0.378160600166713,,0.6027368713531537,indel,all,1.0,union,shared4,,
,1359,4,2,0.0014716703458425313,0.00040367790685183393,0.00535007926713344,0.013245033112582781,0.2744665194996321,1359,0.9985283296541575,0.9168506254598969,0.04176128097424797,-0.2828377445089157,0.01177336276674025,0.16409124356144222,0.9072847682119205,,0.014716703458425313,indel,vaf_bin,1.0,union,shared4,<5%,
,1113,4,82,0.07367475292003593,0.059749894862847416,0.09053236543032157,0.1752021563342318,0.3834231805929919,1113,0.9263252470799641,0.7151841868823001,0.2537583512510348,-0.018213869174714948,0.23809523809523808,0.3288409703504043,0.7601078167115903,,0.20664869721473494,indel,vaf_bin,1.0,union,shared4,5-10%,
,1322,4,283,0.2140695915279879,0.19280388645316826,0.2369921913731769,0.31316187594553707,0.48714069591527986,1322,0.7859304084720121,0.5786686838124054,0.41604004364140085,0.17746905097809287,0.6316187594553706,0.4092284417549168,0.5075642965204236,,0.4001512859304085,indel,vaf_bin,1.0,union,shared4,10-20%,
,24998,4,5698,0.2279382350588047,0.22277994800397988,0.23318012508090918,0.4697575806064485,0.5895071605728458,24998,0.7720617649411953,0.3396671733738699,0.4698129051202389,0.1367493117112173,0.8287863029042324,0.5406432514601168,0.32554604368349466,,0.6630530442435395,indel,vaf_bin,1.0,union,shared4,>=20%,
,690,4,2,0.002898550724637681,0.0007952473753676534,0.010506266422931555,0.021739130434782608,0.29384057971014493,690,0.9971014492753624,0.8492753623188406,0.060166114997630936,-0.2531387622347671,0.010144927536231883,0.2855072463768116,0.855072463768116,,0.02463768115942029,indel,vaf_bin+lc,1.0,union,shared4,<5%,False
,669,4,0,0.0,4.336808689942018e-19,0.005709307549845614,0.004484304932735426,0.25448430493273544,669,1.0,0.9865470852017937,0.019097336771755378,-0.321656564318285,0.013452914798206279,0.03886397608370702,0.9611360239162929,,0.004484304932735426,indel,vaf_bin+lc,1.0,union,shared4,<5%,True
,511,4,80,0.15655577299412915,0.12762517695743658,0.19061154623885096,0.3522504892367906,0.514187866927593,511,0.8434442270058709,0.4520547945205479,0.3875993822755916,0.0905919616829383,0.40313111545988256,0.6046966731898239,0.6731898238747553,,0.37573385518590996,indel,vaf_bin+lc,1.0,union,shared4,5-10%,False
,602,4,2,0.0033222591362126247,0.000911556580246475,0.012031530602921846,0.024916943521594685,0.2724252491694352,602,0.9966777408637874,0.9385382059800664,0.05316467954656031,-0.27246445409659564,0.09800664451827243,0.0946843853820598,0.8338870431893688,,0.06312292358803986,indel,vaf_bin+lc,1.0,union,shared4,5-10%,True
,593,4,255,0.4300168634064081,0.39074628781916076,0.4701883058265275,0.6020236087689713,0.6867622259696459,593,0.5699831365935919,0.28499156829679595,0.6445367130065985,0.2938300614066327,0.8026981450252951,0.6964586846543002,0.6323777403035413,,0.6155143338954469,indel,vaf_bin+lc,1.0,union,shared4,10-20%,False
,729,4,28,0.038408779149519894,0.026705516567143844,0.05495124302311244,0.07818930041152264,0.3247599451303155,729,0.9615912208504801,0.8175582990397805,0.13503626283708473,-0.13586783100035754,0.4924554183813443,0.1755829903978052,0.4060356652949246,,0.22496570644718794,indel,vaf_bin+lc,1.0,union,shared4,10-20%,True
,6608,4,3243,0.4907687651331719,0.47872424371492595,0.5028240131875075,0.7907082324455206,0.7870006053268765,6608,0.5092312348668281,0.13347457627118645,0.7068952977717945,0.20285517019729127,0.9408292978208233,0.8203692493946732,0.5441888619854721,,0.8426150121065376,indel,vaf_bin+lc,1.0,union,shared4,>=20%,False
,18390,4,2455,0.13349646547036434,0.12865731679177034,0.13848869889079285,0.35443175638934205,0.5185426862425231,18390,0.8665035345296357,0.4137574768896139,0.3644452471625981,0.054926426724052964,0.78852637302882,0.4401305057096248,0.2469820554649266,,0.598531810766721,indel,vaf_bin+lc,1.0,union,shared4,>=20%,True
all,79272,5,29662,0.3741800383489757,0.3708175821845506,0.37755468819542565,0.47841608638611366,0.559080129175497,79272,0.6258199616510243,0.5016146937127863,0.6794965764051175,0.4703628818811519,0.45516701988091635,0.48294479765869414,0.5176354828943385,0.8372060752850944,0.5024472701584418,snv,all,1.0,union_hc,native,,
,4312,5,0,0.0,0.0,0.0008900833956360867,0.16883116883116883,0.2967068645640074,4312,1.0,0.6931818181818182,0.09609410417993167,-0.10169754418225425,0.009508348794063079,0.37940630797773656,0.801948051948052,0.0,0.29267161410018555,snv,vaf_bin,1.0,union_hc,native,<5%,
,5221,5,0,0.0,5.421010862427522e-20,0.0007352297387337732,0.5993104769201303,0.5229266424056693,5221,1.0,0.3114345910745068,0.34604276084041297,0.05328627884054078,0.375407010151312,0.643746408733959,0.8952307986975675,0.0003830683777054204,0.6998659260678031,snv,vaf_bin,1.0,union_hc,native,5-10%,
,17186,5,3755,0.21849179564762017,0.21237711598988324,0.22473229405444767,0.3491795647620156,0.4512044687536367,17186,0.7815082043523799,0.6402886070057023,0.617068302793789,0.3562334730993613,0.3465611544280228,0.34144070755265915,0.3577912254160363,0.8417898289305249,0.3684394274409403,snv,vaf_bin,1.0,union_hc,native,10-20%,
,52553,5,25907,0.49296900272106253,0.48869526065700536,0.4972437725975137,0.5340703670580176,0.619477479877457,52553,0.5070309972789374,0.45944094533137975,0.777892708305227,0.5652427611549042,0.5351740148041025,0.521739957756931,0.5090670370863699,0.9875363918330067,0.543869997906875,snv,vaf_bin,1.0,union_hc,native,>=20%,
,3694,5,0,0.0,0.0,0.001038838160984661,0.19112073632918244,0.3089334055224689,3694,1.0,0.6556578234975636,0.10386898911957936,-0.09377449150218005,0.011099079588521927,0.4288034650785057,0.7839740119112074,0.0,0.32079047103410935,snv,vaf_bin+lc,1.0,union_hc,native,<5%,False
,618,5,0,0.0,4.336808689942018e-19,0.006177553404012898,0.03559870550161812,0.22362459546925567,618,1.0,0.9174757281553398,0.04335084005658253,-0.19949581018140158,0.0,0.08414239482200647,0.9093851132686084,0.0,0.12459546925566344,snv,vaf_bin+lc,1.0,union_hc,native,<5%,True
,4284,5,0,0.0,0.0,0.0008958957222617696,0.7009803921568627,0.5771708683473389,4284,1.0,0.20144724556489263,0.37851987223927186,0.011561413321872712,0.4351073762838469,0.7549019607843137,0.9126984126984127,0.0,0.7831465919701214,snv,vaf_bin+lc,1.0,union_hc,native,5-10%,False
,937,5,0,0.0,0.0,0.004083003342039407,0.1344717182497332,0.2749199573105656,937,1.0,0.8143009605122732,0.13224625359187425,-0.06916874498324296,0.10245464247598719,0.13553895410885805,0.8153681963713981,0.0021344717182497333,0.31910352187833513,snv,vaf_bin+lc,1.0,union_hc,native,5-10%,True
,7049,5,3577,0.5074478649453823,0.4957760379328372,0.5191115787267832,0.8028089090651156,0.777784082848631,7049,0.4925521350546177,0.18087672010214215,0.7737874803971783,0.39556159039236627,0.7886224996453398,0.7893318201163285,0.7898992764931196,0.7074762377642219,0.8135905802241453,snv,vaf_bin+lc,1.0,union_hc,native,10-20%,False
,10137,5,178,0.017559435730492255,0.015179319841137018,0.020305058874565837,0.033737792246226694,0.22410969714905787,10137,0.9824405642695078,0.9597514057413435,0.29919753712025,-0.13645931390894941,0.03916346058991812,0.029989148663312617,0.05731478741244944,0.9351879254217224,0.05889316365788695,snv,vaf_bin+lc,1.0,union_hc,native,10-20%,True
,31370,5,24569,0.7832005100414409,0.7786060700982713,0.7877255990191732,0.8398469875677399,0.8605674211029646,31370,0.21679948995855913,0.15562639464456487,0.9074406012758948,0.6311756003344972,0.8389544150462225,0.8248645202422696,0.8022951864839019,0.9944532993305706,0.8422696844118585,snv,vaf_bin+lc,1.0,union_hc,native,>=20%,False
,21183,5,1338,0.06316385781050843,0.05996657804840738,0.06651954608809049,0.08124439408960014,0.2624463012793278,21183,0.9368361421894916,0.9093612802719162,0.47714136224115766,0.02508465895357548,0.0853042534107539,0.07284142944814238,0.07482415144219422,0.977293112401454,0.10196855969409432,snv,vaf_bin+lc,1.0,union_hc,native,>=20%,True
all,5560,4,1245,0.2239208633093525,0.21315611499309908,0.23506683982655277,0.30953237410071943,0.48322841726618704,5560,0.7760791366906474,0.6005395683453237,0.42848639308812003,0.19303689446897085,0.4807553956834532,0.44010791366906477,0.6616906474820143,,0.35035971223021584,indel,all,1.0,union_hc,native,,
,1183,4,2,0.0016906170752324597,0.0004637506776849283,0.006143247049278365,0.01014370245139476,0.27176669484361793,1183,0.9983093829247676,0.9247675401521556,0.047647566003042895,-0.28847444704899733,0.006762468300929839,0.1437024513947591,0.926458157227388,,0.01014370245139476,indel,vaf_bin,1.0,union_hc,native,<5%,
,902,4,77,0.08536585365853659,0.06884296179322182,0.1054054757050865,0.18736141906873613,0.38802660753880264,902,0.9146341463414634,0.720620842572062,0.2758433611670327,0.0047808833678398615,0.2361419068736142,0.3392461197339246,0.7871396895787139,,0.18957871396895787,indel,vaf_bin,1.0,union_hc,native,5-10%,
,856,4,248,0.2897196261682243,0.2603235846357379,0.32099458011785054,0.40420560747663553,0.5470210280373832,856,0.7102803738317757,0.5058411214953271,0.5061484731261594,0.2531299522700279,0.6670560747663551,0.4976635514018692,0.6121495327102804,,0.411214953271028,indel,vaf_bin,1.0,union_hc,native,10-20%,
,2619,4,918,0.35051546391752575,0.33247311862218165,0.3689956844704536,0.4558991981672394,0.5906834669721268,2619,0.6494845360824743,0.4436807941962581,0.5531271726025206,0.2938128322511552,0.718213058419244,0.5899198167239404,0.51508209240168,,0.5395189003436426,indel,vaf_bin,1.0,union_hc,native,>=20%,
,587,4,2,0.0034071550255536627,0.0009348626068385246,0.01233681747523543,0.017035775127768313,0.28960817717206133,587,0.9965928449744463,0.8620102214650767,0.06211782885991695,-0.2600061127568538,0.010221465076660987,0.252129471890971,0.8756388415672913,,0.020442930153321975,indel,vaf_bin+lc,1.0,union_hc,native,<5%,False
,596,4,0,0.0,4.336808689942018e-19,0.006404123563327127,0.003355704697986577,0.25419463087248323,596,1.0,0.9865771812080537,0.017961389302979285,-0.3231316382481895,0.003355704697986577,0.03691275167785235,0.9765100671140939,,0.0,indel,vaf_bin+lc,1.0,union_hc,native,<5%,True
,407,4,75,0.18427518427518427,0.14962116419554794,0.2248333985506038,0.3808353808353808,0.5313267813267813,407,0.8157248157248157,0.4398034398034398,0.4164264842831136,0.12103778563979002,0.4348894348894349,0.6388206388206388,0.6756756756756757,,0.3759213759213759,indel,vaf_bin+lc,1.0,union_hc,native,5-10%,False
,495,4,2,0.00404040404040404,0.0011087247106925865,0.01461061593760083,0.028282828282828285,0.2702020202020202,495,0.9959595959595959,0.9515151515151515,0.06688102746926276,-0.27120913236102534,0.07272727272727272,0.09292929292929293,0.8787878787878788,,0.03636363636363636,indel,vaf_bin+lc,1.0,union_hc,native,5-10%,True
,453,4,229,0.5055187637969095,0.4596255496704068,0.5513191662774565,0.6644591611479028,0.7317880794701986,453,0.49448123620309054,0.24282560706401765,0.700235352614143,0.330800886356442,0.8145695364238411,0.7748344370860927,0.6843267108167771,,0.6534216335540839,indel,vaf_bin+lc,1.0,union_hc,native,10-20%,False
,403,4,19,0.04714640198511166,0.030387603674103647,0.07245702514514057,0.11166253101736973,0.3393300248138958,403,0.9528535980148883,0.8014888337468983,0.17637916593599692,-0.09485742404865916,0.5012406947890818,0.18610421836228289,0.5310173697270472,,0.13895781637717122,indel,vaf_bin+lc,1.0,union_hc,native,10-20%,True
,1153,4,759,0.6582827406764961,0.6304213799118117,0.6850929001279853,0.7944492627927147,0.8271899392888118,1153,0.3417172593235039,0.14397224631396358,0.8028554102076639,0.3664713624102614,0.9098005203816132,0.8508239375542064,0.7458803122289679,,0.8022549869904597,indel,vaf_bin+lc,1.0,union_hc,native,>=20%,False
,1466,4,159,0.10845839017735334,0.09355178835087691,0.12541159500539265,0.18963165075034105,0.40467257844474763,1466,0.8915416098226466,0.679399727148704,0.2681582331024082,0.029526168246974956,0.567530695770805,0.38472032742155526,0.33356070941336974,,0.3328785811732606,indel,vaf_bin+lc,1.0,union_hc,native,>=20%,True
all,45556,4,32903,0.7222539292299587,0.7181224574430768,0.7263479215485397,0.8262358416015454,0.8518636403547283,45556,0.27774607077004126,0.1410352094125911,0.8451781830938697,0.4281417019472564,0.7920361752568268,0.8403722890508385,0.9007375537799631,,0.8743085433312846,snv,all,1.0,union_hc,shared4,,
,4312,4,34,0.007884972170686457,0.005648148234600805,0.01099784293679983,0.16883116883116883,0.37088358070500926,4312,0.9921150278293135,0.6931818181818182,0.1601568402998861,-0.11228235676569465,0.009508348794063079,0.37940630797773656,0.801948051948052,,0.29267161410018555,snv,vaf_bin,1.0,union_hc,shared4,<5%,
,5219,4,1706,0.32688254454876414,0.3142878063446918,0.3397319424362685,0.5995401417896149,0.6538129909944433,5219,0.6731174554512359,0.3111707223606055,0.5767379347340217,0.2236506533203466,0.37555087181452385,0.6439931021268442,0.8955738647250431,,0.7001341253113623,snv,vaf_bin,1.0,union_hc,shared4,5-10%,
,7001,4,5255,0.7506070561348379,0.7403366407279451,0.7606026054531899,0.8478788744465077,0.8679117268961577,7001,0.24939294386516211,0.12683902299671476,0.8622226453195192,0.4377657238352447,0.8507356091986858,0.8381659762891016,0.8783030995572061,,0.9044422225396372,snv,vaf_bin,1.0,union_hc,shared4,10-20%,
,29024,4,25908,0.8926405733186329,0.8890270107517373,0.896150214097484,0.9594473539140022,0.9550630512679162,29024,0.10735942668136715,0.031835722160970234,0.9438608693657534,0.35769347411135066,0.9690256339581036,0.9447009371554576,0.9217544101433297,,0.984771223814774,snv,vaf_bin,1.0,union_hc,shared4,>=20%,
,3694,4,34,0.009204114780725501,0.006594110995726959,0.012833833555364101,0.19112073632918244,0.3861667569030861,3694,0.9907958852192745,0.6556578234975636,0.17311498186596563,-0.09882397466035442,0.011099079588521927,0.4288034650785057,0.7839740119112074,,0.32079047103410935,snv,vaf_bin+lc,1.0,union_hc,shared4,<5%,False
,618,4,0,0.0,4.336808689942018e-19,0.006177553404012898,0.03559870550161812,0.2795307443365696,618,1.0,0.9174757281553398,0.06502626008487379,-0.26076912513579986,0.0,0.08414239482200647,0.9093851132686084,,0.12459546925566344,snv,vaf_bin+lc,1.0,union_hc,shared4,<5%,True
,4284,4,1655,0.38632119514472457,0.37184885827802144,0.40099722072139116,0.7009803921568627,0.7214635854341737,4284,0.6136788048552755,0.20144724556489263,0.6308664537321197,0.1960805576827876,0.4351073762838469,0.7549019607843137,0.9126984126984127,,0.7831465919701214,snv,vaf_bin+lc,1.0,union_hc,shared4,5-10%,False
,935,4,51,0.05454545454545454,0.0417280338712668,0.07100820910807992,0.13475935828877006,0.34385026737967916,935,0.9454545454545454,0.813903743315508,0.22041042265312374,-0.06659264526383434,0.10267379679144385,0.1358288770053476,0.8171122994652407,,0.31978609625668447,snv,vaf_bin+lc,1.0,union_hc,shared4,5-10%,True
,6082,4,5001,0.8222624136797106,0.81245216973952,0.8316658255326757,0.9220651101611312,0.921818480762907,6082,0.17773758632028938,0.05705360078921407,0.9047603978442176,0.35930295218086816,0.9140085498191385,0.9148306478132193,0.9154883262084841,,0.9429463992107859,snv,vaf_bin+lc,1.0,union_hc,shared4,10-20%,False
,919,4,254,0.2763873775843308,0.2484498054629287,0.3061865883926098,0.35690968443960824,0.5111534276387377,919,0.7236126224156693,0.588683351468988,0.4834204311483332,0.2578824483160342,0.4319912948857454,0.3307943416757345,0.6322089227421109,,0.6496191512513602,snv,vaf_bin+lc,1.0,union_hc,shared4,10-20%,True
,26645,4,24569,0.9220866954400451,0.9188071680619735,0.92524453432657,0.9836367048226684,0.9737661850253331,26645,0.07791330455995496,0.010658660161381122,0.9598156810786295,0.21889832744218746,0.9877275286170013,0.9711390504785138,0.944567461062113,,0.9916306999437042,snv,vaf_bin+lc,1.0,union_hc,shared4,>=20%,False
,2379,4,1339,0.5628415300546448,0.5428234628698732,0.5826569793530767,0.6885245901639344,0.7455863808322825,2379,0.4371584699453552,0.26902059688944935,0.7425486309397399,0.4051921188776034,0.7595628415300546,0.6485918453131568,0.6662463219840269,,0.9079445145018915,snv,vaf_bin+lc,1.0,union_hc,shared4,>=20%,True
all,5560,4,1245,0.2239208633093525,0.21315611499309908,0.23506683982655277,0.30953237410071943,0.48322841726618704,5560,0.7760791366906474,0.6005395683453237,0.42848639308812003,0.19303689446897085,0.4807553956834532,0.44010791366906477,0.6616906474820143,,0.35035971223021584,indel,all,1.0,union_hc,shared4,,
,1183,4,2,0.0016906170752324597,0.0004637506776849283,0.006143247049278365,0.01014370245139476,0.27176669484361793,1183,0.9983093829247676,0.9247675401521556,0.047647566003042895,-0.28847444704899733,0.006762468300929839,0.1437024513947591,0.926458157227388,,0.01014370245139476,indel,vaf_bin,1.0,union_hc,shared4,<5%,
,902,4,77,0.08536585365853659,0.06884296179322182,0.1054054757050865,0.18736141906873613,0.38802660753880264,902,0.9146341463414634,0.720620842572062,0.2758433611670327,0.0047808833678398615,0.2361419068736142,0.3392461197339246,0.7871396895787139,,0.18957871396895787,indel,vaf_bin,1.0,union_hc,shared4,5-10%,
,856,4,248,0.2897196261682243,0.2603235846357379,0.32099458011785054,0.40420560747663553,0.5470210280373832,856,0.7102803738317757,0.5058411214953271,0.5061484731261594,0.2531299522700279,0.6670560747663551,0.4976635514018692,0.6121495327102804,,0.411214953271028,indel,vaf_bin,1.0,union_hc,shared4,10-20%,
,2619,4,918,0.35051546391752575,0.33247311862218165,0.3689956844704536,0.4558991981672394,0.5906834669721268,2619,0.6494845360824743,0.4436807941962581,0.5531271726025206,0.2938128322511552,0.718213058419244,0.5899198167239404,0.51508209240168,,0.5395189003436426,indel,vaf_bin,1.0,union_hc,shared4,>=20%,
,587,4,2,0.0034071550255536627,0.0009348626068385246,0.01233681747523543,0.017035775127768313,0.28960817717206133,587,0.9965928449744463,0.8620102214650767,0.06211782885991695,-0.2600061127568538,0.010221465076660987,0.252129471890971,0.8756388415672913,,0.020442930153321975,indel,vaf_bin+lc,1.0,union_hc,shared4,<5%,False
,596,4,0,0.0,4.336808689942018e-19,0.006404123563327127,0.003355704697986577,0.25419463087248323,596,1.0,0.9865771812080537,0.017961389302979285,-0.3231316382481895,0.003355704697986577,0.03691275167785235,0.9765100671140939,,0.0,indel,vaf_bin+lc,1.0,union_hc,shared4,<5%,True
,407,4,75,0.18427518427518427,0.14962116419554794,0.2248333985506038,0.3808353808353808,0.5313267813267813,407,0.8157248157248157,0.4398034398034398,0.4164264842831136,0.12103778563979002,0.4348894348894349,0.6388206388206388,0.6756756756756757,,0.3759213759213759,indel,vaf_bin+lc,1.0,union_hc,shared4,5-10%,False
,495,4,2,0.00404040404040404,0.0011087247106925865,0.01461061593760083,0.028282828282828285,0.2702020202020202,495,0.9959595959595959,0.9515151515151515,0.06688102746926276,-0.27120913236102534,0.07272727272727272,0.09292929292929293,0.8787878787878788,,0.03636363636363636,indel,vaf_bin+lc,1.0,union_hc,shared4,5-10%,True
,453,4,229,0.5055187637969095,0.4596255496704068,0.5513191662774565,0.6644591611479028,0.7317880794701986,453,0.49448123620309054,0.24282560706401765,0.700235352614143,0.330800886356442,0.8145695364238411,0.7748344370860927,0.6843267108167771,,0.6534216335540839,indel,vaf_bin+lc,1.0,union_hc,shared4,10-20%,False
,403,4,19,0.04714640198511166,0.030387603674103647,0.07245702514514057,0.11166253101736973,0.3393300248138958,403,0.9528535980148883,0.8014888337468983,0.17637916593599692,-0.09485742404865916,0.5012406947890818,0.18610421836228289,0.5310173697270472,,0.13895781637717122,indel,vaf_bin+lc,1.0,union_hc,shared4,10-20%,True
,1153,4,759,0.6582827406764961,0.6304213799118117,0.6850929001279853,0.7944492627927147,0.8271899392888118,1153,0.3417172593235039,0.14397224631396358,0.8028554102076639,0.3664713624102614,0.9098005203816132,0.8508239375542064,0.7458803122289679,,0.8022549869904597,indel,vaf_bin+lc,1.0,union_hc,shared4,>=20%,False
,1466,4,159,0.10845839017735334,0.09355178835087691,0.12541159500539265,0.18963165075034105,0.40467257844474763,1466,0.8915416098226466,0.679399727148704,0.2681582331024082,0.029526168246974956,0.567530695770805,0.38472032742155526,0.33356070941336974,,0.3328785811732606,indel,vaf_bin+lc,1.0,union_hc,shared4,>=20%,True
all,39446,5,27849,0.7060031435380013,0.701487310107599,0.7104788575375734,0.9345687775693353,0.8904679815443899,38327,0.27338429827536725,0.015312072199969579,0.8726231661287432,0.380977475413164,0.9090402068650814,0.9111189981240176,0.9270901992597474,0.7649698321756325,0.94012067129747,snv,all,0.75,truth,native,,
,2841,5,3,0.0010559662090813093,0.0003591873378946469,0.003100217681031723,0.5022879267863428,0.42189369940161914,2053,0.9985387238188017,0.10242872228088701,0.3685474390891427,0.2619619585408501,0.3108060542062654,0.54839845124956,0.698345652939106,0.0014079549454417458,0.5505103836677226,snv,vaf_bin,0.75,truth,native,<5%,
,4901,5,388,0.07916751683329933,0.07193379657444432,0.08706042686131113,0.8137114874515405,0.6736176290552949,4608,0.9157986111111112,0.04917363803305448,0.5319929209398588,0.10433113897302686,0.7418894103244236,0.7910630483574781,0.9032850438685982,0.08732911650683534,0.8445215262191389,snv,vaf_bin,0.75,truth,native,5-10%,
,8054,5,5567,0.691209336975416,0.6810304532063536,0.7012059081988973,0.9771542090886516,0.9181028060591011,8023,0.306119905272342,0.006580581077725354,0.8648552759075102,0.11820162269226117,0.9692078470325304,0.9389123416935684,0.9408989322075987,0.7638440526446486,0.9776508567171591,snv,vaf_bin,0.75,truth,native,10-20%,
,23650,5,21891,0.9256236786469345,0.9222101068258851,0.9288990051992413,0.9970401691331924,0.9822832980972516,23643,0.07410227128536988,0.0008033826638477801,0.9685394219532298,0.09834546444349555,0.9950528541226216,0.9701057082452431,0.9547991543340381,0.9975052854122621,0.9939534883720931,snv,vaf_bin,0.75,truth,native,>=20%,
,2710,5,3,0.001107011070110701,0.0003765534891573372,0.0032498406720442357,0.5044280442804429,0.423690036900369,1960,0.9984693877551021,0.1003690036900369,0.37035128301250203,0.2626780755277056,0.3092250922509225,0.5542435424354244,0.7018450184501845,0.0014760147601476014,0.551660516605166,snv,vaf_bin+lc,0.75,truth,native,<5%,False
,131,5,0,0.0,0.0,0.028488707065994576,0.4580152671755725,0.3847328244274809,93,1.0,0.1450381679389313,0.32947280562042947,0.24216688329591549,0.3435114503816794,0.42748091603053434,0.6259541984732825,0.0,0.5267175572519084,snv,vaf_bin+lc,0.75,truth,native,<5%,True
,4618,5,372,0.08055435253356431,0.0730492383240844,0.08875671401845069,0.8226504980511044,0.6789086184495453,4347,0.9144237405106971,0.04569077522737116,0.5363340947160434,0.0996196722503088,0.7442615851017756,0.8038111736682546,0.9077522737115634,0.08834993503681247,0.8503681247293201,snv,vaf_bin+lc,0.75,truth,native,5-10%,False
,283,5,16,0.05653710247349823,0.03509681529198202,0.08985534109451432,0.6678445229681979,0.5872791519434629,261,0.9386973180076629,0.10600706713780919,0.45536227039669724,0.14424257784811167,0.7031802120141343,0.5830388692579506,0.8303886925795053,0.0706713780918728,0.7491166077738516,snv,vaf_bin+lc,0.75,truth,native,5-10%,True
,7557,5,5305,0.7019981474129946,0.6915854382668291,0.7122055969807469,0.9833267169511711,0.9243615191213446,7536,0.2960456475583864,0.005028450443297605,0.8708981004587628,0.09096938725522942,0.9747254201402673,0.9517004102156941,0.9465396321291518,0.7664417096731507,0.9824004234484583,snv,vaf_bin+lc,0.75,truth,native,10-20%,False
,497,5,262,0.5271629778672032,0.4832295112143594,0.5706797639154901,0.8832997987927566,0.8229376257545272,487,0.4620123203285421,0.030181086519114688,0.7669631029039056,0.2584768837519451,0.8853118712273642,0.744466800804829,0.8551307847082495,0.7243460764587525,0.9054325955734407,snv,vaf_bin+lc,0.75,truth,native,10-20%,True
,22173,5,20747,0.9356875479186398,0.9323826190274742,0.9388415377523094,0.998872502593244,0.9857664727371127,22170,0.06418583671628326,0.0004509989627023858,0.9734152741089304,0.05370451493035693,0.9972940062237857,0.9769990529021784,0.9601767915933793,0.99810580435665,0.9962567086095702,snv,vaf_bin+lc,0.75,truth,native,>=20%,False
,1477,5,1144,0.7745429925524713,0.7525351224109109,0.7951264757765553,0.969532836831415,0.9299932295192959,1473,0.22335369993211135,0.006093432633716994,0.8938919320241171,0.20238183079884925,0.9614082599864591,0.8666215301286392,0.8740690589031821,0.988490182802979,0.95937711577522,snv,vaf_bin+lc,0.75,truth,native,>=20%,True
all,1625,4,1078,0.6633846153846154,0.640047340026605,0.6859512383644754,0.8196923076923077,0.8278461538461539,1522,0.29172141918528255,0.04492307692307692,0.8350331478008856,0.4786043436518021,0.7686153846153846,0.8756923076923077,0.8061538461538461,,0.8609230769230769,indel,all,0.75,truth,native,,
,196,4,78,0.3979591836734694,0.332028626610804,0.4678127064336589,0.5510204081632653,0.6122448979591837,157,0.5031847133757962,0.10204081632653061,0.6879318573458324,0.5236111111111109,0.4744897959183674,0.7244897959183674,0.7142857142857143,,0.5357142857142857,indel,vaf_bin,0.75,truth,native,<5%,
,347,4,204,0.5878962536023055,0.5354202336082164,0.6384474734895799,0.7953890489913544,0.7968299711815562,323,0.3684210526315789,0.05763688760806916,0.7912404860687751,0.43036692188321585,0.659942363112392,0.8703170028818443,0.8443804034582133,,0.8126801152737753,indel,vaf_bin,0.75,truth,native,5-10%,
,478,4,358,0.7489539748953975,0.7082014899380777,0.7857369116733246,0.8807531380753139,0.8786610878661087,456,0.2149122807017544,0.02301255230125523,0.8811156434938395,0.48000821018062373,0.8326359832635983,0.9100418410041841,0.8535564853556485,,0.9184100418410042,indel,vaf_bin,0.75,truth,native,10-20%,
,604,4,438,0.7251655629139073,0.6882239469597435,0.7592611596463801,0.8725165562913907,0.8754139072847682,586,0.2525597269624573,0.03642384105960265,0.8585792435604591,0.3915233958776755,0.8758278145695364,0.9006622516556292,0.7764900662251656,,0.9486754966887417,indel,vaf_bin,0.75,truth,native,>=20%,
,177,4,75,0.423728813559322,0.35331018743794074,0.4973877654757728,0.576271186440678,0.635593220338983,145,0.4827586206896552,0.096045197740113,0.7024330120035414,0.5202756244616709,0.4971751412429379,0.7457627118644068,0.7457627118644068,,0.5536723163841808,indel,vaf_bin+lc,0.75,truth,native,<5%,False
,19,4,3,0.15789473684210525,0.05520471638534141,0.37565475270329074,0.3157894736842105,0.39473684210526316,12,0.75,0.15789473684210525,0.49831649831649827,0.44927536231884047,0.2631578947368421,0.5263157894736842,0.42105263157894735,,0.3684210526315789,indel,vaf_bin+lc,0.75,truth,native,<5%,True
,295,4,191,0.6474576271186441,0.5913614513612184,0.6997628134691185,0.864406779661017,0.8542372881355932,288,0.3368055555555556,0.04745762711864407,0.8129582900277227,0.2967115786883227,0.7152542372881356,0.9254237288135593,0.8983050847457628,,0.8779661016949153,indel,vaf_bin+lc,0.75,truth,native,5-10%,False
,52,4,13,0.25,0.15233153863595772,0.3820645794259735,0.40384615384615385,0.47115384615384615,35,0.6285714285714286,0.11538461538461539,0.59417728753449,0.5240568954854671,0.34615384615384615,0.5576923076923077,0.5384615384615384,,0.4423076923076923,indel,vaf_bin+lc,0.75,truth,native,5-10%,True
,372,4,316,0.8494623655913979,0.8095618392662577,0.8822192133505066,0.967741935483871,0.9536290322580645,372,0.15053763440860216,0.002688172043010753,0.9191787287797272,0.09321730959749132,0.9193548387096774,0.978494623655914,0.9274193548387096,,0.989247311827957,indel,vaf_bin+lc,0.75,truth,native,10-20%,False
,106,4,42,0.39622641509433965,0.30831473858285496,0.4913965886682431,0.5754716981132075,0.6155660377358491,84,0.5,0.09433962264150944,0.6980033115307087,0.5382240713317507,0.5283018867924528,0.6698113207547169,0.5943396226415094,,0.6698113207547169,indel,vaf_bin+lc,0.75,truth,native,10-20%,True
,398,4,351,0.8819095477386935,0.8464951515912048,0.9100221099481228,0.9949748743718593,0.9692211055276382,398,0.11809045226130653,0.0,0.9400516894235486,-0.0036813169856428725,0.9874371859296482,0.964824120603015,0.9246231155778895,,1.0,indel,vaf_bin+lc,0.75,truth,native,>=20%,False
,206,4,87,0.4223300970873786,0.3569073176378995,0.49059660184569753,0.6359223300970874,0.6941747572815534,188,0.5372340425531915,0.10679611650485436,0.6676463726560321,0.35594035594035583,0.6601941747572816,0.7766990291262136,0.49029126213592233,,0.8495145631067961,indel,vaf_bin+lc,0.75,truth,native,>=20%,True
all,39446,4,32820,0.832023525832784,0.8283019780367352,0.8356804115336344,0.9290168838412006,0.9218425188865791,38318,0.1434834803486612,0.016478223394006997,0.9229196710770915,0.4864018742881794,0.9090402068650814,0.9111189981240176,0.9270901992597474,,0.94012067129747,snv,all,0.75,truth,shared4,,
,2841,4,748,0.26328757479760645,0.24742015531320324,0.27979427140653435,0.5019359380499824,0.5270151355156635,2053,0.6356551388212373,0.10242872228088701,0.6124918648902251,0.4997716588940188,0.3108060542062654,0.54839845124956,0.698345652939106,,0.5505103836677226,snv,vaf_bin,0.75,truth,shared4,<5%,
,4901,4,3122,0.6370128545194859,0.6234478994351312,0.650363193395361,0.8126912874923485,0.8201897571924097,4608,0.3224826388888889,0.04937767802489288,0.8174166124497654,0.4418635763694535,0.7418894103244236,0.7910630483574781,0.9032850438685982,,0.8445215262191389,snv,vaf_bin,0.75,truth,shared4,5-10%,
,8054,4,7036,0.8736031785448225,0.8661674402200045,0.8806826970971383,0.969704494661038,0.9566674944127141,8021,0.12280264306196235,0.008443009684628756,0.9351814977800031,0.22676104961674806,0.9692078470325304,0.9389123416935684,0.9408989322075987,,0.9776508567171591,snv,vaf_bin,0.75,truth,shared4,10-20%,
,23650,4,21914,0.9265961945031712,0.9232026451513655,0.9298511827069198,0.9905708245243129,0.9784778012684989,23636,0.0728549669994923,0.002071881606765328,0.9623494711310778,0.10884929203269827,0.9950528541226216,0.9701057082452431,0.9547991543340381,,0.9939534883720931,snv,vaf_bin,0.75,truth,shared4,>=20%,
,2710,4,723,0.26678966789667896,0.25047645369063926,0.2837631033432952,0.5040590405904058,0.5292435424354244,1960,0.6311224489795918,0.1003690036900369,0.6154152514905188,0.5022333093807624,0.3092250922509225,0.5542435424354244,0.7018450184501845,,0.551660516605166,snv,vaf_bin+lc,0.75,truth,shared4,<5%,False
,131,4,25,0.19083969465648856,0.13273840210403792,0.26655614195966865,0.4580152671755725,0.48091603053435117,93,0.7311827956989247,0.1450381679389313,0.5491213427007158,0.4444833488951135,0.3435114503816794,0.42748091603053434,0.6259541984732825,,0.5267175572519084,snv,vaf_bin+lc,0.75,truth,shared4,<5%,True
,4618,4,2992,0.6478995236032915,0.6340062454076308,0.6615469474421619,0.8215677782589865,0.8265482893027285,4347,0.311709224752703,0.045907319185794715,0.8242950066141649,0.4454221760830574,0.7442615851017756,0.8038111736682546,0.9077522737115634,,0.8503681247293201,snv,vaf_bin+lc,0.75,truth,shared4,5-10%,False
,283,4,130,0.45936395759717313,0.40223451871845495,0.5175818143368813,0.6678445229681979,0.7164310954063604,261,0.5019157088122606,0.10600706713780919,0.6961802696659835,0.369494989071605,0.7031802120141343,0.5830388692579506,0.8303886925795053,,0.7491166077738516,snv,vaf_bin+lc,0.75,truth,shared4,5-10%,True
,7557,4,6714,0.88844779674474,0.8811516201872405,0.8953492536871512,0.9780336112213841,0.9638414714833928,7536,0.10907643312101911,0.0055577610162763,0.9429289943566208,0.18713751848628618,0.9747254201402673,0.9517004102156941,0.9465396321291518,,0.9824004234484583,snv,vaf_bin+lc,0.75,truth,shared4,10-20%,False
,497,4,322,0.647887323943662,0.6049075865583323,0.6885984669264041,0.8430583501006036,0.8475855130784709,485,0.33608247422680415,0.052313883299798795,0.8098710482289078,0.31339294166805387,0.8853118712273642,0.744466800804829,0.8551307847082495,,0.9054325955734407,snv,vaf_bin+lc,0.75,truth,shared4,10-20%,True
,22173,4,20768,0.9366346457403147,0.9333517823334988,0.9397662419782317,0.9953096107878951,0.9826816398322283,22168,0.06315409599422592,0.0007666982365940559,0.9677696021382006,0.05436976274343396,0.9972940062237857,0.9769990529021784,0.9601767915933793,,0.9962567086095702,snv,vaf_bin+lc,0.75,truth,shared4,>=20%,False
,1477,4,1146,0.7758970886932972,0.7539310332093635,0.79643173192354,0.919431279620853,0.9153689911983751,1468,0.21934604904632152,0.021665538253215978,0.8788172569400983,0.23965088757396458,0.9614082599864591,0.8666215301286392,0.8740690589031821,,0.95937711577522,snv,vaf_bin+lc,0.75,truth,shared4,>=20%,True
all,1625,4,1078,0.6633846153846154,0.640047340026605,0.6859512383644754,0.8196923076923077,0.8278461538461539,1522,0.29172141918528255,0.04492307692307692,0.8350331478008856,0.4786043436518021,0.7686153846153846,0.8756923076923077,0.8061538461538461,,0.8609230769230769,indel,all,0.75,truth,shared4,,
,196,4,78,0.3979591836734694,0.332028626610804,0.4678127064336589,0.5510204081632653,0.6122448979591837,157,0.5031847133757962,0.10204081632653061,0.6879318573458324,0.5236111111111109,0.4744897959183674,0.7244897959183674,0.7142857142857143,,0.5357142857142857,indel,vaf_bin,0.75,truth,shared4,<5%,
,347,4,204,0.5878962536023055,0.5354202336082164,0.6384474734895799,0.7953890489913544,0.7968299711815562,323,0.3684210526315789,0.05763688760806916,0.7912404860687751,0.43036692188321585,0.659942363112392,0.8703170028818443,0.8443804034582133,,0.8126801152737753,indel,vaf_bin,0.75,truth,shared4,5-10%,
,478,4,358,0.7489539748953975,0.7082014899380777,0.7857369116733246,0.8807531380753139,0.8786610878661087,456,0.2149122807017544,0.02301255230125523,0.8811156434938395,0.48000821018062373,0.8326359832635983,0.9100418410041841,0.8535564853556485,,0.9184100418410042,indel,vaf_bin,0.75,truth,shared4,10-20%,
,604,4,438,0.7251655629139073,0.6882239469597435,0.7592611596463801,0.8725165562913907,0.8754139072847682,586,0.2525597269624573,0.03642384105960265,0.8585792435604591,0.3915233958776755,0.8758278145695364,0.9006622516556292,0.7764900662251656,,0.9486754966887417,indel,vaf_bin,0.75,truth,shared4,>=20%,
,177,4,75,0.423728813559322,0.35331018743794074,0.4973877654757728,0.576271186440678,0.635593220338983,145,0.4827586206896552,0.096045197740113,0.7024330120035414,0.5202756244616709,0.4971751412429379,0.7457627118644068,0.7457627118644068,,0.5536723163841808,indel,vaf_bin+lc,0.75,truth,shared4,<5%,False
,19,4,3,0.15789473684210525,0.05520471638534141,0.37565475270329074,0.3157894736842105,0.39473684210526316,12,0.75,0.15789473684210525,0.49831649831649827,0.44927536231884047,0.2631578947368421,0.5263157894736842,0.42105263157894735,,0.3684210526315789,indel,vaf_bin+lc,0.75,truth,shared4,<5%,True
,295,4,191,0.6474576271186441,0.5913614513612184,0.6997628134691185,0.864406779661017,0.8542372881355932,288,0.3368055555555556,0.04745762711864407,0.8129582900277227,0.2967115786883227,0.7152542372881356,0.9254237288135593,0.8983050847457628,,0.8779661016949153,indel,vaf_bin+lc,0.75,truth,shared4,5-10%,False
,52,4,13,0.25,0.15233153863595772,0.3820645794259735,0.40384615384615385,0.47115384615384615,35,0.6285714285714286,0.11538461538461539,0.59417728753449,0.5240568954854671,0.34615384615384615,0.5576923076923077,0.5384615384615384,,0.4423076923076923,indel,vaf_bin+lc,0.75,truth,shared4,5-10%,True
,372,4,316,0.8494623655913979,0.8095618392662577,0.8822192133505066,0.967741935483871,0.9536290322580645,372,0.15053763440860216,0.002688172043010753,0.9191787287797272,0.09321730959749132,0.9193548387096774,0.978494623655914,0.9274193548387096,,0.989247311827957,indel,vaf_bin+lc,0.75,truth,shared4,10-20%,False
,106,4,42,0.39622641509433965,0.30831473858285496,0.4913965886682431,0.5754716981132075,0.6155660377358491,84,0.5,0.09433962264150944,0.6980033115307087,0.5382240713317507,0.5283018867924528,0.6698113207547169,0.5943396226415094,,0.6698113207547169,indel,vaf_bin+lc,0.75,truth,shared4,10-20%,True
,398,4,351,0.8819095477386935,0.8464951515912048,0.9100221099481228,0.9949748743718593,0.9692211055276382,398,0.11809045226130653,0.0,0.9400516894235486,-0.0036813169856428725,0.9874371859296482,0.964824120603015,0.9246231155778895,,1.0,indel,vaf_bin+lc,0.75,truth,shared4,>=20%,False
,206,4,87,0.4223300970873786,0.3569073176378995,0.49059660184569753,0.6359223300970874,0.6941747572815534,188,0.5372340425531915,0.10679611650485436,0.6676463726560321,0.35594035594035583,0.6601941747572816,0.7766990291262136,0.49029126213592233,,0.8495145631067961,indel,vaf_bin+lc,0.75,truth,shared4,>=20%,True
all,188314,5,79920,0.4243975487749185,0.42216680304120935,0.4266313789078633,0.6414924009898362,0.6689210573828818,188314,0.5756024512250815,0.31955669785570906,0.704639099181242,0.4430847299724449,0.656568284885882,0.6181377911360812,0.539949233726648,0.8779007402529817,0.6520492369128158,snv,all,0.75,union,native,,
,9722,5,0,0.0,0.0,0.00039497444380097067,0.18175272577658919,0.3095865048343962,9722,1.0,0.6589179181238428,0.1379654686989403,-0.08353845817952767,0.0436124254268669,0.35867105533840776,0.64513474593705,0.23246245628471507,0.26805184118494135,snv,vaf_bin,0.75,union,native,<5%,
,7657,5,1,0.0001305994514823038,2.3054382059608505e-05,0.0007394543909118342,0.5882199294762962,0.5412563667232597,7657,0.9998694005485177,0.3215358495494319,0.39735168569691776,0.09836704729794737,0.5870445344129555,0.5972312916285751,0.8513778242131383,0.03487005354577511,0.6357581298158548,snv,vaf_bin,0.75,union,native,5-10%,
,23463,5,5558,0.23688360397221156,0.23148669573660274,0.24236665510030664,0.37279972723010696,0.4710309849550356,23463,0.7631163960277885,0.6018838170736905,0.5995866523862833,0.36707797189879626,0.4058730767591527,0.35822358607168736,0.3893364019946298,0.8079103268976686,0.39381153305203936,snv,vaf_bin,0.75,union,native,10-20%,
,147472,5,74361,0.5042380926548768,0.5016862091739165,0.5067897553476965,0.7173158294455897,0.7307231203211457,147472,0.49576190734512315,0.25216312249104916,0.7566392639977648,0.4637633654010819,0.7404727677118368,0.6776811869371813,0.5408077465552783,0.975358034067484,0.7192958663339482,snv,vaf_bin,0.75,union,native,>=20%,
,6568,5,0,0.0,0.0,0.0005845330939227297,0.2609622411693057,0.3555115712545676,6568,1.0,0.5194884287454324,0.14526433422997626,-0.06686213300108101,0.04902557856272838,0.5076126674786845,0.843483556638246,0.0,0.37743605359317906,snv,vaf_bin+lc,0.75,union,native,<5%,False
,3154,5,0,0.0,1.0842021724855044e-19,0.0012164824836167457,0.016804058338617627,0.21395053899809766,3154,1.0,0.9492707672796449,0.057568373309110035,-0.21807714039731693,0.032339885859226376,0.04850982878883957,0.2320862396956246,0.7165504121750158,0.04026632847178187,snv,vaf_bin+lc,0.75,union,native,<5%,True
,6020,5,1,0.00016611295681063124,2.9323617615489774e-05,0.0009403995832068847,0.7116279069767442,0.6117275747508305,6020,0.9998338870431893,0.19169435215946845,0.4346397721978657,0.04451651761415631,0.6825581395348838,0.7220930232558139,0.9046511627906977,0.0008305647840531562,0.7485049833887043,snv,vaf_bin+lc,0.75,union,native,5-10%,False
,1637,5,0,0.0,0.0,0.0023411517304390023,0.13439218081857054,0.28210140500916314,1637,1.0,0.7990226023213195,0.16049135951919408,-0.049692784708134694,0.2357971899816738,0.13805742211362249,0.6554673182651192,0.16004886988393402,0.2211362248014661,snv,vaf_bin+lc,0.75,union,native,5-10%,True
,10470,5,5298,0.5060171919770774,0.49644009805169137,0.5155898720882411,0.7822349570200573,0.7671824259789876,10470,0.49398280802292266,0.18911174785100288,0.7642167759732196,0.4053742663839283,0.8112702960840497,0.7577841451766953,0.7737344794651385,0.7014326647564469,0.7916905444126074,snv,vaf_bin+lc,0.75,union,native,10-20%,False
,12993,5,260,0.02001077503270992,0.01774093797226371,0.022564351622938166,0.042869237281613175,0.2323866697452474,12993,0.9799892249672901,0.9345031940275533,0.22995174897705714,-0.11665211804656828,0.07919649041791733,0.03625028861694759,0.07958131301470023,0.8937119987685677,0.07319325790810437,snv,vaf_bin+lc,0.75,union,native,10-20%,True
,109596,5,70306,0.6415015146538194,0.6386574183936901,0.644335691698111,0.8913737727654294,0.8612741340924851,109596,0.3584984853461805,0.08646300959889047,0.8352839533060437,0.35506434644755275,0.9047684222051899,0.8513631884375342,0.6772053724588488,0.9877915252381474,0.8852421621227052,snv,vaf_bin+lc,0.75,union,native,>=20%,False
,37876,5,4055,0.10705987960713909,0.10398583219578325,0.11021362446353983,0.21367092618016686,0.35296757841377124,37876,0.892940120392861,0.7316242475446193,0.4183923863365904,0.17746186497941344,0.2650755095575034,0.17512408913296018,0.14613475551800612,0.93938113845179,0.23912239940859648,snv,vaf_bin+lc,0.75,union,native,>=20%,True
all,25843,4,5811,0.2248577951476222,0.21980886070474245,0.22998851501495768,0.45025732306620747,0.5740626088302442,25843,0.7751422048523778,0.378864682892853,0.4654180875918367,0.14923168811715173,0.7692218395697094,0.5353480633053438,0.38749371203033706,,0.6041868204155865,indel,all,0.75,union,native,,
,1057,4,1,0.000946073793755913,0.00016702478137093323,0.005339414255417751,0.010406811731315043,0.2807473982970672,1057,0.9990539262062441,0.8883632923368022,0.03759101322366966,-0.27866827235494745,0.01229895931882687,0.1986754966887417,0.8949858088930936,,0.017029328287606435,indel,vaf_bin,0.75,union,native,<5%,
,952,4,83,0.08718487394957983,0.07088305652036775,0.1068048406234143,0.21953781512605042,0.41491596638655465,952,0.9128151260504201,0.6470588235294118,0.2857934222320009,0.014170245968077871,0.2762605042016807,0.3802521008403361,0.7615546218487395,,0.2415966386554622,indel,vaf_bin,0.75,union,native,5-10%,
,1460,4,324,0.2219178082191781,0.2013482795470151,0.24394684096817607,0.34178082191780823,0.5065068493150685,1460,0.7780821917808219,0.5376712328767124,0.43123243925967963,0.18159655799592006,0.6321917808219178,0.4363013698630137,0.5198630136986301,,0.43767123287671234,indel,vaf_bin,0.75,union,native,10-20%,
,22374,4,5403,0.24148565299007776,0.23592239000172868,0.24713767093903596,0.4879324215607401,0.5990994010905515,22374,0.7585143470099223,0.3330204701886118,0.48459048497571383,0.14834803959228152,0.8348976490569411,0.5643157236077591,0.33896486993832126,,0.6582193617591847,indel,vaf_bin,0.75,union,native,>=20%,
,550,4,1,0.0018181818181818182,0.00032102586905691233,0.01022614196690189,0.01818181818181818,0.305,550,0.9981818181818182,0.8,0.05771044402082989,-0.2487178662435175,0.00909090909090909,0.32545454545454544,0.8563636363636363,,0.02909090909090909,indel,vaf_bin+lc,0.75,union,native,<5%,False
,507,4,0,0.0,0.0,0.007519865027326377,0.0019723865877712033,0.25443786982248523,507,1.0,0.9842209072978304,0.008242264207506567,-0.3239407735531769,0.015779092702169626,0.0611439842209073,0.9368836291913215,,0.0039447731755424065,indel,vaf_bin+lc,0.75,union,native,<5%,True
,487,4,79,0.162217659137577,0.1321411644172816,0.19758130688646233,0.39014373716632444,0.5364476386036962,487,0.837782340862423,0.406570841889117,0.404686610277564,0.08961833759875351,0.4004106776180698,0.6386036960985626,0.7125256673511293,,0.3942505133470226,indel,vaf_bin+lc,0.75,union,native,5-10%,False
,465,4,4,0.008602150537634409,0.0033501480862500113,0.021906702812729103,0.04086021505376344,0.28763440860215056,465,0.9913978494623656,0.8989247311827957,0.08624771568152216,-0.23409627931581736,0.14623655913978495,0.10967741935483871,0.8129032258064516,,0.08172043010752689,indel,vaf_bin+lc,0.75,union,native,5-10%,True
,721,4,304,0.42163661581137307,0.3860997498702493,0.4580040901834789,0.6033287101248266,0.6875866851595007,721,0.5783633841886269,0.27461858529819694,0.6382209915633821,0.2795446459537962,0.8058252427184466,0.6865464632454924,0.6282940360610264,,0.6296809986130375,indel,vaf_bin+lc,0.75,union,native,10-20%,False
,739,4,20,0.02706359945872801,0.017586719102201203,0.04143187537729258,0.08660351826792964,0.32983761840324766,739,0.972936400541272,0.7943166441136671,0.13215301299298263,-0.14527670994102082,0.462787550744249,0.19215155615696888,0.4140730717185386,,0.2503382949932341,indel,vaf_bin+lc,0.75,union,native,10-20%,True
,6268,4,3134,0.5,0.4876257023138305,0.5123742976861695,0.8037651563497128,0.7947112316528399,6268,0.5,0.12492022973835354,0.7144420519500008,0.19738483076838337,0.9447989789406509,0.833918315252074,0.553286534779834,,0.8468410976388002,indel,vaf_bin+lc,0.75,union,native,>=20%,False
,16106,4,2269,0.14087917546256054,0.1355919168478161,0.14633770179122266,0.36501924748540915,0.5229728051657767,16106,0.8591208245374394,0.41400720228486276,0.3739102661298548,0.06524806488406264,0.7921271575810257,0.4593940146529244,0.25555693530361356,,0.5848131131255433,indel,vaf_bin+lc,0.75,union,native,>=20%,True
all,139243,4,85482,0.6139051873343723,0.6113449116294563,0.6164591783425293,0.832106461366101,0.8340006319886817,139243,0.38609481266562773,0.11000912074574665,0.7840161605959594,0.2679515637721783,0.8879512794179959,0.8359773920412517,0.7302341948966914,,0.8818396615987877,snv,all,0.75,union,shared4,,
,7502,4,244,0.0325246600906425,0.028743734960418123,0.036784089137530715,0.23527059450813118,0.4261863503065849,7502,0.9674753399093575,0.5630498533724341,0.22760634390766468,-0.05775436501461755,0.05651826179685417,0.46480938416422285,0.8360437216742203,,0.3473740335910424,snv,vaf_bin,0.75,union,shared4,<5%,
,7410,4,3365,0.4541160593792173,0.44280641386522024,0.46547325413456375,0.6072874493927125,0.690114709851552,7410,0.5458839406207827,0.300944669365722,0.661333229443627,0.3260977434034399,0.606612685560054,0.6171390013495277,0.879757085020243,,0.6569500674763833,snv,vaf_bin,0.75,union,shared4,5-10%,
,11141,4,7495,0.6727403285162912,0.6639693211623314,0.6813922538965647,0.7691410106812674,0.8146261556413248,11141,0.3272596714837088,0.1833767166322592,0.8099721450162692,0.43201405965397105,0.8547706669060228,0.7544206085629657,0.8199443496993088,,0.8293689973970021,snv,vaf_bin,0.75,union,shared4,10-20%,
,113190,4,74378,0.6571075183320081,0.6543369346813339,0.6598674384685843,0.8925788497217069,0.872356215213358,113190,0.34289248166799186,0.06026150720028271,0.8122819268201947,0.1948593882750435,0.9647407014753954,0.8829313543599258,0.7046028801130841,,0.9371499249050269,snv,vaf_bin,0.75,union,shared4,>=20%,
,6568,4,237,0.03608404384896468,0.03183805556890839,0.040872380587359154,0.2609622411693057,0.4443894640682095,6568,0.9639159561510353,0.5194884287454324,0.24210722371662707,-0.05008879778715319,0.04902557856272838,0.5076126674786845,0.843483556638246,,0.37743605359317906,snv,vaf_bin+lc,0.75,union,shared4,<5%,False
,934,4,7,0.007494646680942184,0.003635066601093493,0.015388893848606814,0.05460385438972163,0.2981798715203426,934,0.9925053533190579,0.8693790149892934,0.09296180022893392,-0.2159543082721764,0.10920770877944326,0.16381156316916487,0.7837259100642399,,0.13597430406852248,snv,vaf_bin+lc,0.75,union,shared4,<5%,True
,6019,4,3242,0.5386276790164479,0.5260132568410542,0.5511928265631486,0.71124771556737,0.7645788336933045,6019,0.4613723209835521,0.19156005981059976,0.7240279269370126,0.3142012447719181,0.6826715401229441,0.7222129921913939,0.9048014620368832,,0.748629340421997,snv,vaf_bin+lc,0.75,union,shared4,5-10%,False
,1391,4,123,0.0884255930984903,0.0746165679486684,0.10450160870198065,0.15744069015097054,0.36790079079798704,1391,0.9115744069015097,0.7742631200575126,0.26292395856756484,-0.004451313014410671,0.2774982027318476,0.16247304097771387,0.7713874910136592,,0.26024442846872753,snv,vaf_bin+lc,0.75,union,shared4,5-10%,True
,9202,4,7136,0.7754835905237992,0.766844188893162,0.7838930818581299,0.8772006085633558,0.891599652249511,9202,0.22451640947620083,0.08628559008911106,0.8757239588414795,0.38776931969756206,0.9230602043034123,0.8622038687241904,0.880352097370137,,0.9007824386003043,snv,vaf_bin+lc,0.75,union,shared4,10-20%,False
,1939,4,359,0.185146982980918,0.16848691313976433,0.2030521311520187,0.2563176895306859,0.4493295513151109,1939,0.814853017019082,0.6441464672511604,0.36188311042212384,0.14316873073560846,0.5306859205776173,0.24290871583290355,0.5332645693656524,,0.49045899948427024,snv,vaf_bin+lc,0.75,union,shared4,10-20%,True
,101125,4,70313,0.6953077873918417,0.6924635517105366,0.6981371852323923,0.9327861557478369,0.899142150803461,101125,0.3046922126081582,0.03152533992583436,0.8372422154549005,0.1272358066516139,0.9805587144622991,0.9226798516687268,0.7339332509270704,,0.9593967861557479,snv,vaf_bin+lc,0.75,union,shared4,>=20%,False
,12065,4,4065,0.33692498963945294,0.32854410211963003,0.3454096892673596,0.5555739743058433,0.6478450062163282,12065,0.6630750103605471,0.30111893907998344,0.5664994575471997,0.22105038341035368,0.8321591380024865,0.5497720679651885,0.45876502279320347,,0.7506837961044344,snv,vaf_bin+lc,0.75,union,shared4,>=20%,True
all,25843,4,5811,0.2248577951476222,0.21980886070474245,0.22998851501495768,0.45025732306620747,0.5740626088302442,25843,0.7751422048523778,0.378864682892853,0.4654180875918367,0.14923168811715173,0.7692218395697094,0.5353480633053438,0.38749371203033706,,0.6041868204155865,indel,all,0.75,union,shared4,,
,1057,4,1,0.000946073793755913,0.00016702478137093323,0.005339414255417751,0.010406811731315043,0.2807473982970672,1057,0.9990539262062441,0.8883632923368022,0.03759101322366966,-0.27866827235494745,0.01229895931882687,0.1986754966887417,0.8949858088930936,,0.017029328287606435,indel,vaf_bin,0.75,union,shared4,<5%,
,952,4,83,0.08718487394957983,0.07088305652036775,0.1068048406234143,0.21953781512605042,0.41491596638655465,952,0.9128151260504201,0.6470588235294118,0.2857934222320009,0.014170245968077871,0.2762605042016807,0.3802521008403361,0.7615546218487395,,0.2415966386554622,indel,vaf_bin,0.75,union,shared4,5-10%,
,1460,4,324,0.2219178082191781,0.2013482795470151,0.24394684096817607,0.34178082191780823,0.5065068493150685,1460,0.7780821917808219,0.5376712328767124,0.43123243925967963,0.18159655799592006,0.6321917808219178,0.4363013698630137,0.5198630136986301,,0.43767123287671234,indel,vaf_bin,0.75,union,shared4,10-20%,
,22374,4,5403,0.24148565299007776,0.23592239000172868,0.24713767093903596,0.4879324215607401,0.5990994010905515,22374,0.7585143470099223,0.3330204701886118,0.48459048497571383,0.14834803959228152,0.8348976490569411,0.5643157236077591,0.33896486993832126,,0.6582193617591847,indel,vaf_bin,0.75,union,shared4,>=20%,
,550,4,1,0.0018181818181818182,0.00032102586905691233,0.01022614196690189,0.01818181818181818,0.305,550,0.9981818181818182,0.8,0.05771044402082989,-0.2487178662435175,0.00909090909090909,0.32545454545454544,0.8563636363636363,,0.02909090909090909,indel,vaf_bin+lc,0.75,union,shared4,<5%,False
,507,4,0,0.0,0.0,0.007519865027326377,0.0019723865877712033,0.25443786982248523,507,1.0,0.9842209072978304,0.008242264207506567,-0.3239407735531769,0.015779092702169626,0.0611439842209073,0.9368836291913215,,0.0039447731755424065,indel,vaf_bin+lc,0.75,union,shared4,<5%,True
,487,4,79,0.162217659137577,0.1321411644172816,0.19758130688646233,0.39014373716632444,0.5364476386036962,487,0.837782340862423,0.406570841889117,0.404686610277564,0.08961833759875351,0.4004106776180698,0.6386036960985626,0.7125256673511293,,0.3942505133470226,indel,vaf_bin+lc,0.75,union,shared4,5-10%,False
,465,4,4,0.008602150537634409,0.0033501480862500113,0.021906702812729103,0.04086021505376344,0.28763440860215056,465,0.9913978494623656,0.8989247311827957,0.08624771568152216,-0.23409627931581736,0.14623655913978495,0.10967741935483871,0.8129032258064516,,0.08172043010752689,indel,vaf_bin+lc,0.75,union,shared4,5-10%,True
,721,4,304,0.42163661581137307,0.3860997498702493,0.4580040901834789,0.6033287101248266,0.6875866851595007,721,0.5783633841886269,0.27461858529819694,0.6382209915633821,0.2795446459537962,0.8058252427184466,0.6865464632454924,0.6282940360610264,,0.6296809986130375,indel,vaf_bin+lc,0.75,union,shared4,10-20%,False
,739,4,20,0.02706359945872801,0.017586719102201203,0.04143187537729258,0.08660351826792964,0.32983761840324766,739,0.972936400541272,0.7943166441136671,0.13215301299298263,-0.14527670994102082,0.462787550744249,0.19215155615696888,0.4140730717185386,,0.2503382949932341,indel,vaf_bin+lc,0.75,union,shared4,10-20%,True
,6268,4,3134,0.5,0.4876257023138305,0.5123742976861695,0.8037651563497128,0.7947112316528399,6268,0.5,0.12492022973835354,0.7144420519500008,0.19738483076838337,0.9447989789406509,0.833918315252074,0.553286534779834,,0.8468410976388002,indel,vaf_bin+lc,0.75,union,shared4,>=20%,False
,16106,4,2269,0.14087917546256054,0.1355919168478161,0.14633770179122266,0.36501924748540915,0.5229728051657767,16106,0.8591208245374394,0.41400720228486276,0.3739102661298548,0.06524806488406264,0.7921271575810257,0.4593940146529244,0.25555693530361356,,0.5848131131255433,indel,vaf_bin+lc,0.75,union,shared4,>=20%,True
all,70712,5,27858,0.39396424934947394,0.390368638842219,0.3975713801034301,0.5236734924765245,0.5910453671229777,70712,0.6060357506505261,0.4560612060187804,0.6968364329858616,0.4777393881641917,0.5160793076139835,0.5250452539880077,0.5651516008598257,0.8092402986763209,0.5397103744767507,snv,all,0.75,union_hc,native,,
,4489,5,0,0.0,0.0,0.0008550176666377303,0.21719759411895745,0.3275562486077077,4489,1.0,0.6208509690354199,0.13367458413205718,-0.06132795492754496,0.050122521719759415,0.44820672755624863,0.7966139451993762,0.0,0.34283804856315436,snv,vaf_bin,0.75,union_hc,native,<5%,
,5687,5,1,0.00017583963425356076,3.104068756890646e-05,0.0009954259365609886,0.6746966766309126,0.5896957974327413,5687,0.9998241603657464,0.25918762088974856,0.43299075197133696,0.08757013720682104,0.6622120625989097,0.6595744680851063,0.9036398804290487,0.000703358537014243,0.7223492175136276,snv,vaf_bin,0.75,union_hc,native,5-10%,
,17908,5,5092,0.2843421934331025,0.27778208836747015,0.29099480049917875,0.4297520661157025,0.5128322537413447,17908,0.7156578065668975,0.5617042662497208,0.6602136813035594,0.416479625827616,0.44354478445387535,0.41478668751396025,0.43366093366093367,0.8329238329238329,0.4392450301541211,snv,vaf_bin,0.75,union_hc,native,10-20%,
,42628,5,22765,0.5340386600356574,0.5293003481791421,0.5387708375988198,0.5752557004785587,0.6518297832410622,42628,0.4659613399643427,0.4205920990898001,0.79910482136721,0.5854182016796289,0.5761236745800882,0.5615088674110913,0.5508585905977292,0.9923759031622408,0.5782818804541616,snv,vaf_bin,0.75,union_hc,native,>=20%,
,3912,5,0,0.0,0.0,0.0009810046859892612,0.24386503067484663,0.34243353783231084,3912,1.0,0.5777096114519428,0.14327879603558652,-0.055313080922092236,0.05521472392638037,0.4994887525562372,0.7842535787321063,0.0,0.37321063394683024,snv,vaf_bin+lc,0.75,union_hc,native,<5%,False
,577,5,0,0.0,0.0,0.006613609897085505,0.036395147313691506,0.2266897746967071,577,1.0,0.9133448873483535,0.054012925177361136,-0.1843916072796855,0.01559792027729636,0.10051993067590988,0.8804159445407279,0.0,0.1369150779896014,snv,vaf_bin+lc,0.75,union_hc,native,<5%,True
,4671,5,1,0.00021408691928923143,3.779259783076073e-05,0.0012117596858455567,0.7820595161635624,0.6519374866195675,4671,0.9997859130807107,0.14836223506743737,0.47065366896435157,0.01926557325648547,0.7469492614001284,0.7685720402483408,0.9274245343609505,0.0008563476771569257,0.815885249411261,snv,vaf_bin+lc,0.75,union_hc,native,5-10%,False
,1016,5,0,0.0,0.0,0.003766721569778348,0.18110236220472442,0.30354330708661414,1016,1.0,0.7687007874015748,0.17885621562793222,-0.00564631252020902,0.27263779527559057,0.15846456692913385,0.7942913385826772,0.0,0.29232283464566927,snv,vaf_bin+lc,0.75,union_hc,native,5-10%,True
,8598,5,4861,0.5653640381484066,0.554859197531123,0.5758104974848672,0.8455454756920214,0.8160502442428472,8598,0.43463596185159337,0.14480111653872993,0.8065286977606378,0.39356846292652814,0.850779250988602,0.8213538032100488,0.8270528029774367,0.7329611537566876,0.8481042102814608,snv,vaf_bin+lc,0.75,union_hc,native,10-20%,False
,9310,5,231,0.02481203007518797,0.021842877684325926,0.028173161441991598,0.04575725026852846,0.2328034371643394,9310,0.975187969924812,0.9467239527389903,0.3206924455258668,-0.0993360603650369,0.06745435016111707,0.039312567132116005,0.07035445757250268,0.9252416756176155,0.061654135338345864,snv,vaf_bin+lc,0.75,union_hc,native,10-20%,True
,26292,5,21572,0.8204777118515137,0.8157919491580273,0.825069839820669,0.8755514985546935,0.8889700289061311,26292,0.17952228814848623,0.12220447284345048,0.9240778839276299,0.6293757745111335,0.8744104670622243,0.8589685075308079,0.8402936254373954,0.9962345960748517,0.8749429484253766,snv,vaf_bin+lc,0.75,union_hc,native,>=20%,False
,16336,5,1193,0.07302889324191969,0.06913863761541011,0.07711990870179375,0.09194417238001959,0.27016405484818806,16336,0.9269711067580804,0.9008325171400587,0.5145146810128627,0.05341659866164517,0.09604554358472087,0.08276199804113614,0.08502693437806072,0.9861655239960823,0.10082027424094026,snv,vaf_bin+lc,0.75,union_hc,native,>=20%,True
all,4542,4,1149,0.25297225891677677,0.24054223370096298,0.26581978522827837,0.3520475561426684,0.5139806252752092,4542,0.7470277410832232,0.5490973139586085,0.4633152185449448,0.21941025927741495,0.5048436811977103,0.5019815059445178,0.6770145310435931,,0.3720827829150154,indel,all,0.75,union_hc,native,,
,925,4,1,0.001081081081081081,0.00019086285399590218,0.006098110108204501,0.011891891891891892,0.27864864864864863,925,0.9989189189189189,0.8983783783783784,0.041026547261970844,-0.2796150603915075,0.0075675675675675675,0.18162162162162163,0.9102702702702703,,0.015135135135135135,indel,vaf_bin,0.75,union_hc,native,<5%,
,760,4,79,0.10394736842105264,0.08420458434727915,0.1276737536923495,0.25,0.4292763157894737,760,0.8960526315789473,0.6368421052631579,0.31444586077221826,0.047164346101044884,0.2881578947368421,0.4052631578947368,0.7894736842105263,,0.23421052631578948,indel,vaf_bin,0.75,union_hc,native,5-10%,
,913,4,292,0.3198247535596933,0.29037993071683194,0.3507794029555536,0.4600219058050383,0.5807776560788609,913,0.6801752464403067,0.45673603504928806,0.5397255577877195,0.27310536409617453,0.6538882803943045,0.5717415115005476,0.6276013143483024,,0.46987951807228917,indel,vaf_bin,0.75,union_hc,native,10-20%,
,1944,4,777,0.39969135802469136,0.37813519298443,0.42164317284000286,0.5030864197530864,0.6277006172839507,1944,0.6003086419753086,0.39197530864197533,0.5993740909827209,0.3203804962246546,0.7561728395061729,0.6594650205761317,0.5452674897119342,,0.5498971193415638,indel,vaf_bin,0.75,union_hc,native,>=20%,
,473,4,1,0.0021141649048625794,0.000373299555634558,0.011877017006899656,0.021141649048625793,0.3023255813953488,473,0.9978858350951374,0.813953488372093,0.0596913752357616,-0.247902097902098,0.010570824524312896,0.3023255813953488,0.86892177589852,,0.02748414376321353,indel,vaf_bin+lc,0.75,union_hc,native,<5%,False
,452,4,0,0.0,0.0,0.00842718174567173,0.0022123893805309734,0.2538716814159292,452,1.0,0.9867256637168141,0.009275586491363754,-0.3246790301107952,0.004424778761061947,0.05530973451327434,0.9535398230088495,,0.0022123893805309734,indel,vaf_bin+lc,0.75,union_hc,native,<5%,True
,396,4,76,0.1919191919191919,0.15616544042305108,0.23359268841215813,0.4393939393939394,0.5593434343434344,396,0.8080808080808081,0.3939393939393939,0.4402311773827483,0.12402413862244276,0.4318181818181818,0.6742424242424242,0.7247474747474747,,0.4065656565656566,indel,vaf_bin+lc,0.75,union_hc,native,5-10%,False
,364,4,3,0.008241758241758242,0.0028068218035698575,0.023947799201484894,0.04395604395604396,0.28777472527472525,364,0.9917582417582418,0.9010989010989011,0.09948704241031005,-0.2320344546911452,0.13186813186813187,0.11263736263736264,0.8598901098901099,,0.046703296703296704,indel,vaf_bin+lc,0.75,union_hc,native,5-10%,True
,546,4,278,0.5091575091575091,0.4673078949368591,0.5508791657868776,0.684981684981685,0.7385531135531136,546,0.4908424908424908,0.23992673992673993,0.7058033236064155,0.3320905123976272,0.8021978021978022,0.7912087912087912,0.6794871794871795,,0.6813186813186813,indel,vaf_bin+lc,0.75,union_hc,native,10-20%,False
,367,4,14,0.03814713896457766,0.022857204260211896,0.06300552242075992,0.12534059945504086,0.3460490463215259,367,0.9618528610354223,0.779291553133515,0.17266780083044944,-0.09770888013998248,0.4332425068119891,0.2452316076294278,0.5504087193460491,,0.1553133514986376,indel,vaf_bin+lc,0.75,union_hc,native,10-20%,True
,907,4,639,0.7045203969128997,0.6740149023476448,0.7333007686807137,0.8269018743109151,0.8541896361631753,907,0.2954796030871003,0.11466372657111357,0.8315181044275387,0.36780712439913393,0.9206174200661521,0.8842337375964718,0.7883131201764058,,0.8235942668136714,indel,vaf_bin+lc,0.75,union_hc,native,>=20%,False
,1037,4,138,0.133076181292189,0.11375138833238214,0.15510940352900593,0.21986499517839922,0.4296046287367406,1037,0.866923818707811,0.6345226615236258,0.30883531052791574,0.06602545918785235,0.6123432979749277,0.46287367405978785,0.3326904532304725,,0.3105110896817743,indel,vaf_bin+lc,0.75,union_hc,native,>=20%,True
all,43869,4,32856,0.7489571223415168,0.7448778203878291,0.7529928274593581,0.83813171031936,0.8647735302833436,43869,0.2510428776584832,0.12799471152750233,0.860370337967011,0.4391708117817107,0.8318630467984226,0.8463151656066926,0.9109621828626137,,0.8699537258656455,snv,all,0.75,union_hc,shared4,,
,4489,4,186,0.04143461795500111,0.035986053914170944,0.04766734500174521,0.21719759411895745,0.40944531075963464,4489,0.9585653820449989,0.6208509690354199,0.22279097355342867,-0.0468877478910033,0.050122521719759415,0.44820672755624863,0.7966139451993762,,0.34283804856315436,snv,vaf_bin,0.75,union_hc,shared4,<5%,
,5687,4,3030,0.5327940917882891,0.5198092885733786,0.5457346213561199,0.6741691577281519,0.7369439071566731,5687,0.46720590821171093,0.25918762088974856,0.721239318179332,0.3688403839225978,0.6622120625989097,0.6595744680851063,0.9036398804290487,,0.7223492175136276,snv,vaf_bin,0.75,union_hc,shared4,5-10%,
,8694,4,6874,0.7906602254428341,0.7819809477706833,0.7990827591188708,0.878191856452726,0.8915056360708534,8694,0.20933977455716588,0.1028295376121463,0.8862411347493347,0.4425699541794297,0.913618587531631,0.8543823326432022,0.8932597193466759,,0.9047619047619048,snv,vaf_bin,0.75,union_hc,shared4,10-20%,
,24999,4,22766,0.9106764270570823,0.9070775306276295,0.9141491301028135,0.9729989199567983,0.9663186527461098,24999,0.08932357294291772,0.018400736029441176,0.9533655134011648,0.29186562822360457,0.9823992959718388,0.9574782991319652,0.9393175727029082,,0.9860794431777271,snv,vaf_bin,0.75,union_hc,shared4,>=20%,
,3912,4,180,0.046012269938650305,0.03988042427576648,0.053034843782677754,0.24386503067484663,0.42804192229038857,3912,0.9539877300613497,0.5777096114519428,0.2387979933926442,-0.03489750129697722,0.05521472392638037,0.4994887525562372,0.7842535787321063,,0.37321063394683024,snv,vaf_bin+lc,0.75,union_hc,shared4,<5%,False
,577,4,6,0.010398613518197574,0.004774248511095083,0.022499043675825732,0.036395147313691506,0.2833622183708839,577,0.9896013864818024,0.9133448873483535,0.09002154196226854,-0.2389376385915219,0.01559792027729636,0.10051993067590988,0.8804159445407279,,0.1369150779896014,snv,vaf_bin+lc,0.75,union_hc,shared4,<5%,True
,4671,4,2923,0.6257760650824234,0.6118002998094566,0.6395451223508947,0.7814172554056947,0.8147077713551703,4671,0.37422393491757655,0.14836223506743737,0.7839759466768007,0.3414921894266415,0.7469492614001284,0.7685720402483408,0.9274245343609505,,0.815885249411261,snv,vaf_bin+lc,0.75,union_hc,shared4,5-10%,False
,1016,4,107,0.10531496062992125,0.08790388600176942,0.12569937256020128,0.18110236220472442,0.3794291338582677,1016,0.8946850393700787,0.7687007874015748,0.29809369271322034,0.0323122796948462,0.27263779527559057,0.15846456692913385,0.7942913385826772,,0.29232283464566927,snv,vaf_bin+lc,0.75,union_hc,shared4,5-10%,True
,7665,4,6554,0.8550554468362688,0.8469964011644706,0.8627587853558436,0.9429876060013046,0.9386823222439661,7665,0.14494455316373125,0.04331376386170907,0.9235365841767081,0.35060621294338645,0.954337899543379,0.9213307240704501,0.9277234181343771,,0.9513372472276582,snv,vaf_bin+lc,0.75,union_hc,shared4,10-20%,False
,1029,4,320,0.3109815354713314,0.2834455992721291,0.33992350866030907,0.39552964042759964,0.5400874635568513,1029,0.6890184645286687,0.5461613216715258,0.5128566760145643,0.2869617662344329,0.6103012633624878,0.3556851311953353,0.6365403304178814,,0.5578231292517006,snv,vaf_bin+lc,0.75,union_hc,shared4,10-20%,True
,23168,4,21572,0.9311118784530387,0.9277786991946697,0.934302117105575,0.9885618093922652,0.9784077175414365,23168,0.06888812154696132,0.006042817679558011,0.9645051502780099,0.16351424196728917,0.9923169889502762,0.974792817679558,0.9535997928176796,,0.992921270718232,snv,vaf_bin+lc,0.75,union_hc,shared4,>=20%,False
,1831,4,1194,0.6521026761332606,0.6299881351612641,0.6735803270196593,0.7760786455488804,0.8133533588203168,1831,0.3478973238667395,0.17476788640087385,0.7986955322156238,0.40010111480484556,0.8569087930092846,0.738394320043692,0.758601856908793,,0.8995084653194976,snv,vaf_bin+lc,0.75,union_hc,shared4,>=20%,True
all,4542,4,1149,0.25297225891677677,0.24054223370096298,0.26581978522827837,0.3520475561426684,0.5139806252752092,4542,0.7470277410832232,0.5490973139586085,0.4633152185449448,0.21941025927741495,0.5048436811977103,0.5019815059445178,0.6770145310435931,,0.3720827829150154,indel,all,0.75,union_hc,shared4,,
,925,4,1,0.001081081081081081,0.00019086285399590218,0.006098110108204501,0.011891891891891892,0.27864864864864863,925,0.9989189189189189,0.8983783783783784,0.041026547261970844,-0.2796150603915075,0.0075675675675675675,0.18162162162162163,0.9102702702702703,,0.015135135135135135,indel,vaf_bin,0.75,union_hc,shared4,<5%,
,760,4,79,0.10394736842105264,0.08420458434727915,0.1276737536923495,0.25,0.4292763157894737,760,0.8960526315789473,0.6368421052631579,0.31444586077221826,0.047164346101044884,0.2881578947368421,0.4052631578947368,0.7894736842105263,,0.23421052631578948,indel,vaf_bin,0.75,union_hc,shared4,5-10%,
,913,4,292,0.3198247535596933,0.29037993071683194,0.3507794029555536,0.4600219058050383,0.5807776560788609,913,0.6801752464403067,0.45673603504928806,0.5397255577877195,0.27310536409617453,0.6538882803943045,0.5717415115005476,0.6276013143483024,,0.46987951807228917,indel,vaf_bin,0.75,union_hc,shared4,10-20%,
,1944,4,777,0.39969135802469136,0.37813519298443,0.42164317284000286,0.5030864197530864,0.6277006172839507,1944,0.6003086419753086,0.39197530864197533,0.5993740909827209,0.3203804962246546,0.7561728395061729,0.6594650205761317,0.5452674897119342,,0.5498971193415638,indel,vaf_bin,0.75,union_hc,shared4,>=20%,
,473,4,1,0.0021141649048625794,0.000373299555634558,0.011877017006899656,0.021141649048625793,0.3023255813953488,473,0.9978858350951374,0.813953488372093,0.0596913752357616,-0.247902097902098,0.010570824524312896,0.3023255813953488,0.86892177589852,,0.02748414376321353,indel,vaf_bin+lc,0.75,union_hc,shared4,<5%,False
,452,4,0,0.0,0.0,0.00842718174567173,0.0022123893805309734,0.2538716814159292,452,1.0,0.9867256637168141,0.009275586491363754,-0.3246790301107952,0.004424778761061947,0.05530973451327434,0.9535398230088495,,0.0022123893805309734,indel,vaf_bin+lc,0.75,union_hc,shared4,<5%,True
,396,4,76,0.1919191919191919,0.15616544042305108,0.23359268841215813,0.4393939393939394,0.5593434343434344,396,0.8080808080808081,0.3939393939393939,0.4402311773827483,0.12402413862244276,0.4318181818181818,0.6742424242424242,0.7247474747474747,,0.4065656565656566,indel,vaf_bin+lc,0.75,union_hc,shared4,5-10%,False
,364,4,3,0.008241758241758242,0.0028068218035698575,0.023947799201484894,0.04395604395604396,0.28777472527472525,364,0.9917582417582418,0.9010989010989011,0.09948704241031005,-0.2320344546911452,0.13186813186813187,0.11263736263736264,0.8598901098901099,,0.046703296703296704,indel,vaf_bin+lc,0.75,union_hc,shared4,5-10%,True
,546,4,278,0.5091575091575091,0.4673078949368591,0.5508791657868776,0.684981684981685,0.7385531135531136,546,0.4908424908424908,0.23992673992673993,0.7058033236064155,0.3320905123976272,0.8021978021978022,0.7912087912087912,0.6794871794871795,,0.6813186813186813,indel,vaf_bin+lc,0.75,union_hc,shared4,10-20%,False
,367,4,14,0.03814713896457766,0.022857204260211896,0.06300552242075992,0.12534059945504086,0.3460490463215259,367,0.9618528610354223,0.779291553133515,0.17266780083044944,-0.09770888013998248,0.4332425068119891,0.2452316076294278,0.5504087193460491,,0.1553133514986376,indel,vaf_bin+lc,0.75,union_hc,shared4,10-20%,True
,907,4,639,0.7045203969128997,0.6740149023476448,0.7333007686807137,0.8269018743109151,0.8541896361631753,907,0.2954796030871003,0.11466372657111357,0.8315181044275387,0.36780712439913393,0.9206174200661521,0.8842337375964718,0.7883131201764058,,0.8235942668136714,indel,vaf_bin+lc,0.75,union_hc,shared4,>=20%,False
,1037,4,138,0.133076181292189,0.11375138833238214,0.15510940352900593,0.21986499517839922,0.4296046287367406,1037,0.866923818707811,0.6345226615236258,0.30883531052791574,0.06602545918785235,0.6123432979749277,0.46287367405978785,0.3326904532304725,,0.3105110896817743,indel,vaf_bin+lc,0.75,union_hc,shared4,>=20%,True
all,39446,5,24163,0.6125589413375248,0.6077406572830552,0.6173553043640733,0.8841200628707601,0.8369467119606551,37116,0.34898695980170275,0.02542716625259849,0.8364322679608206,0.4572803429970438,0.8723824975916443,0.8582365765857121,0.9064797444607818,0.6606753536480251,0.886959387517112,snv,all,0.5,truth,native,,
,5145,5,2,0.00038872691933916425,0.0001066094158182426,0.0014163465507634428,0.4099125364431487,0.369290573372206,3311,0.9993959528843249,0.11817298347910593,0.380899359976424,0.3369204444084015,0.33994169096209914,0.441399416909621,0.6285714285714286,0.00038872691933916425,0.43615160349854226,snv,vaf_bin,0.5,truth,native,<5%,
,6271,5,819,0.13060118003508212,0.12248687593289144,0.13916777615600212,0.8131079572635943,0.689459416361027,5835,0.8596401028277635,0.047360867485249564,0.5754389407280086,0.16262818757429934,0.8064104608515388,0.7815340456067613,0.896986126614575,0.14431510125976718,0.8180513474724924,snv,vaf_bin,0.5,truth,native,5-10%,
,11394,5,7961,0.6987010707389855,0.6902105546336335,0.7070576488555298,0.9735825873266631,0.9184131999297875,11338,0.29784794496383843,0.00667017728629103,0.8683433029917405,0.13933346737246793,0.9715639810426541,0.9311040898718623,0.9553273652799719,0.7607512725996138,0.9733192908548359,snv,vaf_bin,0.5,truth,native,10-20%,
,16636,5,15381,0.9245611925943736,0.9204492630371959,0.9284770945220511,0.9962731425823516,0.9813777350324597,16632,0.07521645021645022,0.0013224332772301035,0.9677130338622775,0.11916825418361725,0.9939889396489541,0.9661577302236114,0.9625510940129839,0.9909834094734311,0.9932075018033181,snv,vaf_bin,0.5,truth,native,>=20%,
,4880,5,2,0.0004098360655737705,0.00011239902730692474,0.0014931933914501755,0.4151639344262295,0.3723360655737705,3147,0.9993644741023197,0.11598360655737705,0.3841862872902452,0.33869101105728533,0.3411885245901639,0.45,0.6307377049180328,0.0004098360655737705,0.43934426229508194,snv,vaf_bin+lc,0.5,truth,native,<5%,False
,265,5,0,0.0,0.0,0.014288937567684516,0.3132075471698113,0.31320754716981136,164,1.0,0.15849056603773584,0.3132215780460904,0.29127499007017094,0.3169811320754717,0.2830188679245283,0.5886792452830188,0.0,0.37735849056603776,snv,vaf_bin+lc,0.5,truth,native,<5%,True
,5910,5,778,0.13164128595600677,0.12326018404658258,0.1405009380061803,0.82165820642978,0.6957021996615905,5515,0.8589301903898459,0.04416243654822335,0.5794956282470627,0.15493802211017213,0.811336717428088,0.7962774957698816,0.9018612521150592,0.14382402707275804,0.8252115059221659,snv,vaf_bin+lc,0.5,truth,native,5-10%,False
,361,5,41,0.11357340720221606,0.08483104039715444,0.15045323649990175,0.6731301939058172,0.5872576177285318,320,0.871875,0.0997229916897507,0.5022780184525979,0.23429783462074197,0.7257617728531855,0.5401662049861495,0.817174515235457,0.1523545706371191,0.7008310249307479,snv,vaf_bin+lc,0.5,truth,native,5-10%,True
,10667,5,7570,0.7096653229586576,0.7009770974608265,0.7182025911571264,0.9803131152151495,0.9249648448485985,10624,0.28746234939759036,0.004406112308990344,0.874516703408714,0.11122140468289744,0.9771257148214119,0.9453454579544389,0.9619386894159557,0.7623511765257336,0.9780631855254523,snv,vaf_bin+lc,0.5,truth,native,10-20%,False
,727,5,391,0.5378266850068776,0.5014813242484171,0.5737743954924273,0.874828060522696,0.822283356258597,714,0.4523809523809524,0.039889958734525444,0.7714933603293608,0.2771016948625872,0.889958734525447,0.7221458046767538,0.8583218707015131,0.7372764786795049,0.9037138927097662,snv,vaf_bin+lc,0.5,truth,native,10-20%,True
,15601,5,14579,0.9344913787577719,0.9305009485325483,0.9382678906623448,0.9976924556118197,0.9847189282738287,15599,0.06538880697480608,0.0007050830074995192,0.9724435503322486,0.08586322514094658,0.9957054034997757,0.9737837318120633,0.9668610986475226,0.9917312992756875,0.995513108134094,snv,vaf_bin+lc,0.5,truth,native,>=20%,False
,1035,5,802,0.77487922705314,0.748444512940786,0.7992810280151321,0.9748792270531401,0.9310144927536232,1033,0.22362052274927396,0.010628019323671498,0.8950406540198058,0.1996923302322169,0.9681159420289855,0.851207729468599,0.8975845410628019,0.9797101449275363,0.9584541062801932,snv,vaf_bin+lc,0.5,truth,native,>=20%,True
all,1625,4,957,0.5889230769230769,0.5648178540480998,0.6126088675244469,0.7433846153846154,0.76,1435,0.33310104529616724,0.05846153846153846,0.8087709972525768,0.5597165991902835,0.6867692307692308,0.808,0.7833846153846153,,0.7618461538461538,indel,all,0.5,truth,native,,
,389,4,148,0.38046272493573263,0.33360768591168966,0.42965559012036414,0.5347043701799485,0.5861182519280206,296,0.5,0.09254498714652956,0.6933903599681472,0.5619846718244886,0.4755784061696658,0.6709511568123393,0.712082262210797,,0.48586118251928023,indel,vaf_bin,0.5,truth,native,<5%,
,422,4,260,0.6161137440758294,0.5688635838323751,0.6612690112216545,0.7606635071090048,0.784952606635071,383,0.32114882506527415,0.052132701421800945,0.8129335058155975,0.5215329972105274,0.6872037914691943,0.8270142180094787,0.8530805687203792,,0.7725118483412322,indel,vaf_bin,0.5,truth,native,5-10%,
,484,4,323,0.6673553719008265,0.6242070348481471,0.7078680626468837,0.8285123966942148,0.8197314049586777,442,0.2692307692307692,0.04338842975206612,0.8528875634540025,0.5607385460544092,0.762396694214876,0.8553719008264463,0.7892561983471075,,0.871900826446281,indel,vaf_bin,0.5,truth,native,10-20%,
,330,4,226,0.6848484848484848,0.632841041581689,0.7326018858215431,0.8424242424242424,0.8454545454545455,314,0.2802547770700637,0.048484848484848485,0.8432580239681567,0.45112095017218395,0.8242424242424242,0.8757575757575757,0.7696969696969697,,0.9121212121212121,indel,vaf_bin,0.5,truth,native,>=20%,
,344,4,139,0.40406976744186046,0.3535499529315015,0.4567084325301872,0.5523255813953488,0.6075581395348837,269,0.483271375464684,0.09011627906976744,0.703257598049352,0.5549884813042708,0.4883720930232558,0.6918604651162791,0.7383720930232558,,0.5116279069767442,indel,vaf_bin+lc,0.5,truth,native,<5%,False
,45,4,9,0.2,0.1089612680783129,0.3382296911614202,0.4,0.4222222222222222,27,0.6666666666666666,0.1111111111111111,0.5913630229419703,0.5597165991902835,0.37777777777777777,0.5111111111111111,0.5111111111111111,,0.28888888888888886,indel,vaf_bin+lc,0.5,truth,native,<5%,True
,342,4,237,0.6929824561403509,0.6421786688167648,0.7394991105047628,0.8421052631578947,0.8625730994152047,334,0.2904191616766467,0.038011695906432746,0.8319153376752442,0.33400649116480313,0.7573099415204678,0.9152046783625731,0.935672514619883,,0.8421052631578947,indel,vaf_bin+lc,0.5,truth,native,5-10%,False
,80,4,23,0.2875,0.19986924292269914,0.3946034621298997,0.4125,0.453125,49,0.5306122448979592,0.1125,0.67245097710214,0.6426929392446635,0.3875,0.45,0.5,,0.475,indel,vaf_bin+lc,0.5,truth,native,5-10%,True
,352,4,291,0.8267045454545454,0.7836930018583073,0.862662261978151,0.9744318181818182,0.9495738636363636,352,0.17329545454545456,0.002840909090909091,0.9090603168277477,0.055667337357476795,0.9204545454545454,0.9573863636363636,0.9289772727272727,,0.9914772727272727,indel,vaf_bin+lc,0.5,truth,native,10-20%,False
,132,4,32,0.24242424242424243,0.17727462637976993,0.3221418213649679,0.4393939393939394,0.4734848484848485,90,0.6444444444444445,0.15151515151515152,0.5997524147142788,0.528978417266187,0.3409090909090909,0.5833333333333334,0.4166666666666667,,0.553030303030303,indel,vaf_bin+lc,0.5,truth,native,10-20%,True
,204,4,177,0.8676470588235294,0.8142833224384739,0.907420618878671,0.9950980392156863,0.9656862745098039,204,0.1323529411764706,0.0,0.9329582407675714,-0.01087744742567361,0.9754901960784313,0.9558823529411765,0.9313725490196079,,1.0,indel,vaf_bin+lc,0.5,truth,native,>=20%,False
,126,4,49,0.3888888888888889,0.30825962345130464,0.4760927686558505,0.5952380952380952,0.6507936507936508,110,0.5545454545454546,0.12698412698412698,0.6575839571515227,0.41213968957871394,0.5793650793650794,0.746031746031746,0.5079365079365079,,0.7698412698412699,indel,vaf_bin+lc,0.5,truth,native,>=20%,True
all,39446,4,31176,0.7903462962024033,0.7863010756151517,0.7943349713993891,0.8791512447396441,0.8810145515388126,37097,0.15960859368682104,0.026339806317497338,0.912421899954844,0.6142320332592003,0.8723824975916443,0.8582365765857121,0.9064797444607818,,0.886959387517112,snv,all,0.5,truth,shared4,,
,5145,4,1375,0.26724975704567544,0.25533484175890564,0.2795119739462031,0.4099125364431487,0.46151603498542276,3311,0.584717607973422,0.11817298347910593,0.6342432875151811,0.5827566011959545,0.33994169096209914,0.441399416909621,0.6285714285714286,,0.43615160349854226,snv,vaf_bin,0.5,truth,shared4,<5%,
,6271,4,4253,0.6782012438207622,0.6665326895364196,0.6896516084522102,0.8111943868601499,0.8257454951363419,5835,0.27112253641816625,0.047360867485249564,0.8458849149144486,0.520040665430311,0.8064104608515388,0.7815340456067613,0.896986126614575,,0.8180513474724924,snv,vaf_bin,0.5,truth,shared4,5-10%,
,11394,4,10076,0.884325083377216,0.8783224445672533,0.8900686610330317,0.9670879410215903,0.957828681762331,11329,0.11060111218995498,0.008688783570300158,0.9411456933952972,0.28116695915525575,0.9715639810426541,0.9311040898718623,0.9553273652799719,,0.9733192908548359,snv,vaf_bin,0.5,truth,shared4,10-20%,
,16636,4,15472,0.9300312575138254,0.9260547941220778,0.933809167647546,0.989660976196201,0.9789763164222168,16622,0.06918541691733847,0.0021038711228660734,0.9640811480110753,0.13039533353073093,0.9939889396489541,0.9661577302236114,0.9625510940129839,,0.9932075018033181,snv,vaf_bin,0.5,truth,shared4,>=20%,
,4880,4,1329,0.2723360655737705,0.2600289467423017,0.28500132937633615,0.4151639344262295,0.4653176229508197,3147,0.5776930409914204,0.11598360655737705,0.6396947194147288,0.58756476091467,0.3411885245901639,0.45,0.6307377049180328,,0.43934426229508194,snv,vaf_bin+lc,0.5,truth,shared4,<5%,False
,265,4,46,0.17358490566037735,0.13273477255195404,0.22376328857713812,0.3132075471698113,0.3915094339622642,164,0.7195121951219512,0.15849056603773584,0.5220359634101507,0.48123657420379196,0.3169811320754717,0.2830188679245283,0.5886792452830188,,0.37735849056603776,snv,vaf_bin+lc,0.5,truth,shared4,<5%,True
,5910,4,4091,0.6922165820642978,0.6803270112350142,0.7038564363295525,0.8203045685279188,0.8336717428087986,5515,0.25820489573889394,0.04416243654822335,0.8536465727432448,0.5243030441805393,0.811336717428088,0.7962774957698816,0.9018612521150592,,0.8252115059221659,snv,vaf_bin+lc,0.5,truth,shared4,5-10%,False
,361,4,162,0.4487534626038781,0.39825463603597483,0.5003314508643516,0.6620498614958449,0.695983379501385,320,0.49375,0.0997229916897507,0.704310326656882,0.4337832477702602,0.7257617728531855,0.5401662049861495,0.817174515235457,,0.7008310249307479,snv,vaf_bin+lc,0.5,truth,shared4,5-10%,True
,10667,4,9603,0.9002531170900909,0.8944215440100193,0.905796511234492,0.9759070029061592,0.9656182619293147,10622,0.09593296930898136,0.005249835942626793,0.9493390937166547,0.24394413561050526,0.9771257148214119,0.9453454579544389,0.9619386894159557,,0.9780631855254523,snv,vaf_bin+lc,0.5,truth,shared4,10-20%,False
,727,4,473,0.6506189821182944,0.6152522000870198,0.6844023930628877,0.8376891334250344,0.84353507565337,707,0.33097595473833097,0.059147180192572216,0.812601301647546,0.3425540080248593,0.889958734525447,0.7221458046767538,0.8583218707015131,,0.9037138927097662,snv,vaf_bin+lc,0.5,truth,shared4,10-20%,True
,15601,4,14667,0.9401320428177681,0.9362998298057817,0.9437475603737174,0.9936542529325043,0.9829658355233639,15597,0.05962685131756107,0.0014101660149990385,0.969356857766802,0.08666856538225043,0.9957054034997757,0.9737837318120633,0.9668610986475226,,0.995513108134094,snv,vaf_bin+lc,0.5,truth,shared4,>=20%,False
,1035,4,805,0.7777777777777778,0.751448702709151,0.8020525030020142,0.9294685990338164,0.9188405797101449,1025,0.2146341463414634,0.012560386473429951,0.882595411266332,0.2334197085774381,0.9681159420289855,0.851207729468599,0.8975845410628019,,0.9584541062801932,snv,vaf_bin+lc,0.5,truth,shared4,>=20%,True
all,1625,4,957,0.5889230769230769,0.5648178540480998,0.6126088675244469,0.7433846153846154,0.76,1435,0.33310104529616724,0.05846153846153846,0.8087709972525768,0.5597165991902835,0.6867692307692308,0.808,0.7833846153846153,,0.7618461538461538,indel,all,0.5,truth,shared4,,
,389,4,148,0.38046272493573263,0.33360768591168966,0.42965559012036414,0.5347043701799485,0.5861182519280206,296,0.5,0.09254498714652956,0.6933903599681472,0.5619846718244886,0.4755784061696658,0.6709511568123393,0.712082262210797,,0.48586118251928023,indel,vaf_bin,0.5,truth,shared4,<5%,
,422,4,260,0.6161137440758294,0.5688635838323751,0.6612690112216545,0.7606635071090048,0.784952606635071,383,0.32114882506527415,0.052132701421800945,0.8129335058155975,0.5215329972105274,0.6872037914691943,0.8270142180094787,0.8530805687203792,,0.7725118483412322,indel,vaf_bin,0.5,truth,shared4,5-10%,
,484,4,323,0.6673553719008265,0.6242070348481471,0.7078680626468837,0.8285123966942148,0.8197314049586777,442,0.2692307692307692,0.04338842975206612,0.8528875634540025,0.5607385460544092,0.762396694214876,0.8553719008264463,0.7892561983471075,,0.871900826446281,indel,vaf_bin,0.5,truth,shared4,10-20%,
,330,4,226,0.6848484848484848,0.632841041581689,0.7326018858215431,0.8424242424242424,0.8454545454545455,314,0.2802547770700637,0.048484848484848485,0.8432580239681567,0.45112095017218395,0.8242424242424242,0.8757575757575757,0.7696969696969697,,0.9121212121212121,indel,vaf_bin,0.5,truth,shared4,>=20%,
,344,4,139,0.40406976744186046,0.3535499529315015,0.4567084325301872,0.5523255813953488,0.6075581395348837,269,0.483271375464684,0.09011627906976744,0.703257598049352,0.5549884813042708,0.4883720930232558,0.6918604651162791,0.7383720930232558,,0.5116279069767442,indel,vaf_bin+lc,0.5,truth,shared4,<5%,False
,45,4,9,0.2,0.1089612680783129,0.3382296911614202,0.4,0.4222222222222222,27,0.6666666666666666,0.1111111111111111,0.5913630229419703,0.5597165991902835,0.37777777777777777,0.5111111111111111,0.5111111111111111,,0.28888888888888886,indel,vaf_bin+lc,0.5,truth,shared4,<5%,True
,342,4,237,0.6929824561403509,0.6421786688167648,0.7394991105047628,0.8421052631578947,0.8625730994152047,334,0.2904191616766467,0.038011695906432746,0.8319153376752442,0.33400649116480313,0.7573099415204678,0.9152046783625731,0.935672514619883,,0.8421052631578947,indel,vaf_bin+lc,0.5,truth,shared4,5-10%,False
,80,4,23,0.2875,0.19986924292269914,0.3946034621298997,0.4125,0.453125,49,0.5306122448979592,0.1125,0.67245097710214,0.6426929392446635,0.3875,0.45,0.5,,0.475,indel,vaf_bin+lc,0.5,truth,shared4,5-10%,True
,352,4,291,0.8267045454545454,0.7836930018583073,0.862662261978151,0.9744318181818182,0.9495738636363636,352,0.17329545454545456,0.002840909090909091,0.9090603168277477,0.055667337357476795,0.9204545454545454,0.9573863636363636,0.9289772727272727,,0.9914772727272727,indel,vaf_bin+lc,0.5,truth,shared4,10-20%,False
,132,4,32,0.24242424242424243,0.17727462637976993,0.3221418213649679,0.4393939393939394,0.4734848484848485,90,0.6444444444444445,0.15151515151515152,0.5997524147142788,0.528978417266187,0.3409090909090909,0.5833333333333334,0.4166666666666667,,0.553030303030303,indel,vaf_bin+lc,0.5,truth,shared4,10-20%,True
,204,4,177,0.8676470588235294,0.8142833224384739,0.907420618878671,0.9950980392156863,0.9656862745098039,204,0.1323529411764706,0.0,0.9329582407675714,-0.01087744742567361,0.9754901960784313,0.9558823529411765,0.9313725490196079,,1.0,indel,vaf_bin+lc,0.5,truth,shared4,>=20%,False
,126,4,49,0.3888888888888889,0.30825962345130464,0.4760927686558505,0.5952380952380952,0.6507936507936508,110,0.5545454545454546,0.12698412698412698,0.6575839571515227,0.41213968957871394,0.5793650793650794,0.746031746031746,0.5079365079365079,,0.7698412698412699,indel,vaf_bin+lc,0.5,truth,shared4,>=20%,True
all,169057,5,76181,0.45062316260196267,0.4482525364964387,0.4529960326225876,0.6917844277373904,0.704533973748499,169057,0.5493768373980373,0.268163992026358,0.7233361645922582,0.4321050297181134,0.7189350337460146,0.6601974481979451,0.583779435338377,0.8618276675914041,0.6979302838687543,snv,all,0.5,union,native,,
,8032,5,0,0.0,2.710505431213761e-20,0.00047804064333268736,0.2204930278884462,0.3388695219123506,8032,1.0,0.6146663346613546,0.19585487268656393,-0.025193636093004058,0.13981573705179282,0.37064243027888444,0.6937250996015937,0.20729581673306774,0.28286852589641437,snv,vaf_bin,0.5,union,native,<5%,
,8486,5,1,0.00011784115012962527,2.080215945696358e-05,0.0006672505973616014,0.6366957341503653,0.5736271506009898,8486,0.9998821588498704,0.27504124440254535,0.42259352615127266,0.09298866053613133,0.7302616073532878,0.6173697855291068,0.847160028281876,0.02345038887579543,0.6498939429648833,snv,vaf_bin,0.5,union,native,5-10%,
,27018,5,9044,0.33473980309423346,0.32913672503228636,0.34038986834926893,0.498519505514842,0.5662891405729513,27018,0.6652601969057665,0.472018654230513,0.6635808386521194,0.4347458510285832,0.5424161669997779,0.47583092752979494,0.5017395810200607,0.7955437115996743,0.5159153157154489,snv,vaf_bin,0.5,union,native,10-20%,
,125521,5,67136,0.5348587089012994,0.5320983653386211,0.5376169188895676,0.7672660351654305,0.7665394635160651,125521,0.4651412910987006,0.20164753308211375,0.7740955419457765,0.44320896484718303,0.7932218513236828,0.7213055982664255,0.5765967447678078,0.9746576270106198,0.7669154962117892,snv,vaf_bin,0.5,union,native,>=20%,
,5619,5,0,0.0,0.0,0.0006831881796467747,0.30414664531055347,0.389855846235985,5619,1.0,0.4771311621284926,0.20582331014578506,-0.009216208779032236,0.17351841964762413,0.5096992347392775,0.8812956042000356,0.0,0.38476597259298806,snv,vaf_bin+lc,0.5,union,native,<5%,False
,2413,5,0,0.0,0.0,0.0015894542054771677,0.0256941566514712,0.22014090343970164,2413,1.0,0.9349357646083714,0.0915732572820881,-0.1970709720057827,0.0613344384583506,0.04682967260671363,0.25694156651471195,0.6900124326564443,0.04558640696228761,snv,vaf_bin+lc,0.5,union,native,<5%,True
,6860,5,1,0.0001457725947521866,2.5732905886716487e-05,0.0008253151341561214,0.7536443148688047,0.6404373177842565,6860,0.9998542274052478,0.15830903790087464,0.4609062522199367,0.029564226483906327,0.813265306122449,0.7323615160349854,0.9062682215743441,0.0005830903790087463,0.7497084548104956,snv,vaf_bin+lc,0.5,union,native,5-10%,False
,1626,5,0,0.0,0.0,0.0023569524507455427,0.14329643296432965,0.2917589175891759,1626,1.0,0.7675276752767528,0.15061374478497222,-0.04021086286870038,0.3800738007380074,0.13222632226322265,0.5977859778597786,0.11992619926199262,0.22878228782287824,snv,vaf_bin+lc,0.5,union,native,5-10%,True
,14985,5,8622,0.5753753753753754,0.5674430136660246,0.5832691014901882,0.8428428428428428,0.8185251918585251,14985,0.42462462462462464,0.12812812812812813,0.8018575682000642,0.381597734095056,0.8752085418752086,0.8130797464130798,0.8238238238238238,0.7352018685352019,0.8453119786453119,snv,vaf_bin+lc,0.5,union,native,10-20%,False
,12033,5,422,0.03507022355189895,0.03192894095701704,0.038508263165114964,0.06972492312806448,0.25217319039308567,12033,0.9649297764481011,0.9002742458239841,0.2736759225993778,-0.04635733563944414,0.12798138452588714,0.055846422338568937,0.10063990692262943,0.870688938751766,0.10570929942657692,snv,vaf_bin+lc,0.5,union,native,10-20%,True
,97153,5,63588,0.6545140139779523,0.6515177958520649,0.6574980135258578,0.9163175609605467,0.8788200055582432,97153,0.3454859860220477,0.061078916760161805,0.842724923868978,0.29992688703304665,0.9300381871892788,0.872901505872181,0.6941422292672382,0.9885644293022346,0.9084536761602833,snv,vaf_bin+lc,0.5,union,native,>=20%,False
,28368,5,3548,0.12507050197405528,0.12127175077872722,0.12897078173808207,0.2568034404963339,0.3820078962210942,28368,0.8749294980259448,0.6830583756345178,0.4335840855390085,0.21399800935865107,0.3246615905245347,0.20212915961646927,0.17403412295544277,0.9270304568527918,0.28218415115623235,snv,vaf_bin+lc,0.5,union,native,>=20%,True
all,22506,4,5340,0.23727006131698214,0.23175735442600243,0.24287244153971416,0.46165466986581355,0.582911223673687,22506,0.7627299386830179,0.36727983648804763,0.4774847454455797,0.15707011624455014,0.7695281258331111,0.5424331289433929,0.40531413845196834,,0.6143695014662757,indel,all,0.5,union,native,,
,831,4,3,0.0036101083032490976,0.0012285058669482584,0.010559910624245501,0.015643802647412757,0.2915162454873646,831,0.9963898916967509,0.8531889290012034,0.0641633138748997,-0.2590053878295086,0.012033694344163659,0.25150421179302046,0.8844765342960289,,0.018050541516245487,indel,vaf_bin,0.5,union,native,<5%,
,903,4,101,0.11184939091915837,0.0929142096822264,0.13407305123147462,0.2646733111849391,0.4465669988925803,903,0.8881506090808416,0.5902547065337763,0.32331305178167596,0.05267326781803808,0.2967884828349945,0.4496124031007752,0.778516057585825,,0.26135105204872644,indel,vaf_bin,0.5,union,native,5-10%,
,1764,4,491,0.27834467120181405,0.2579286354548378,0.29972400579407665,0.42346938775510207,0.5602324263038548,1764,0.721655328798186,0.4608843537414966,0.49655570644340535,0.2286015532653704,0.6768707482993197,0.5107709750566893,0.5368480725623582,,0.5164399092970522,indel,vaf_bin,0.5,union,native,10-20%,
,19008,4,4745,0.249631734006734,0.24353001815250555,0.2558346267391628,0.4940551346801347,0.6042324284511784,19008,0.750368265993266,0.3267571548821549,0.49235225186950055,0.1530981795524109,0.8337015993265994,0.5625,0.35442971380471383,,0.6662984006734006,indel,vaf_bin,0.5,union,native,>=20%,
,489,4,2,0.00408997955010225,0.001122337403149919,0.014788375221266305,0.022494887525562373,0.31339468302658485,489,0.9959100204498977,0.7730061349693251,0.08138793484226464,-0.23627193872159294,0.006134969325153374,0.36400817995910023,0.8588957055214724,,0.024539877300613498,indel,vaf_bin+lc,0.5,union,native,<5%,False
,342,4,1,0.0029239766081871343,0.0005163402758776581,0.01637422813836993,0.005847953216374269,0.260233918128655,342,0.9970760233918129,0.9678362573099415,0.03986834866628525,-0.3062130834480615,0.02046783625730994,0.09064327485380116,0.9210526315789473,,0.008771929824561403,indel,vaf_bin+lc,0.5,union,native,<5%,True
,496,4,98,0.1975806451612903,0.16492117055351319,0.23488851968745245,0.4314516129032258,0.5710685483870968,496,0.8024193548387096,0.34475806451612906,0.44160073973494884,0.10490021085208935,0.4495967741935484,0.6814516129032258,0.7479838709677419,,0.40524193548387094,indel,vaf_bin+lc,0.5,union,native,5-10%,False
,407,4,3,0.007371007371007371,0.0025099103681972944,0.021444485200700948,0.06142506142506143,0.29484029484029484,407,0.9926289926289926,0.8894348894348895,0.09788994337193917,-0.21327913279132785,0.11056511056511056,0.16707616707616707,0.8157248157248157,,0.085995085995086,indel,vaf_bin+lc,0.5,union,native,5-10%,True
,895,4,451,0.5039106145251396,0.4712077851676753,0.5365800175992154,0.7061452513966481,0.7505586592178771,895,0.4960893854748603,0.20782122905027933,0.7042261619730402,0.29926527473257203,0.8301675977653631,0.770949720670391,0.6960893854748603,,0.7050279329608938,indel,vaf_bin+lc,0.5,union,native,10-20%,False
,869,4,40,0.04602991944764097,0.033983344924391715,0.06207242554046827,0.1323360184119678,0.36421173762945913,869,0.953970080552359,0.7215189873417721,0.18414683429086567,-0.08252545397792141,0.5189873417721519,0.2428078250863061,0.37284234752589185,,0.3222094361334868,indel,vaf_bin+lc,0.5,union,native,10-20%,True
,5651,4,2845,0.503450716687312,0.49041677848759413,0.5164799665907611,0.8138382587152716,0.7998584321359051,5651,0.496549283312688,0.11785524685896301,0.7180329740707392,0.18899588950702742,0.9419571757211113,0.844098389665546,0.5561847460626438,,0.8571934170943196,indel,vaf_bin+lc,0.5,union,native,>=20%,False
,13357,4,1900,0.1422475106685633,0.13642657564301874,0.14827416499105533,0.35876319532829226,0.5214681440443213,13357,0.8577524893314367,0.41513812981957027,0.3736986482573655,0.06515788105492964,0.7879014748820843,0.44336303062064836,0.2690723964962192,,0.5855356741783334,indel,vaf_bin+lc,0.5,union,native,>=20%,True
all,133586,4,83848,0.6276705642806881,0.6250745565242363,0.6302592295444781,0.841368107436408,0.8418434566496489,133586,0.37232943571931193,0.10166484511850044,0.7921975110678554,0.2652293000523051,0.9098333657718624,0.8354992289611187,0.7387899929633345,,0.8832512389022802,snv,all,0.5,union,shared4,,
,6391,4,711,0.11125019558754498,0.10377339811951886,0.11919404650007626,0.27710843373493976,0.46721952746049134,6391,0.888749804412455,0.5194805194805194,0.32507680877207107,0.03931727077479208,0.1757158504146456,0.46581129713659836,0.8718510405257394,,0.355499921764982,snv,vaf_bin,0.5,union,shared4,<5%,
,8303,4,4297,0.5175237865831627,0.5067700161129862,0.5282613494719435,0.6503673371070697,0.7268457184150308,8303,0.4824762134168373,0.2605082500301096,0.7037418811066383,0.3550648237037815,0.7463567385282428,0.6309767553896182,0.8658316271227268,,0.6642177526195351,snv,vaf_bin,0.5,union,shared4,5-10%,
,16195,4,11676,0.720963260265514,0.7140035990525383,0.7278181212349225,0.8145106514356283,0.8491200987959246,16195,0.27903673973448595,0.13899351651744365,0.8405774805864302,0.4252527214677199,0.9049089225069465,0.7938252547082433,0.8370484717505403,,0.8606977462179685,snv,vaf_bin,0.5,union,shared4,10-20%,
,102697,4,67164,0.6540015774560114,0.6510865178516716,0.65690511640074,0.8961605499673798,0.8733069125680399,102697,0.3459984225439886,0.05693447715123129,0.8110425473538095,0.18287454107950032,0.9695122544962365,0.8816129000847153,0.7047430791551846,,0.9373594165360234,snv,vaf_bin,0.5,union,shared4,>=20%,
,5619,4,687,0.1222637479978644,0.11395541589634638,0.13108820998416626,0.30414664531055347,0.4873198077949813,5619,0.8777362520021356,0.4771311621284926,0.3430388502429751,0.04874455139435513,0.17351841964762413,0.5096992347392775,0.8812956042000356,,0.38476597259298806,snv,vaf_bin+lc,0.5,union,shared4,<5%,False
,772,4,24,0.031088082901554404,0.02097869715062847,0.045840958116950214,0.08031088082901554,0.32091968911917096,772,0.9689119170984456,0.8277202072538861,0.15038721528449858,-0.14666075108338747,0.19170984455958548,0.14637305699481865,0.8031088082901554,,0.14248704663212436,snv,vaf_bin+lc,0.5,union,shared4,<5%,True
,6860,4,4162,0.6067055393586006,0.5950895370412644,0.618202102747213,0.7532069970845481,0.8004008746355685,6860,0.3932944606413994,0.15830903790087464,0.7678721020173697,0.33839676747277836,0.813265306122449,0.7323615160349854,0.9062682215743441,,0.7497084548104956,snv,vaf_bin+lc,0.5,union,shared4,5-10%,False
,1443,4,135,0.09355509355509356,0.07959026814698106,0.10967819464914283,0.16146916146916146,0.3771656271656272,1443,0.9064449064449065,0.7463617463617463,0.24859401736557094,0.002638150904991592,0.4282744282744283,0.14899514899514898,0.6735966735966736,,0.2577962577962578,snv,vaf_bin+lc,0.5,union,shared4,5-10%,True
,13800,4,11133,0.8067391304347826,0.8000662307717885,0.8132413057755981,0.9010144927536232,0.9114311594202898,13800,0.1932608695652174,0.06202898550724638,0.8932998238707128,0.36332847487767,0.9503623188405798,0.8828985507246376,0.8945652173913043,,0.9178985507246377,snv,vaf_bin+lc,0.5,union,shared4,10-20%,False
,2395,4,543,0.2267223382045929,0.21039856020920103,0.2439213594392097,0.31607515657620044,0.4900835073068894,2395,0.7732776617954071,0.5824634655532359,0.41906697131468257,0.19258428411505088,0.6430062630480167,0.28058455114822545,0.5056367432150313,,0.5311064718162839,snv,vaf_bin+lc,0.5,union,shared4,10-20%,True
,91995,4,63609,0.6914397521604435,0.6884470245221221,0.694416492468644,0.9348660253274634,0.8991195173650742,91995,0.3085602478395565,0.029827708027610197,0.8355063471912443,0.11709963815994412,0.9821838143377357,0.9218435784553508,0.7330615794336649,,0.9593890972335453,snv,vaf_bin+lc,0.5,union,shared4,>=20%,False
,10702,4,3555,0.33218090076621193,0.32331907415670996,0.34116316072259506,0.5634460848439544,0.6514202952719118,10702,0.6678190992337881,0.28994580452251917,0.5655917733716659,0.21094542321739346,0.8605868062044477,0.5357877032330406,0.4613156419360867,,0.7479910297140722,snv,vaf_bin+lc,0.5,union,shared4,>=20%,True
all,22506,4,5340,0.23727006131698214,0.23175735442600243,0.24287244153971416,0.46165466986581355,0.582911223673687,22506,0.7627299386830179,0.36727983648804763,0.4774847454455797,0.15707011624455014,0.7695281258331111,0.5424331289433929,0.40531413845196834,,0.6143695014662757,indel,all,0.5,union,shared4,,
,831,4,3,0.0036101083032490976,0.0012285058669482584,0.010559910624245501,0.015643802647412757,0.2915162454873646,831,0.9963898916967509,0.8531889290012034,0.0641633138748997,-0.2590053878295086,0.012033694344163659,0.25150421179302046,0.8844765342960289,,0.018050541516245487,indel,vaf_bin,0.5,union,shared4,<5%,
,903,4,101,0.11184939091915837,0.0929142096822264,0.13407305123147462,0.2646733111849391,0.4465669988925803,903,0.8881506090808416,0.5902547065337763,0.32331305178167596,0.05267326781803808,0.2967884828349945,0.4496124031007752,0.778516057585825,,0.26135105204872644,indel,vaf_bin,0.5,union,shared4,5-10%,
,1764,4,491,0.27834467120181405,0.2579286354548378,0.29972400579407665,0.42346938775510207,0.5602324263038548,1764,0.721655328798186,0.4608843537414966,0.49655570644340535,0.2286015532653704,0.6768707482993197,0.5107709750566893,0.5368480725623582,,0.5164399092970522,indel,vaf_bin,0.5,union,shared4,10-20%,
,19008,4,4745,0.249631734006734,0.24353001815250555,0.2558346267391628,0.4940551346801347,0.6042324284511784,19008,0.750368265993266,0.3267571548821549,0.49235225186950055,0.1530981795524109,0.8337015993265994,0.5625,0.35442971380471383,,0.6662984006734006,indel,vaf_bin,0.5,union,shared4,>=20%,
,489,4,2,0.00408997955010225,0.001122337403149919,0.014788375221266305,0.022494887525562373,0.31339468302658485,489,0.9959100204498977,0.7730061349693251,0.08138793484226464,-0.23627193872159294,0.006134969325153374,0.36400817995910023,0.8588957055214724,,0.024539877300613498,indel,vaf_bin+lc,0.5,union,shared4,<5%,False
,342,4,1,0.0029239766081871343,0.0005163402758776581,0.01637422813836993,0.005847953216374269,0.260233918128655,342,0.9970760233918129,0.9678362573099415,0.03986834866628525,-0.3062130834480615,0.02046783625730994,0.09064327485380116,0.9210526315789473,,0.008771929824561403,indel,vaf_bin+lc,0.5,union,shared4,<5%,True
,496,4,98,0.1975806451612903,0.16492117055351319,0.23488851968745245,0.4314516129032258,0.5710685483870968,496,0.8024193548387096,0.34475806451612906,0.44160073973494884,0.10490021085208935,0.4495967741935484,0.6814516129032258,0.7479838709677419,,0.40524193548387094,indel,vaf_bin+lc,0.5,union,shared4,5-10%,False
,407,4,3,0.007371007371007371,0.0025099103681972944,0.021444485200700948,0.06142506142506143,0.29484029484029484,407,0.9926289926289926,0.8894348894348895,0.09788994337193917,-0.21327913279132785,0.11056511056511056,0.16707616707616707,0.8157248157248157,,0.085995085995086,indel,vaf_bin+lc,0.5,union,shared4,5-10%,True
,895,4,451,0.5039106145251396,0.4712077851676753,0.5365800175992154,0.7061452513966481,0.7505586592178771,895,0.4960893854748603,0.20782122905027933,0.7042261619730402,0.29926527473257203,0.8301675977653631,0.770949720670391,0.6960893854748603,,0.7050279329608938,indel,vaf_bin+lc,0.5,union,shared4,10-20%,False
,869,4,40,0.04602991944764097,0.033983344924391715,0.06207242554046827,0.1323360184119678,0.36421173762945913,869,0.953970080552359,0.7215189873417721,0.18414683429086567,-0.08252545397792141,0.5189873417721519,0.2428078250863061,0.37284234752589185,,0.3222094361334868,indel,vaf_bin+lc,0.5,union,shared4,10-20%,True
,5651,4,2845,0.503450716687312,0.49041677848759413,0.5164799665907611,0.8138382587152716,0.7998584321359051,5651,0.496549283312688,0.11785524685896301,0.7180329740707392,0.18899588950702742,0.9419571757211113,0.844098389665546,0.5561847460626438,,0.8571934170943196,indel,vaf_bin+lc,0.5,union,shared4,>=20%,False
,13357,4,1900,0.1422475106685633,0.13642657564301874,0.14827416499105533,0.35876319532829226,0.5214681440443213,13357,0.8577524893314367,0.41513812981957027,0.3736986482573655,0.06515788105492964,0.7879014748820843,0.44336303062064836,0.2690723964962192,,0.5855356741783334,indel,vaf_bin+lc,0.5,union,shared4,>=20%,True
all,61555,5,24165,0.3925757452684591,0.3887249009945605,0.3964399967423997,0.5682235399236455,0.6175777759727074,61555,0.6074242547315409,0.4063682885224596,0.6973884907716102,0.46013768656136833,0.5739257574526846,0.5628624807083097,0.6209243765737958,0.7520103972057509,0.5781658679229957,snv,all,0.5,union_hc,native,,
,4506,5,0,0.0,0.0,0.0008517946486080359,0.29782512205947625,0.3823346648912561,4506,1.0,0.5193075898801598,0.21050577796510556,0.005933424688233395,0.18553040390590325,0.4798047048379938,0.8666222814025744,0.0,0.37971593430980916,snv,vaf_bin,0.5,union_hc,native,<5%,
,6797,5,1,0.00014712373105781962,2.5971423253437302e-05,0.000832960351007783,0.7151684566720612,0.6168015300868029,6797,0.9998528762689421,0.2196557304693247,0.4537024494894821,0.07271691187037169,0.7882889510077976,0.6767691628659703,0.8927468000588495,0.00029424746211563924,0.7259084890392821,snv,vaf_bin,0.5,union_hc,native,5-10%,
,20717,5,8206,0.39609982140271277,0.3894597446810134,0.40277842245348805,0.5643674277163682,0.6159386011488149,20717,0.6039001785972873,0.42573731717912827,0.7218106673863762,0.4770421177390715,0.579910218661003,0.5440459525993145,0.5664912873485544,0.817685958391659,0.571559588743544,snv,vaf_bin,0.5,union_hc,native,10-20%,
,29535,5,15958,0.5403081090231928,0.5346194999183592,0.5459862341731178,0.5783646521076689,0.6547960047401389,29535,0.4596918909768072,0.41852039952598613,0.8034121699773997,0.5898765195537726,0.579651261215507,0.5625190452006095,0.5590655154900965,0.9936685288640595,0.5790756729304215,snv,vaf_bin,0.5,union_hc,native,>=20%,
,3992,5,0,0.0,0.0,0.0009613641732992749,0.32439879759519036,0.39809619238476956,3992,1.0,0.47870741482965934,0.2202837713393057,0.008201942100354395,0.19488977955911824,0.5268036072144289,0.8617234468937875,0.0,0.407064128256513,snv,vaf_bin+lc,0.5,union_hc,native,<5%,False
,514,5,0,0.0,0.0,0.007418214117970523,0.0914396887159533,0.25992217898832687,514,1.0,0.8346303501945526,0.12118475440209989,-0.10342013134614082,0.11284046692607004,0.11478599221789883,0.9046692607003891,0.0,0.16731517509727625,snv,vaf_bin+lc,0.5,union_hc,native,<5%,True
,5733,5,1,0.00017442874585731728,3.0791620343605054e-05,0.0009874444356158247,0.8126635269492413,0.6730507587650445,5733,0.9998255712541427,0.12349555206698064,0.4887866329429055,0.00013185373105748159,0.8569684283969998,0.7734170591313448,0.9284842141984999,0.00017442874585731728,0.8062096633525205,snv,vaf_bin+lc,0.5,union_hc,native,5-10%,False
,1064,5,0,0.0,0.0,0.003597405578293024,0.18984962406015038,0.3137218045112782,1064,1.0,0.7377819548872181,0.17237444703463528,0.00340345209393776,0.4182330827067669,0.15601503759398497,0.700187969924812,0.0009398496240601503,0.2932330827067669,snv,vaf_bin+lc,0.5,union_hc,native,5-10%,True
,12218,5,7823,0.6402848256670486,0.6317322604138609,0.6487492048015104,0.9024390243902439,0.8664429530201343,12218,0.35971517433295136,0.08675724341136029,0.8425670724925357,0.3463292354918494,0.9074316582091996,0.8773121623833688,0.8885251268620069,0.7555246357832706,0.9034211818628254,snv,vaf_bin+lc,0.5,union_hc,native,10-20%,False
,8499,5,383,0.04506412519119896,0.0408555811651289,0.04968373590305829,0.07836216025414755,0.2558183315684198,8499,0.954935874808801,0.9130485939522297,0.36985588250365553,-0.012793707828087954,0.10907165548888105,0.06494881750794211,0.10354159312860337,0.907047887986822,0.09448170372985057,snv,vaf_bin+lc,0.5,union_hc,native,10-20%,True
,18195,5,15106,0.830228084638637,0.8247033973288154,0.8356133611412984,0.8802418246771091,0.8936960703489969,18195,0.16977191536136302,0.11810937070623798,0.9285587822787296,0.6365239226754255,0.8799670239076669,0.8612805715856005,0.8522121461940093,0.9965375103050289,0.8784830997526794,snv,vaf_bin+lc,0.5,union_hc,native,>=20%,False
,11340,5,852,0.07513227513227513,0.07042313205353615,0.08012917115171697,0.09400352733686067,0.2714814814814815,11340,0.9248677248677248,0.9005291005291005,0.5292149485343183,0.059352637560876706,0.09779541446208113,0.08315696649029983,0.08871252204585538,0.9890652557319224,0.09867724867724868,snv,vaf_bin+lc,0.5,union_hc,native,>=20%,True
all,3645,4,987,0.2707818930041152,0.2566030555979696,0.28544336684646643,0.38271604938271603,0.5356652949245542,3645,0.7292181069958847,0.5108367626886146,0.4848494672390815,0.2313887622768973,0.5004115226337449,0.5451303155006859,0.7116598079561043,,0.38545953360768176,indel,all,0.5,union_hc,native,,
,745,4,3,0.004026845637583893,0.0013704158080156377,0.011771830397466702,0.0174496644295302,0.2929530201342282,745,0.9959731543624161,0.8496644295302014,0.07603266228395449,-0.25556496074015,0.006711409395973154,0.23624161073825503,0.9100671140939597,,0.01879194630872483,indel,vaf_bin,0.5,union_hc,native,<5%,
,747,4,98,0.13119143239625167,0.10885630406494887,0.1573003611977475,0.2971887550200803,0.46720214190093706,747,0.8688085676037484,0.5595716198125836,0.3527499431813559,0.07948409670127142,0.31057563587684067,0.48460508701472554,0.8072289156626506,,0.26639892904953144,indel,vaf_bin,0.5,union_hc,native,5-10%,
,1051,4,444,0.4224548049476689,0.39292753917019313,0.4525468696739256,0.5803996194100857,0.6634157944814463,1051,0.5775451950523312,0.3491912464319695,0.6332813381869601,0.3271074611220843,0.7240723120837298,0.6860133206470028,0.6755470980019029,,0.5680304471931494,indel,vaf_bin,0.5,union_hc,native,10-20%,
,1102,4,442,0.4010889292196007,0.37254343381151855,0.4303216168147418,0.49909255898366606,0.6243194192377496,1102,0.5989110707803993,0.4029038112522686,0.601025543325214,0.32680316818335015,0.7495462794918331,0.6606170598911071,0.5471869328493648,,0.5399274047186933,indel,vaf_bin,0.5,union_hc,native,>=20%,
,431,4,2,0.004640371229698376,0.0012734809186424065,0.01675943351863422,0.025522041763341066,0.31728538283062646,431,0.9953596287703016,0.7610208816705336,0.08618178315563062,-0.2308821785833184,0.0069605568445475635,0.3503480278422274,0.8839907192575406,,0.027842227378190254,indel,vaf_bin+lc,0.5,union_hc,native,<5%,False
,314,4,1,0.0031847133757961785,0.0005624014962083319,0.017816128612381136,0.006369426751592357,0.25955414012738853,314,0.9968152866242038,0.9713375796178344,0.08177309613951479,-0.3063482639576053,0.006369426751592357,0.07961783439490445,0.945859872611465,,0.006369426751592357,indel,vaf_bin+lc,0.5,union_hc,native,<5%,True
,417,4,96,0.2302158273381295,0.19238321576820727,0.27297364182251627,0.48201438848920863,0.6037170263788969,417,0.7697841726618705,0.2973621103117506,0.4779263638328333,0.1187556995133912,0.47721822541966424,0.7266187050359713,0.7769784172661871,,0.434052757793765,indel,vaf_bin+lc,0.5,union_hc,native,5-10%,False
,330,4,2,0.006060606060606061,0.0016636132453936824,0.021824957791871533,0.06363636363636363,0.2946969696969697,330,0.9939393939393939,0.8909090909090909,0.0993393286695687,-0.21372104517629,0.1,0.1787878787878788,0.8454545454545455,,0.05454545454545454,indel,vaf_bin+lc,0.5,union_hc,native,5-10%,True
,681,4,413,0.6064610866372981,0.5692702270299393,0.6424576088544302,0.788546255506608,0.8105726872246696,681,0.3935389133627019,0.1527165932452276,0.7749789912777133,0.3273649028199077,0.8663729809104258,0.8516886930983847,0.7709251101321586,,0.7533039647577092,indel,vaf_bin+lc,0.5,union_hc,native,10-20%,False
,370,4,31,0.08378378378378379,0.059651317443124754,0.11647002294644858,0.1972972972972973,0.39256756756756755,370,0.9162162162162162,0.7108108108108108,0.25273511883090033,0.007324387331624249,0.46216216216216216,0.3810810810810811,0.5,,0.22702702702702704,indel,vaf_bin+lc,0.5,union_hc,native,10-20%,True
,499,4,358,0.717434869739479,0.6763852599726736,0.7551622908377282,0.8256513026052105,0.8577154308617234,499,0.28256513026052105,0.11222444889779559,0.8380499008625173,0.3787405116054584,0.9218436873747495,0.8777555110220441,0.7955911823647295,,0.8356713426853707,indel,vaf_bin+lc,0.5,union_hc,native,>=20%,False
,603,4,84,0.13930348258706468,0.11394264989923983,0.16923091433719575,0.22885572139303484,0.4311774461028192,603,0.8606965174129353,0.6434494195688225,0.32001662007444737,0.07929468490692974,0.6069651741293532,0.48092868988391374,0.3416252072968491,,0.29519071310116085,indel,vaf_bin+lc,0.5,union_hc,native,>=20%,True
all,41417,4,31204,0.7534104353284883,0.7492359715110888,0.7575378954773111,0.8391723205447039,0.8679105198348505,41417,0.2465895646715117,0.12094067653379047,0.8618035444648906,0.4332670973038049,0.8529830745829008,0.8365405509814811,0.9228336190453196,,0.8592848347297004,snv,all,0.5,union_hc,shared4,,
,4506,4,600,0.13315579227696406,0.12354776835953137,0.14338876806041942,0.29782512205947625,0.4779183311140701,4506,0.8668442077230359,0.5193075898801598,0.35084296327517595,0.07038691184826994,0.18553040390590325,0.4798047048379938,0.8666222814025744,,0.37971593430980916,snv,vaf_bin,0.5,union_hc,shared4,<5%,
,6797,4,3999,0.5883478005002207,0.5766014758251092,0.5999943185735828,0.7151684566720612,0.7709283507429748,6797,0.4116521994997793,0.2198028542003825,0.7560147194542397,0.3865603667913602,0.7882889510077976,0.6767691628659703,0.8927468000588495,,0.7259084890392821,snv,vaf_bin,0.5,union_hc,shared4,5-10%,
,12777,4,10646,0.8332159348829928,0.8266521510146971,0.8395794134276717,0.907724818032402,0.9169210299757377,12777,0.16678406511700714,0.07325663301244424,0.9099435286320414,0.43183667148044524,0.9402833215934883,0.8821319558581827,0.9185254754637239,,0.9267433669875558,snv,vaf_bin,0.5,union_hc,shared4,10-20%,
,17337,4,15959,0.9205168137509373,0.916396647806701,0.9244506683183847,0.977966199457807,0.9711743669608353,17337,0.0794831862490627,0.013785545365403473,0.9585108816110798,0.2656417296830815,0.9874834169694873,0.9582972832670013,0.9524139124415989,,0.9865028551652535,snv,vaf_bin,0.5,union_hc,shared4,>=20%,
,3992,4,578,0.14478957915831664,0.13421511102018818,0.15604702044160462,0.32439879759519036,0.49762024048096193,3992,0.8552104208416834,0.47870741482965934,0.3671396188988429,0.07913745631428987,0.19488977955911824,0.5268036072144289,0.8617234468937875,,0.407064128256513,snv,vaf_bin+lc,0.5,union_hc,shared4,<5%,False
,514,4,22,0.042801556420233464,0.028432970402284072,0.06395333433593799,0.0914396887159533,0.32490272373540857,514,0.9571984435797666,0.8346303501945526,0.20197459067016643,-0.11908172128365775,0.11284046692607004,0.11478599221789883,0.9046692607003891,,0.16731517509727625,snv,vaf_bin+lc,0.5,union_hc,shared4,<5%,True
,5733,4,3875,0.6759113901971044,0.6636817899187464,0.6879054056623266,0.8126635269492413,0.8412698412698413,5733,0.3240886098028955,0.12349555206698064,0.8145055062112044,0.353410740203193,0.8569684283969998,0.7734170591313448,0.9284842141984999,,0.8062096633525205,snv,vaf_bin+lc,0.5,union_hc,shared4,5-10%,False
,1064,4,124,0.11654135338345864,0.09862599537667861,0.13721562393900474,0.18984962406015038,0.3919172932330827,1064,0.8834586466165414,0.7387218045112782,0.28706703141119305,0.04825938321985385,0.4182330827067669,0.15601503759398497,0.700187969924812,,0.2932330827067669,snv,vaf_bin+lc,0.5,union_hc,shared4,5-10%,True
,11455,4,10155,0.8865124399825404,0.8805738526410118,0.8921918786785075,0.9566128328240943,0.9537319947621126,11455,0.11348756001745962,0.028197293758184198,0.939762536924606,0.3283584473900098,0.9678742907027499,0.9357485814054998,0.9477084242688782,,0.9635966826713226,snv,vaf_bin+lc,0.5,union_hc,shared4,10-20%,False
,1322,4,491,0.3714069591527988,0.34576856493511077,0.3977905176852031,0.48411497730711045,0.5979576399394856,1322,0.6285930408472012,0.4636913767019667,0.5771340848879176,0.32822445277082085,0.7012102874432677,0.4175491679273828,0.6656580937972768,,0.6074130105900152,snv,vaf_bin+lc,0.5,union_hc,shared4,10-20%,True
,16100,4,15106,0.9382608695652174,0.93443757459512,0.9418750764009759,0.9903726708074534,0.9809316770186335,16100,0.06173913043478261,0.004906832298136646,0.9682348781724226,0.15378815488355724,0.994472049689441,0.9733540372670807,0.9631055900621118,,0.9927950310559006,snv,vaf_bin+lc,0.5,union_hc,shared4,>=20%,False
,1237,4,853,0.6895715440582053,0.6632348980560107,0.7147344199950975,0.8164915117219078,0.8441794664510913,1237,0.3104284559417947,0.1293451899757478,0.8222910352516068,0.3757000666880508,0.8965238480194018,0.7623282134195635,0.8132578819725141,,0.904607922392886,snv,vaf_bin+lc,0.5,union_hc,shared4,>=20%,True
all,3645,4,987,0.2707818930041152,0.2566030555979696,0.28544336684646643,0.38271604938271603,0.5356652949245542,3645,0.7292181069958847,0.5108367626886146,0.4848494672390815,0.2313887622768973,0.5004115226337449,0.5451303155006859,0.7116598079561043,,0.38545953360768176,indel,all,0.5,union_hc,shared4,,
,745,4,3,0.004026845637583893,0.0013704158080156377,0.011771830397466702,0.0174496644295302,0.2929530201342282,745,0.9959731543624161,0.8496644295302014,0.07603266228395449,-0.25556496074015,0.006711409395973154,0.23624161073825503,0.9100671140939597,,0.01879194630872483,indel,vaf_bin,0.5,union_hc,shared4,<5%,
,747,4,98,0.13119143239625167,0.10885630406494887,0.1573003611977475,0.2971887550200803,0.46720214190093706,747,0.8688085676037484,0.5595716198125836,0.3527499431813559,0.07948409670127142,0.31057563587684067,0.48460508701472554,0.8072289156626506,,0.26639892904953144,indel,vaf_bin,0.5,union_hc,shared4,5-10%,
,1051,4,444,0.4224548049476689,0.39292753917019313,0.4525468696739256,0.5803996194100857,0.6634157944814463,1051,0.5775451950523312,0.3491912464319695,0.6332813381869601,0.3271074611220843,0.7240723120837298,0.6860133206470028,0.6755470980019029,,0.5680304471931494,indel,vaf_bin,0.5,union_hc,shared4,10-20%,
,1102,4,442,0.4010889292196007,0.37254343381151855,0.4303216168147418,0.49909255898366606,0.6243194192377496,1102,0.5989110707803993,0.4029038112522686,0.601025543325214,0.32680316818335015,0.7495462794918331,0.6606170598911071,0.5471869328493648,,0.5399274047186933,indel,vaf_bin,0.5,union_hc,shared4,>=20%,
,431,4,2,0.004640371229698376,0.0012734809186424065,0.01675943351863422,0.025522041763341066,0.31728538283062646,431,0.9953596287703016,0.7610208816705336,0.08618178315563062,-0.2308821785833184,0.0069605568445475635,0.3503480278422274,0.8839907192575406,,0.027842227378190254,indel,vaf_bin+lc,0.5,union_hc,shared4,<5%,False
,314,4,1,0.0031847133757961785,0.0005624014962083319,0.017816128612381136,0.006369426751592357,0.25955414012738853,314,0.9968152866242038,0.9713375796178344,0.08177309613951479,-0.3063482639576053,0.006369426751592357,0.07961783439490445,0.945859872611465,,0.006369426751592357,indel,vaf_bin+lc,0.5,union_hc,shared4,<5%,True
,417,4,96,0.2302158273381295,0.19238321576820727,0.27297364182251627,0.48201438848920863,0.6037170263788969,417,0.7697841726618705,0.2973621103117506,0.4779263638328333,0.1187556995133912,0.47721822541966424,0.7266187050359713,0.7769784172661871,,0.434052757793765,indel,vaf_bin+lc,0.5,union_hc,shared4,5-10%,False
,330,4,2,0.006060606060606061,0.0016636132453936824,0.021824957791871533,0.06363636363636363,0.2946969696969697,330,0.9939393939393939,0.8909090909090909,0.0993393286695687,-0.21372104517629,0.1,0.1787878787878788,0.8454545454545455,,0.05454545454545454,indel,vaf_bin+lc,0.5,union_hc,shared4,5-10%,True
,681,4,413,0.6064610866372981,0.5692702270299393,0.6424576088544302,0.788546255506608,0.8105726872246696,681,0.3935389133627019,0.1527165932452276,0.7749789912777133,0.3273649028199077,0.8663729809104258,0.8516886930983847,0.7709251101321586,,0.7533039647577092,indel,vaf_bin+lc,0.5,union_hc,shared4,10-20%,False
,370,4,31,0.08378378378378379,0.059651317443124754,0.11647002294644858,0.1972972972972973,0.39256756756756755,370,0.9162162162162162,0.7108108108108108,0.25273511883090033,0.007324387331624249,0.46216216216216216,0.3810810810810811,0.5,,0.22702702702702704,indel,vaf_bin+lc,0.5,union_hc,shared4,10-20%,True
,499,4,358,0.717434869739479,0.6763852599726736,0.7551622908377282,0.8256513026052105,0.8577154308617234,499,0.28256513026052105,0.11222444889779559,0.8380499008625173,0.3787405116054584,0.9218436873747495,0.8777555110220441,0.7955911823647295,,0.8356713426853707,indel,vaf_bin+lc,0.5,union_hc,shared4,>=20%,False
,603,4,84,0.13930348258706468,0.11394264989923983,0.16923091433719575,0.22885572139303484,0.4311774461028192,603,0.8606965174129353,0.6434494195688225,0.32001662007444737,0.07929468490692974,0.6069651741293532,0.48092868988391374,0.3416252072968491,,0.29519071310116085,indel,vaf_bin+lc,0.5,union_hc,shared4,>=20%,True
all,39446,5,8894,0.22547279825584343,0.22137570771272871,0.22962335339611054,0.6827308218830807,0.6092278051006439,31242,0.715319121695154,0.043781372002230895,0.6440797310940944,0.46080671691673375,0.7141662018962632,0.6452365258834862,0.7685443390964863,0.24481569740911627,0.6733762612178674,snv,all,0.2,truth,native,,
,14816,5,67,0.004522138228941684,0.0035627385620832785,0.005738404044854097,0.34557235421166305,0.3128374730021598,7578,0.9911586170493534,0.0775512958963283,0.42842676470087293,0.45149107518531617,0.38100701943844495,0.343817494600432,0.4975026997840173,0.004994600431965443,0.33686555075593955,snv,vaf_bin,0.2,truth,native,<5%,
,13213,5,1871,0.1416029667751457,0.13576241701474928,0.14765185185512386,0.8218421251797472,0.6991447816544312,12375,0.8488080808080808,0.037917202754862635,0.5804438752727736,0.14825646083593946,0.8683871944297283,0.7573601755846515,0.9088019374858094,0.1546204495572542,0.8065541512147127,snv,vaf_bin,0.2,truth,native,5-10%,
,11262,5,6838,0.6071745693482508,0.5981196884167413,0.6161563608977941,0.9589770911028237,0.8891315929675013,11135,0.38590031432420296,0.006659563132658497,0.8269270631124958,0.1514810807050507,0.967856508613035,0.9057893802166578,0.957733972651394,0.6586751909074765,0.9556029124489434,snv,vaf_bin,0.2,truth,native,10-20%,
,155,5,118,0.7612903225806451,0.688376411529281,0.8215660216451439,0.9806451612903225,0.9380645161290323,154,0.23376623376623376,0.012903225806451613,0.9042609534069973,0.18937700596056709,0.9806451612903225,0.967741935483871,0.9741935483870968,0.7870967741935484,0.9806451612903225,snv,vaf_bin,0.2,truth,native,>=20%,
,13988,5,64,0.004575350300257364,0.0035849074889914246,0.0058378306980239126,0.35144409493851875,0.316728624535316,7182,0.9910888331940964,0.07577923934801258,0.4339929361421334,0.455265990912131,0.3831855876465542,0.35251644266514154,0.5007863883328567,0.00493279954246497,0.34222190448956247,snv,vaf_bin+lc,0.2,truth,native,<5%,False
,828,5,3,0.0036231884057971015,0.0012329596813827944,0.010597971220578274,0.2463768115942029,0.24710144927536232,396,0.9924242424242424,0.10748792270531402,0.3198003434890449,0.3638141795489121,0.3442028985507246,0.19685990338164253,0.4420289855072464,0.006038647342995169,0.2463768115942029,snv,vaf_bin+lc,0.2,truth,native,<5%,True
,12367,5,1790,0.14474003396134874,0.13864936711080736,0.1510513352019955,0.8365812242257621,0.7095981240397833,11648,0.8463255494505495,0.03468909193822269,0.5872370915827313,0.1343760357290107,0.8759602167057492,0.7798172555995795,0.9177650198107867,0.15500929894072937,0.8194388291420717,snv,vaf_bin+lc,0.2,truth,native,5-10%,False
,846,5,81,0.09574468085106383,0.0777052452146118,0.1174387514678148,0.6063829787234043,0.5463356973995273,727,0.8885832187070152,0.0851063829787234,0.4655981076871766,0.2312228102720996,0.7576832151300237,0.42907801418439717,0.7777777777777778,0.14893617021276595,0.6182033096926713,snv,vaf_bin+lc,0.2,truth,native,5-10%,True
,10550,5,6493,0.6154502369668247,0.6061266753690079,0.6246897538435078,0.9653080568720379,0.8952796208530807,10447,0.37848186082128843,0.0051184834123222745,0.8321365804173284,0.1313358389181219,0.9727014218009479,0.9191469194312796,0.9646445497630332,0.6590521327014218,0.9608530805687204,snv,vaf_bin+lc,0.2,truth,native,10-20%,False
,712,5,345,0.4845505617977528,0.4480231622760564,0.5212437756346876,0.8651685393258427,0.7980337078651686,688,0.498546511627907,0.02949438202247191,0.7443107236741441,0.2784769413108959,0.8960674157303371,0.7078651685393258,0.8553370786516854,0.6530898876404494,0.8778089887640449,snv,vaf_bin+lc,0.2,truth,native,10-20%,True
,153,5,117,0.7647058823529411,0.6915216339127415,0.8249234476941671,0.9803921568627451,0.938562091503268,152,0.23026315789473684,0.013071895424836602,0.9056509478393971,0.19523795412789507,0.9803921568627451,0.9673202614379085,0.9738562091503268,0.7908496732026143,0.9803921568627451,snv,vaf_bin+lc,0.2,truth,native,>=20%,False
,2,5,1,0.5,0.09453120573423074,0.9054687942657693,1.0,0.9,2,0.5,0.0,0.8,-0.11111111111111124,1.0,1.0,1.0,0.5,1.0,snv,vaf_bin+lc,0.2,truth,native,>=20%,True
all,1625,4,356,0.21907692307692309,0.1996417114514347,0.23983719236955123,0.4246153846153846,0.47384615384615386,1106,0.6781193490054249,0.10953846153846154,0.5713336694068335,0.4882408040302778,0.304,0.5587692307692308,0.608,,0.4246153846153846,indel,all,0.2,truth,native,,
,967,4,148,0.15305067218200621,0.13173442327164128,0.17711256311985382,0.31230610134436404,0.3877973112719752,586,0.7474402730375427,0.12616339193381593,0.5020596282079407,0.4642297297297297,0.23578076525336092,0.47776628748707345,0.56153050672182,,0.2761116856256463,indel,vaf_bin,0.2,truth,native,<5%,
,467,4,150,0.32119914346895073,0.28045634465150476,0.36485951088449425,0.5910064239828694,0.6033190578158458,369,0.5934959349593496,0.07922912205567452,0.6479387396232992,0.4683779044681299,0.41113490364025695,0.6852248394004282,0.7002141327623126,,0.6167023554603854,indel,vaf_bin,0.2,truth,native,5-10%,
,191,4,58,0.3036649214659686,0.2428524165960887,0.37221923984731786,0.5863874345549738,0.5929319371727748,151,0.6158940397350994,0.09947643979057591,0.6344853841340609,0.45951368629761336,0.387434554973822,0.6596858638743456,0.6178010471204188,,0.7068062827225131,indel,vaf_bin,0.2,truth,native,10-20%,
,804,4,136,0.1691542288557214,0.1448280899794961,0.1966268524585585,0.33955223880597013,0.42039800995024873,523,0.739961759082218,0.1281094527363184,0.509088477820237,0.44360921350026655,0.2512437810945274,0.5261194029850746,0.6069651741293532,,0.2972636815920398,indel,vaf_bin+lc,0.2,truth,native,<5%,False
,163,4,12,0.0736196319018405,0.042612231094974064,0.1242615125026264,0.17791411042944785,0.22699386503067484,63,0.8095238095238095,0.1165644171779141,0.4449533274298523,0.5105105105105104,0.15950920245398773,0.2392638036809816,0.3374233128834356,,0.17177914110429449,indel,vaf_bin+lc,0.2,truth,native,<5%,True
,338,4,138,0.40828402366863903,0.3572001935101038,0.46142917867344746,0.742603550295858,0.7366863905325444,313,0.5591054313099042,0.05621301775147929,0.6771324249192848,0.278071085841493,0.4970414201183432,0.8372781065088757,0.8550295857988166,,0.757396449704142,indel,vaf_bin+lc,0.2,truth,native,5-10%,False
,129,4,12,0.09302325581395349,0.054015266745135355,0.15556884252209113,0.1937984496124031,0.25387596899224807,56,0.7857142857142857,0.13953488372093023,0.46004626467716975,0.5055021314563302,0.18604651162790697,0.2868217054263566,0.29457364341085274,,0.24806201550387597,indel,vaf_bin+lc,0.2,truth,native,5-10%,True
,100,4,52,0.52,0.4231657776522397,0.615354482419481,0.9,0.845,100,0.48,0.04,0.7400220409456623,0.04561939301393442,0.6,0.93,0.91,,0.94,indel,vaf_bin+lc,0.2,truth,native,10-20%,False
,91,4,6,0.06593406593406594,0.03056628647161548,0.13646466199411572,0.24175824175824176,0.3159340659340659,51,0.8823529411764706,0.16483516483516483,0.3856998628398925,0.3686514172632555,0.15384615384615385,0.3626373626373626,0.2967032967032967,,0.45054945054945056,indel,vaf_bin+lc,0.2,truth,native,10-20%,True
all,39446,4,22937,0.5814784769051361,0.5766025295608169,0.5863385561900548,0.6802717639304365,0.7003308320235259,31231,0.2655694662354712,0.04390812756680018,0.8469626773567175,0.7227032471670188,0.7141662018962632,0.6452365258834862,0.7685443390964863,,0.6733762612178674,snv,all,0.2,truth,shared4,,
,14816,4,3976,0.2683585313174946,0.26128432144766583,0.2755528289987323,0.34543736501079914,0.38979819114470843,7578,0.47532330430192665,0.0775512958963283,0.7055425200977382,0.7134703413848342,0.38100701943844495,0.343817494600432,0.4975026997840173,,0.33686555075593955,snv,vaf_bin,0.2,truth,shared4,<5%,
,13213,4,9065,0.686066752440778,0.6781004909101235,0.6939248538229389,0.8201770983122683,0.8352758646787255,12373,0.2673563404186535,0.037992885794293496,0.8471304114795338,0.4977020034812886,0.8683871944297283,0.7573601755846515,0.9088019374858094,,0.8065541512147127,snv,vaf_bin,0.2,truth,shared4,5-10%,
,11262,4,9749,0.8656544130705026,0.8592312569275108,0.8718282054397276,0.9524951163203694,0.9467456934825076,11126,0.12376415603091857,0.007014739833066951,0.9327327451428244,0.34676002532611383,0.967856508613035,0.9057893802166578,0.957733972651394,,0.9556029124489434,snv,vaf_bin,0.2,truth,shared4,10-20%,
,155,4,147,0.9483870967741935,0.9014684928572181,0.9736179048124742,0.9806451612903225,0.9758064516129032,154,0.045454545454545456,0.012903225806451613,0.9772157666894509,0.5217630853994485,0.9806451612903225,0.967741935483871,0.9741935483870968,,0.9806451612903225,snv,vaf_bin,0.2,truth,shared4,>=20%,
,13988,4,3864,0.27623677437803834,0.26888912338891535,0.283707293714311,0.35137260509007723,0.3946775807835287,7182,0.4619883040935672,0.07577923934801258,0.714966489458554,0.7216847383633629,0.3831855876465542,0.35251644266514154,0.5007863883328567,,0.34222190448956247,snv,vaf_bin+lc,0.2,truth,shared4,<5%,False
,828,4,112,0.13526570048309178,0.11364765799324696,0.16025244208556633,0.24516908212560387,0.3073671497584541,396,0.7171717171717171,0.10748792270531402,0.5211447950961052,0.5480548042814345,0.3442028985507246,0.19685990338164253,0.4420289855072464,,0.2463768115942029,snv,vaf_bin+lc,0.2,truth,shared4,<5%,True
,12367,4,8763,0.7085792835772621,0.7005066426248551,0.7165223862551097,0.8354491792674051,0.8482453303145467,11647,0.24761741220915257,0.034608231584054336,0.8591481097636361,0.5006630540310029,0.8759602167057492,0.7798172555995795,0.9177650198107867,,0.8194388291420717,snv,vaf_bin+lc,0.2,truth,shared4,5-10%,False
,846,4,302,0.35697399527186763,0.3254024599606944,0.38983854471349755,0.5969267139479906,0.6456855791962175,726,0.5840220385674931,0.08747044917257683,0.6406093896279061,0.38902861461591765,0.7576832151300237,0.42907801418439717,0.7777777777777778,,0.6182033096926713,snv,vaf_bin+lc,0.2,truth,shared4,5-10%,True
,10550,4,9296,0.8811374407582938,0.8748228612897475,0.8871745622435248,0.9613270142180095,0.9543364928909953,10445,0.11000478697941599,0.005213270142180095,0.9406379519477975,0.3302542872794917,0.9727014218009479,0.9191469194312796,0.9646445497630332,,0.9608530805687204,snv,vaf_bin+lc,0.2,truth,shared4,10-20%,False
,712,4,453,0.6362359550561798,0.600255435646482,0.6707542936860484,0.8216292134831461,0.8342696629213483,681,0.33480176211453744,0.033707865168539325,0.8075370886267801,0.36004108885464803,0.8960674157303371,0.7078651685393258,0.8553370786516854,,0.8778089887640449,snv,vaf_bin+lc,0.2,truth,shared4,10-20%,True
,153,4,145,0.9477124183006536,0.9002235826723421,0.9732699504158864,0.9803921568627451,0.9754901960784313,152,0.046052631578947366,0.013071895424836602,0.9769152046783626,0.5216080402010058,0.9803921568627451,0.9673202614379085,0.9738562091503268,,0.9803921568627451,snv,vaf_bin+lc,0.2,truth,shared4,>=20%,False
,2,4,2,1.0,0.34238022750665303,1.0,1.0,1.0,2,0.0,0.0,1.0,,1.0,1.0,1.0,,1.0,snv,vaf_bin+lc,0.2,truth,shared4,>=20%,True
all,1625,4,356,0.21907692307692309,0.1996417114514347,0.23983719236955123,0.4246153846153846,0.47384615384615386,1106,0.6781193490054249,0.10953846153846154,0.5713336694068335,0.4882408040302778,0.304,0.5587692307692308,0.608,,0.4246153846153846,indel,all,0.2,truth,shared4,,
,967,4,148,0.15305067218200621,0.13173442327164128,0.17711256311985382,0.31230610134436404,0.3877973112719752,586,0.7474402730375427,0.12616339193381593,0.5020596282079407,0.4642297297297297,0.23578076525336092,0.47776628748707345,0.56153050672182,,0.2761116856256463,indel,vaf_bin,0.2,truth,shared4,<5%,
,467,4,150,0.32119914346895073,0.28045634465150476,0.36485951088449425,0.5910064239828694,0.6033190578158458,369,0.5934959349593496,0.07922912205567452,0.6479387396232992,0.4683779044681299,0.41113490364025695,0.6852248394004282,0.7002141327623126,,0.6167023554603854,indel,vaf_bin,0.2,truth,shared4,5-10%,
,191,4,58,0.3036649214659686,0.2428524165960887,0.37221923984731786,0.5863874345549738,0.5929319371727748,151,0.6158940397350994,0.09947643979057591,0.6344853841340609,0.45951368629761336,0.387434554973822,0.6596858638743456,0.6178010471204188,,0.7068062827225131,indel,vaf_bin,0.2,truth,shared4,10-20%,
,804,4,136,0.1691542288557214,0.1448280899794961,0.1966268524585585,0.33955223880597013,0.42039800995024873,523,0.739961759082218,0.1281094527363184,0.509088477820237,0.44360921350026655,0.2512437810945274,0.5261194029850746,0.6069651741293532,,0.2972636815920398,indel,vaf_bin+lc,0.2,truth,shared4,<5%,False
,163,4,12,0.0736196319018405,0.042612231094974064,0.1242615125026264,0.17791411042944785,0.22699386503067484,63,0.8095238095238095,0.1165644171779141,0.4449533274298523,0.5105105105105104,0.15950920245398773,0.2392638036809816,0.3374233128834356,,0.17177914110429449,indel,vaf_bin+lc,0.2,truth,shared4,<5%,True
,338,4,138,0.40828402366863903,0.3572001935101038,0.46142917867344746,0.742603550295858,0.7366863905325444,313,0.5591054313099042,0.05621301775147929,0.6771324249192848,0.278071085841493,0.4970414201183432,0.8372781065088757,0.8550295857988166,,0.757396449704142,indel,vaf_bin+lc,0.2,truth,shared4,5-10%,False
,129,4,12,0.09302325581395349,0.054015266745135355,0.15556884252209113,0.1937984496124031,0.25387596899224807,56,0.7857142857142857,0.13953488372093023,0.46004626467716975,0.5055021314563302,0.18604651162790697,0.2868217054263566,0.29457364341085274,,0.24806201550387597,indel,vaf_bin+lc,0.2,truth,shared4,5-10%,True
,100,4,52,0.52,0.4231657776522397,0.615354482419481,0.9,0.845,100,0.48,0.04,0.7400220409456623,0.04561939301393442,0.6,0.93,0.91,,0.94,indel,vaf_bin+lc,0.2,truth,shared4,10-20%,False
,91,4,6,0.06593406593406594,0.03056628647161548,0.13646466199411572,0.24175824175824176,0.3159340659340659,51,0.8823529411764706,0.16483516483516483,0.3856998628398925,0.3686514172632555,0.15384615384615385,0.3626373626373626,0.2967032967032967,,0.45054945054945056,indel,vaf_bin+lc,0.2,truth,shared4,10-20%,True
all,149310,5,52292,0.35022436541423885,0.3478085634799401,0.3526478740276637,0.6844618578795794,0.6772004554283035,149310,0.6497756345857612,0.2603241577925122,0.6635995805091073,0.34694102977688257,0.7432121090348939,0.6283838992699752,0.6021498894916616,0.7213448529904226,0.6909115263545643,snv,all,0.2,union,native,,
,9088,5,0,0.0,0.0,0.00042251713672011187,0.32130281690140844,0.4118177816901408,9088,1.0,0.47337147887323944,0.2686842832823654,0.044078232838954366,0.4312279929577465,0.4175836267605634,0.7724471830985915,0.09551056338028169,0.3423195422535211,snv,vaf_bin,0.2,union,native,<5%,
,18394,5,4,0.00021746221593998044,8.456995594141676e-05,0.0005590630945552128,0.7436664129607481,0.6350222898771338,18394,0.99978253778406,0.1487441557029466,0.45086067452918066,0.020210048022924833,0.8834402522561705,0.6753289116016092,0.8543003153202131,0.006088942046319452,0.755953028161357,snv,vaf_bin,0.2,union,native,5-10%,
,49523,5,18927,0.38218605496436,0.3779156732194311,0.38647471275536915,0.7001999071138663,0.6908022534983745,49523,0.61781394503564,0.2505502493790764,0.6825343386506812,0.3619207959395005,0.7605557013912727,0.6274862185247259,0.603739676513943,0.7455727641701836,0.7166569068917472,snv,vaf_bin,0.2,union,native,10-20%,
,72305,5,33361,0.4613927114307448,0.4577612727447779,0.4650282521962424,0.7042666482262637,0.711970126547265,72305,0.5386072885692552,0.26862595947721457,0.7314010135594436,0.4412742763103692,0.7348731069773875,0.643551621602932,0.5155106839084433,0.9653689233109743,0.7005462969365881,snv,vaf_bin,0.2,union,native,>=20%,
,7470,5,0,0.0,0.0,0.0005139871967929427,0.37657295850066935,0.44677376171352073,7470,1.0,0.39357429718875503,0.28073940869311614,0.04697800890241005,0.47095046854083,0.49183400267737615,0.8730923694779117,0.0,0.39799196787148594,snv,vaf_bin+lc,0.2,union,native,<5%,False
,1618,5,0,0.0,0.0,0.00236857850673481,0.06613102595797281,0.25043263288009887,1618,1.0,0.8417799752781211,0.12720102871726416,-0.13490935451270722,0.24783683559950556,0.07478368355995056,0.30778739184178,0.5364647713226205,0.08529048207663782,snv,vaf_bin+lc,0.2,union,native,<5%,True
,16237,5,3,0.00018476319517152183,6.2838104361499e-05,0.0005431316568511535,0.8064913469236928,0.6706657633799347,16237,0.9998152368048285,0.09164254480507483,0.47341657457975017,-0.02759986539304406,0.9068177619018292,0.7391143684178112,0.8958551456549855,0.0004927018537907249,0.811048839071257,snv,vaf_bin+lc,0.2,union,native,5-10%,False
,2157,5,1,0.0004636068613815484,8.184268311392843e-05,0.0026214832813379815,0.2707464070468243,0.36671302735280487,2157,0.9995363931386184,0.5785813630041725,0.21160833116288535,0.018425719061254436,0.7074640704682429,0.1951784886416319,0.5414928140936486,0.04821511358368104,0.34121464997681966,snv,vaf_bin+lc,0.2,union,native,5-10%,True
,36488,5,18238,0.49983556237667176,0.49470554641074377,0.5049656129629606,0.8917452313089235,0.8265457136592852,36488,0.5001644376233282,0.06130782723087042,0.758087040088177,0.20723853050575824,0.9363900460425345,0.816323174742381,0.7615654461740846,0.7219633852225389,0.896486516114887,snv,vaf_bin+lc,0.2,union,native,10-20%,False
,13035,5,689,0.05285769083237438,0.04914664528996365,0.05683220744667171,0.1640199462984273,0.3108247027234369,13035,0.9471423091676257,0.7802838511699272,0.30768210205719265,0.06799598007134126,0.2683544303797468,0.09888761028001535,0.16194859992328348,0.8116609129267357,0.21327196010740315,snv,vaf_bin+lc,0.2,union,native,10-20%,True
,52246,5,31768,0.6080465490181066,0.6038526745284507,0.6122245361344354,0.9029207977644221,0.8593653102629867,52246,0.3919534509818933,0.07558473375952227,0.8195335638108754,0.2992700327109754,0.9166251961872679,0.8420357539333154,0.6624813382842706,0.9836159706006201,0.892068292309459,snv,vaf_bin+lc,0.2,union,native,>=20%,False
,20059,5,1593,0.07941572361533476,0.07575396316598268,0.0832385437213341,0.18684879605164764,0.32806221646143874,20059,0.9205842763846652,0.7714242983199562,0.3702865786227959,0.12706582196058513,0.2614786380178474,0.1265765990328531,0.13270850989580738,0.9178423650231816,0.20170497033750437,snv,vaf_bin+lc,0.2,union,native,>=20%,True
all,14982,4,2882,0.19236417033773862,0.18613183866003885,0.1987542202689866,0.42864771058603657,0.5613736483780537,14982,0.8076358296622613,0.37551728741156054,0.4410058118758931,0.11373253406394461,0.6427713255907088,0.4955279668936057,0.47330129488719797,,0.6338940061407021,indel,all,0.2,union,native,,
,703,4,0,0.0,0.0,0.0054346823785680004,0.02844950213371266,0.3200568990042674,703,1.0,0.748221906116643,0.061538718185287666,-0.2343080737641408,0.008534850640113799,0.3584637268847795,0.8762446657183499,,0.03698435277382646,indel,vaf_bin,0.2,union,native,<5%,
,1312,4,174,0.1326219512195122,0.11533751292026129,0.15205143159287748,0.3742378048780488,0.5161966463414634,1312,0.8673780487804879,0.4420731707317073,0.3757861651682514,0.07041684119273699,0.29039634146341464,0.5975609756097561,0.7667682926829268,,0.4100609756097561,indel,vaf_bin,0.2,union,native,5-10%,
,3985,4,746,0.18720200752823088,0.1753943200023035,0.1996121760600749,0.4258469259723965,0.5611668757841907,3985,0.8127979924717691,0.3683814303638645,0.43715973082620047,0.10522059662781827,0.5774153074027604,0.4785445420326223,0.5169385194479298,,0.6717691342534504,indel,vaf_bin,0.2,union,native,10-20%,
,8982,4,1962,0.218436873747495,0.21001332919414106,0.22710115550056065,0.4691605433088399,0.5869516811400579,8982,0.781563126252505,0.33979069249610333,0.46735829239912996,0.12839452899721465,0.772879091516366,0.4988866622133155,0.37953685148073923,,0.6965041193498107,indel,vaf_bin,0.2,union,native,>=20%,
,489,4,0,0.0,0.0,0.007794512316163985,0.03885480572597137,0.3445807770961145,489,1.0,0.6605316973415133,0.0788658339713031,-0.21787637084118375,0.0081799591002045,0.46830265848670755,0.8548057259713702,,0.04703476482617587,indel,vaf_bin+lc,0.2,union,native,<5%,False
,214,4,0,0.0,0.0,0.017634195260581874,0.004672897196261682,0.26401869158878505,214,1.0,0.9485981308411215,0.016240602697531893,-0.30662546237767496,0.009345794392523364,0.10747663551401869,0.9252336448598131,,0.014018691588785047,indel,vaf_bin+lc,0.2,union,native,<5%,True
,892,4,162,0.18161434977578475,0.1576970778910902,0.20826216142818846,0.5022421524663677,0.6022982062780269,892,0.8183856502242153,0.27466367713004486,0.4516194532909769,0.06824672100030035,0.3632286995515695,0.7567264573991032,0.7668161434977578,,0.5224215246636771,indel,vaf_bin+lc,0.2,union,native,5-10%,False
,420,4,12,0.02857142857142857,0.016418204251796475,0.04927017578106019,0.10238095238095238,0.3333333333333333,420,0.9714285714285714,0.7976190476190477,0.1560791821187245,-0.1303571428571429,0.1357142857142857,0.25952380952380955,0.7666666666666667,,0.17142857142857143,indel,vaf_bin+lc,0.2,union,native,5-10%,True
,1936,4,669,0.3455578512396694,0.32469927401447557,0.3670281105710938,0.6926652892561983,0.7214617768595041,1936,0.6544421487603306,0.15237603305785125,0.6064917597755791,0.12157428177654934,0.6611570247933884,0.7877066115702479,0.6203512396694215,,0.8166322314049587,indel,vaf_bin+lc,0.2,union,native,10-20%,False
,2049,4,77,0.037579306979014154,0.03017251554698635,0.046716743554089134,0.17374328940946804,0.4097120546608102,2049,0.9624206930209859,0.5724743777452416,0.21463081293305816,-0.08230627051427551,0.49829184968277207,0.18643240605173256,0.4192288921425085,,0.5348950707662274,indel,vaf_bin+lc,0.2,union,native,10-20%,True
,3108,4,1445,0.4649292149292149,0.4474482471636236,0.48249676999588936,0.7982625482625483,0.7882882882882883,3108,0.5350707850707851,0.11003861003861004,0.6929751104962006,0.15267911419887076,0.9021879021879022,0.8362290862290862,0.5466537966537967,,0.868082368082368,indel,vaf_bin+lc,0.2,union,native,>=20%,False
,5874,4,517,0.08801498127340825,0.08103635046585947,0.09553211707305956,0.2950289410963568,0.4804221995233231,5874,0.9119850187265918,0.4613551242764726,0.31395719806635997,0.0052846108046401595,0.7044603336738168,0.32039496084439906,0.29111338100102147,,0.6057201225740552,indel,vaf_bin+lc,0.2,union,native,>=20%,True
all,121036,4,70590,0.5832149112660696,0.5804347674312478,0.5859897730937267,0.8098334379853928,0.8217802967712086,121036,0.4167850887339304,0.1059271621666281,0.7617075542287566,0.24062429530570834,0.9168263987573945,0.7751743282990184,0.7428120559172477,,0.8523084041111736,snv,all,0.2,union,shared4,,
,8226,4,1919,0.23328470702650134,0.22427116627881227,0.2425472381879022,0.3549720398735716,0.5423352783856066,8226,0.7667152929734986,0.4189156333576465,0.44759712416481845,0.15183333711348984,0.4764162411864819,0.4613420860685631,0.8533916849015317,,0.37819110138584977,snv,vaf_bin,0.2,union,shared4,<5%,
,18294,4,10668,0.5831420137750082,0.5759807358822151,0.590268381908319,0.7475675084727234,0.7965863124521702,18294,0.4168579862249918,0.14436427243905106,0.7511273027414863,0.30126767691735906,0.8882693779381218,0.6790204438613753,0.8589701541489013,,0.760085273860282,snv,vaf_bin,0.2,union,shared4,5-10%,
,39715,4,24620,0.6199169079692811,0.6151315882858585,0.6246790318168259,0.8403877628100214,0.8443283394183558,39715,0.3800830920307189,0.08299131310587939,0.7846286315481875,0.22848906614358047,0.9483822233413068,0.7824499559360443,0.7528389777162281,,0.8936422006798439,snv,vaf_bin,0.2,union,shared4,10-20%,
,54801,4,33383,0.6091677159175928,0.6050749606613335,0.6132451672965273,0.8767540738307695,0.8557964270724987,54801,0.3908322840824073,0.06273608145836755,0.7840671431274293,0.1673975214676464,0.9695990949070272,0.8491085929088885,0.6801700698892356,,0.9243079505848434,snv,vaf_bin,0.2,union,shared4,>=20%,
,7470,4,1874,0.2508701472556894,0.24116904480251639,0.26082734881816133,0.37657295850066935,0.5584672021419009,7470,0.7491298527443105,0.39357429718875503,0.46789901448852694,0.16280505099779186,0.47095046854083,0.49183400267737615,0.8730923694779117,,0.39799196787148594,snv,vaf_bin+lc,0.2,union,shared4,<5%,False
,756,4,45,0.05952380952380952,0.04478084422750651,0.07872052271072297,0.14153439153439154,0.38293650793650796,756,0.9404761904761905,0.6693121693121693,0.21117374087018703,-0.061726338237009286,0.5304232804232805,0.16005291005291006,0.6587301587301587,,0.18253968253968253,snv,vaf_bin+lc,0.2,union,shared4,<5%,True
,16235,4,10364,0.6383738835848476,0.6309511865983136,0.6457311131453957,0.8064675084693563,0.8383122882660918,16235,0.36162611641515247,0.09159223898983677,0.7888166471179997,0.27034048260499366,0.9069294733600246,0.7392054203880505,0.8959655066214968,,0.8111487526947952,snv,vaf_bin+lc,0.2,union,shared4,5-10%,False
,2059,4,304,0.14764448761534726,0.13297804016818904,0.16362326004539007,0.2831471588149587,0.4675813501699854,2059,0.8523555123846528,0.5604662457503643,0.351121163358886,0.09169723077846256,0.7411364740165128,0.20446818844099077,0.5672656629431763,,0.3574550752792618,snv,vaf_bin+lc,0.2,union,shared4,5-10%,True
,35275,4,23716,0.6723175053153791,0.6674008640664513,0.6771966197877246,0.8954500354358611,0.8820127569099929,35275,0.32768249468462085,0.0397165131112686,0.8192642120046485,0.16088637472149622,0.9685896527285613,0.8443940467753367,0.7877533664068037,,0.92731396172927,snv,vaf_bin+lc,0.2,union,shared4,10-20%,False
,4440,4,904,0.2036036036036036,0.19201774562585644,0.21570189865270434,0.4029279279279279,0.5449324324324324,4440,0.7963963963963964,0.42680180180180183,0.43187106743047404,0.13990095016471746,0.7878378378378378,0.2903153153153153,0.4754504504504504,,0.6261261261261262,snv,vaf_bin+lc,0.2,union,shared4,10-20%,True
,48831,4,31790,0.6510208678912985,0.646781503021576,0.6552364734765537,0.923675533984559,0.8862300587741394,48831,0.34897913210870146,0.029776166779300034,0.812412760040793,0.09623014752175031,0.9807294546497102,0.9009235936188077,0.7088120251479593,,0.9544551616800803,snv,vaf_bin+lc,0.2,union,shared4,>=20%,False
,5970,4,1593,0.26683417085427136,0.2557669741912107,0.2782012405344619,0.492964824120603,0.6068676716917923,5970,0.7331658291457287,0.3323283082077052,0.5066379169464799,0.17071446556294623,0.8785594639865997,0.42529313232830823,0.4458961474036851,,0.6777219430485762,snv,vaf_bin+lc,0.2,union,shared4,>=20%,True
all,14982,4,2882,0.19236417033773862,0.18613183866003885,0.1987542202689866,0.42864771058603657,0.5613736483780537,14982,0.8076358296622613,0.37551728741156054,0.4410058118758931,0.11373253406394461,0.6427713255907088,0.4955279668936057,0.47330129488719797,,0.6338940061407021,indel,all,0.2,union,shared4,,
,703,4,0,0.0,0.0,0.0054346823785680004,0.02844950213371266,0.3200568990042674,703,1.0,0.748221906116643,0.061538718185287666,-0.2343080737641408,0.008534850640113799,0.3584637268847795,0.8762446657183499,,0.03698435277382646,indel,vaf_bin,0.2,union,shared4,<5%,
,1312,4,174,0.1326219512195122,0.11533751292026129,0.15205143159287748,0.3742378048780488,0.5161966463414634,1312,0.8673780487804879,0.4420731707317073,0.3757861651682514,0.07041684119273699,0.29039634146341464,0.5975609756097561,0.7667682926829268,,0.4100609756097561,indel,vaf_bin,0.2,union,shared4,5-10%,
,3985,4,746,0.18720200752823088,0.1753943200023035,0.1996121760600749,0.4258469259723965,0.5611668757841907,3985,0.8127979924717691,0.3683814303638645,0.43715973082620047,0.10522059662781827,0.5774153074027604,0.4785445420326223,0.5169385194479298,,0.6717691342534504,indel,vaf_bin,0.2,union,shared4,10-20%,
,8982,4,1962,0.218436873747495,0.21001332919414106,0.22710115550056065,0.4691605433088399,0.5869516811400579,8982,0.781563126252505,0.33979069249610333,0.46735829239912996,0.12839452899721465,0.772879091516366,0.4988866622133155,0.37953685148073923,,0.6965041193498107,indel,vaf_bin,0.2,union,shared4,>=20%,
,489,4,0,0.0,0.0,0.007794512316163985,0.03885480572597137,0.3445807770961145,489,1.0,0.6605316973415133,0.0788658339713031,-0.21787637084118375,0.0081799591002045,0.46830265848670755,0.8548057259713702,,0.04703476482617587,indel,vaf_bin+lc,0.2,union,shared4,<5%,False
,214,4,0,0.0,0.0,0.017634195260581874,0.004672897196261682,0.26401869158878505,214,1.0,0.9485981308411215,0.016240602697531893,-0.30662546237767496,0.009345794392523364,0.10747663551401869,0.9252336448598131,,0.014018691588785047,indel,vaf_bin+lc,0.2,union,shared4,<5%,True
,892,4,162,0.18161434977578475,0.1576970778910902,0.20826216142818846,0.5022421524663677,0.6022982062780269,892,0.8183856502242153,0.27466367713004486,0.4516194532909769,0.06824672100030035,0.3632286995515695,0.7567264573991032,0.7668161434977578,,0.5224215246636771,indel,vaf_bin+lc,0.2,union,shared4,5-10%,False
,420,4,12,0.02857142857142857,0.016418204251796475,0.04927017578106019,0.10238095238095238,0.3333333333333333,420,0.9714285714285714,0.7976190476190477,0.1560791821187245,-0.1303571428571429,0.1357142857142857,0.25952380952380955,0.7666666666666667,,0.17142857142857143,indel,vaf_bin+lc,0.2,union,shared4,5-10%,True
,1936,4,669,0.3455578512396694,0.32469927401447557,0.3670281105710938,0.6926652892561983,0.7214617768595041,1936,0.6544421487603306,0.15237603305785125,0.6064917597755791,0.12157428177654934,0.6611570247933884,0.7877066115702479,0.6203512396694215,,0.8166322314049587,indel,vaf_bin+lc,0.2,union,shared4,10-20%,False
,2049,4,77,0.037579306979014154,0.03017251554698635,0.046716743554089134,0.17374328940946804,0.4097120546608102,2049,0.9624206930209859,0.5724743777452416,0.21463081293305816,-0.08230627051427551,0.49829184968277207,0.18643240605173256,0.4192288921425085,,0.5348950707662274,indel,vaf_bin+lc,0.2,union,shared4,10-20%,True
,3108,4,1445,0.4649292149292149,0.4474482471636236,0.48249676999588936,0.7982625482625483,0.7882882882882883,3108,0.5350707850707851,0.11003861003861004,0.6929751104962006,0.15267911419887076,0.9021879021879022,0.8362290862290862,0.5466537966537967,,0.868082368082368,indel,vaf_bin+lc,0.2,union,shared4,>=20%,False
,5874,4,517,0.08801498127340825,0.08103635046585947,0.09553211707305956,0.2950289410963568,0.4804221995233231,5874,0.9119850187265918,0.4613551242764726,0.31395719806635997,0.0052846108046401595,0.7044603336738168,0.32039496084439906,0.29111338100102147,,0.6057201225740552,indel,vaf_bin+lc,0.2,union,shared4,>=20%,True
all,53408,5,8894,0.16652935889754344,0.16339374055776532,0.1697129446430772,0.5048120131815458,0.5346352606351108,53408,0.8334706411024566,0.43982174955062914,0.5559557440928167,0.28237138638541565,0.5590173756740563,0.4886159376872379,0.5973449670461354,0.520745955662073,0.5074520671060515,snv,all,0.2,union_hc,native,,
,7508,5,0,0.0,0.0,0.000511387100187443,0.37906233351092167,0.44643047416089504,7508,1.0,0.39970697922216303,0.28171895916310075,0.05009788431250715,0.4861481086840703,0.47975492807671816,0.8657432072456047,0.0,0.40050612679808206,snv,vaf_bin,0.2,union_hc,native,<5%,
,13518,5,1,7.397544015386891e-05,1.3058601004973554e-05,0.0004189431229084192,0.8158011540168664,0.6764166296789467,13518,0.9999260245598461,0.11037135670957242,0.4879993182319418,-0.011024260195774993,0.9258026335256695,0.7418996893031513,0.9070868471667406,0.00014795088030773783,0.8071460275188638,snv,vaf_bin,0.2,union_hc,native,5-10%,
,19527,5,7005,0.3587340605315717,0.35203522850070235,0.3654884628552395,0.5640907461463615,0.607487069186255,19527,0.6412659394684284,0.4235161571157884,0.7036838410578692,0.44604393039983026,0.5911302299380345,0.5377170072207712,0.5684436933476724,0.7721616223690275,0.5679827930557689,snv,vaf_bin,0.2,union_hc,native,10-20%,
,12855,5,1888,0.1468689225982108,0.14085535937599147,0.15309347504469123,0.16118241929210425,0.3263943990665111,12855,0.8531310774017892,0.8344612991054065,0.6127836977814776,0.2206811757116636,0.16709451575262543,0.1528588098016336,0.15877090626215482,0.9904317386231039,0.16281602489303773,snv,vaf_bin,0.2,union_hc,native,>=20%,
,6935,5,0,0.0,5.421010862427522e-20,0.0005536167447392592,0.39567411679884645,0.4565825522710886,6935,1.0,0.3801009372746936,0.29097343833619477,0.05182669737116859,0.48695025234318673,0.505407354001442,0.8761355443403028,0.0,0.4144196106705119,snv,vaf_bin+lc,0.2,union_hc,native,<5%,False
,573,5,0,0.0,0.0,0.006659470747036246,0.17801047120418848,0.3235602094240838,573,1.0,0.6369982547993019,0.14884230223614064,-0.04455766295617192,0.47643979057591623,0.16928446771378708,0.7399650959860384,0.0,0.23211169284467714,snv,vaf_bin+lc,0.2,union_hc,native,<5%,True
,12107,5,1,8.259684480052862e-05,1.4580520065028273e-05,0.0004677525069633796,0.8725530684727844,0.7089947963987775,12107,0.9999174031551995,0.06112166515239118,0.5095592028970058,-0.06884480397764306,0.9448253076732469,0.8010242008755265,0.9416040307260263,0.00016519368960105725,0.8573552490294871,snv,vaf_bin+lc,0.2,union_hc,native,5-10%,False
,1411,5,0,0.0,2.168404344971009e-19,0.0027151160978107595,0.32884479092841956,0.3968816442239546,1411,1.0,0.5329553508150248,0.24092469779419984,0.04810202283028373,0.7625797306874557,0.23458540042523032,0.6109142452161588,0.0,0.37632884479092843,snv,vaf_bin+lc,0.2,union_hc,native,5-10%,True
,11500,5,6701,0.5826956521739131,0.5736569746692746,0.5916791008328457,0.9048695652173913,0.8548173913043478,11500,0.41730434782608694,0.08243478260869565,0.8163744977952987,0.2883283477719837,0.9168695652173913,0.8701739130434782,0.8993913043478261,0.6845217391304348,0.9031304347826087,snv,vaf_bin+lc,0.2,union_hc,native,10-20%,False
,8027,5,304,0.03787218138781612,0.03391250559178333,0.04227396402762081,0.0758689423196711,0.25314563348698144,8027,0.9621278186121839,0.9121714214525974,0.3550458550949544,-0.030305536766202932,0.12445496449482994,0.06141771521116233,0.0943067148374237,0.8977201943440887,0.08782857854740252,snv,vaf_bin+lc,0.2,union_hc,native,10-20%,True
,3624,5,1762,0.48620309050772625,0.4699536491801251,0.502481750454867,0.5264900662251656,0.61219646799117,3624,0.5137969094922737,0.4718543046357616,0.7781019196907116,0.5637978563091137,0.5292494481236203,0.5041390728476821,0.5115894039735099,0.9919977924944813,0.5240066225165563,snv,vaf_bin+lc,0.2,union_hc,native,>=20%,False
,9231,5,126,0.013649658758531037,0.011476818032766347,0.016227118191967236,0.01776622251110389,0.21419131188386956,9231,0.9863503412414689,0.9768172462355108,0.37913827511362463,-0.17609506124374122,0.024916043765572528,0.014949626259343516,0.020257826887661142,0.9898169212436356,0.02101614126313509,snv,vaf_bin+lc,0.2,union_hc,native,>=20%,True
all,2334,4,359,0.15381319622964867,0.13974683409805594,0.16901724230976917,0.32005141388174807,0.4875749785775493,2334,0.8461868037703514,0.5235646958011997,0.3756476566843267,0.10113015852490147,0.34575835475578404,0.5222793487574978,0.7626392459297343,,0.3196229648671808,indel,all,0.2,union_hc,native,,
,633,4,0,0.0,0.0,0.006032048899278254,0.0315955766192733,0.32424960505529227,633,1.0,0.7345971563981043,0.06525489692974089,-0.22989241356530207,0.00631911532385466,0.37282780410742494,0.8799368088467614,,0.037914691943127965,indel,vaf_bin,0.2,union_hc,native,<5%,
,898,4,152,0.16926503340757237,0.14615970854149044,0.19518793722237524,0.43875278396436523,0.5503897550111359,898,0.8307349665924276,0.4064587973273942,0.4246427980679787,0.10861553896643193,0.3351893095768374,0.6347438752783965,0.8262806236080178,,0.4053452115812918,indel,vaf_bin,0.2,union_hc,native,5-10%,
,572,4,174,0.3041958041958042,0.2679027874229889,0.3431012544555775,0.4982517482517482,0.6018356643356644,572,0.6958041958041958,0.3951048951048951,0.5383136177146607,0.23699712569230372,0.6048951048951049,0.5996503496503497,0.6853146853146853,,0.5174825174825175,indel,vaf_bin,0.2,union_hc,native,10-20%,
,231,4,33,0.14285714285714285,0.10356482229202513,0.19383351261620496,0.2077922077922078,0.408008658008658,231,0.8571428571428571,0.7186147186147186,0.3245529372151805,0.08743617222467368,0.6753246753246753,0.30303030303030304,0.3852813852813853,,0.2683982683982684,indel,vaf_bin,0.2,union_hc,native,>=20%,
,439,4,0,0.0,0.0,0.008674569067955145,0.04328018223234624,0.35022779043280183,439,1.0,0.642369020501139,0.08372766339431886,-0.21368361799306,0.00683371298405467,0.48519362186788156,0.8587699316628702,,0.05011389521640091,indel,vaf_bin+lc,0.2,union_hc,native,<5%,False
,194,4,0,0.0,0.0,0.019416854503563286,0.005154639175257732,0.2654639175257732,194,1.0,0.9432989690721649,0.01743187488006141,-0.3041276329983536,0.005154639175257732,0.11855670103092783,0.9278350515463918,,0.010309278350515464,indel,vaf_bin+lc,0.2,union_hc,native,<5%,True
,614,4,144,0.23452768729641693,0.20272791836804901,0.26962862982757874,0.5912052117263844,0.6506514657980456,614,0.7654723127035831,0.22312703583061888,0.5107506176595856,0.09002803621076481,0.4218241042345277,0.7996742671009772,0.8420195439739414,,0.5390879478827362,indel,vaf_bin+lc,0.2,union_hc,native,5-10%,False
,284,4,8,0.028169014084507043,0.014341384826445602,0.05459051574821769,0.10915492957746478,0.3336267605633803,284,0.971830985915493,0.8028169014084507,0.1564433857688808,-0.12582533701866738,0.14788732394366197,0.27816901408450706,0.7922535211267606,,0.11619718309859155,indel,vaf_bin+lc,0.2,union_hc,native,5-10%,True
,322,4,158,0.4906832298136646,0.43651299769696716,0.5450731392491551,0.7546583850931677,0.7732919254658385,322,0.5093167701863354,0.15217391304347827,0.7047241397277206,0.22941079386037308,0.7639751552795031,0.8322981366459627,0.7546583850931677,,0.7422360248447205,indel,vaf_bin+lc,0.2,union_hc,native,10-20%,False
,250,4,16,0.064,0.039774745277095874,0.10142149188293179,0.168,0.381,250,0.936,0.708,0.23009458838049138,-0.03601750911992194,0.4,0.3,0.596,,0.228,indel,vaf_bin+lc,0.2,union_hc,native,10-20%,True
,40,4,27,0.675,0.5201774618987768,0.799154977682173,0.75,0.8,40,0.325,0.225,0.8138272585641007,0.4791666666666665,0.875,0.775,0.775,,0.775,indel,vaf_bin+lc,0.2,union_hc,native,>=20%,False
,191,4,6,0.031413612565445025,0.014475082091587845,0.06682927128667582,0.09424083769633508,0.32591623036649214,191,0.9685863874345549,0.8219895287958116,0.15337507379550727,-0.1339701849469071,0.6335078534031413,0.20418848167539266,0.3036649214659686,,0.16230366492146597,indel,vaf_bin+lc,0.2,union_hc,native,>=20%,True
all,35301,4,22948,0.6500665703521147,0.6450751061733361,0.6550253775622427,0.760941616384805,0.8141199966006629,35301,0.3499334296478853,0.15452820033426815,0.7926785585296932,0.37534925964433835,0.8457550777598368,0.7392425143763632,0.9037421036231268,,0.7677402906433245,snv,all,0.2,union_hc,shared4,,
,7508,4,1898,0.25279701651571657,0.2430942803372437,0.2627525855279529,0.37906233351092167,0.5580380927011188,7508,0.7472029834842834,0.39970697922216303,0.4695315986051678,0.1678412121970477,0.4861481086840703,0.47975492807671816,0.8657432072456047,,0.40050612679808206,snv,vaf_bin,0.2,union_hc,shared4,<5%,
,13517,4,9146,0.6766294296071613,0.6686946276767917,0.6844638657899663,0.8158615077310054,0.8455463490419471,13517,0.3233705703928387,0.11030554117037804,0.8132733992246899,0.33386748190605203,0.9258711252496856,0.7419545757194643,0.9071539542797958,,0.8072057409188429,snv,vaf_bin,0.2,union_hc,shared4,5-10%,
,12039,4,10016,0.8319627876069441,0.8251781826148894,0.8385356117858151,0.9094609186809536,0.9185563585015367,12039,0.1680372123930559,0.06719827228175097,0.9087855329079056,0.41245778875161615,0.958800564830966,0.872165462247695,0.922003488661849,,0.9212559182656367,snv,vaf_bin,0.2,union_hc,shared4,10-20%,
,2237,4,1888,0.8439874832364774,0.8283620579174804,0.8584335178882003,0.9114886008046491,0.9216584711667412,2237,0.15601251676352257,0.06884219937416182,0.9154753911937942,0.43712046531020166,0.9602145730889584,0.8784085829235584,0.9123826553419758,,0.9356280733124721,snv,vaf_bin,0.2,union_hc,shared4,>=20%,
,6935,4,1854,0.26733958183129053,0.2570543085295362,0.2778824645397174,0.39567411679884645,0.5707281903388608,6935,0.7326604181687094,0.3801009372746936,0.48495573056032465,0.17611201062052914,0.48695025234318673,0.505407354001442,0.8761355443403028,,0.4144196106705119,snv,vaf_bin+lc,0.2,union_hc,shared4,<5%,False
,573,4,44,0.07678883071553229,0.05769718613617724,0.10151720009822518,0.17801047120418848,0.40445026178010474,573,0.9232111692844677,0.6369982547993019,0.24807050372690106,-0.022204835797069,0.47643979057591623,0.16928446771378708,0.7399650959860384,,0.23211169284467714,snv,vaf_bin+lc,0.2,union_hc,shared4,<5%,True
,12106,4,8880,0.7335205683132331,0.7255717541273347,0.741321228677298,0.8726251445564183,0.8862754006277879,12106,0.2664794316867669,0.061044110358499916,0.8492029119220547,0.2841901099783881,0.9449033537089047,0.8010903684123575,0.9416818106723939,,0.8574260697174955,snv,vaf_bin+lc,0.2,union_hc,shared4,5-10%,False
,1411,4,266,0.18851878100637845,0.16896664101292408,0.20976233634354335,0.32884479092841956,0.4961020552799433,1411,0.8114812189936216,0.5329553508150248,0.4015411629903331,0.14240004018485022,0.7625797306874557,0.23458540042523032,0.6109142452161588,,0.37632884479092843,snv,vaf_bin+lc,0.2,union_hc,shared4,5-10%,True
,10781,4,9583,0.8888785826917726,0.8828069946551995,0.8946731409607103,0.961784621092663,0.9572395881643633,10781,0.11112141730822744,0.021704851126982654,0.9408794247094433,0.287690295223842,0.9780168815508765,0.9282070308876728,0.9593729709674427,,0.9633614692514609,snv,vaf_bin+lc,0.2,union_hc,shared4,10-20%,False
,1258,4,433,0.3441971383147854,0.31845300070278576,0.3708899058408304,0.4610492845786963,0.5870429252782194,1258,0.6558028616852146,0.45707472178060415,0.557756639964676,0.2955563534455922,0.7941176470588235,0.3918918918918919,0.6017488076311606,,0.5604133545310016,snv,vaf_bin+lc,0.2,union_hc,shared4,10-20%,True
,1941,4,1762,0.9077794951056156,0.8940897661769784,0.9198583285740938,0.9721792890262752,0.9657393096342092,1941,0.09222050489438434,0.017001545595054096,0.9515491684661462,0.27594526460188984,0.9881504379185987,0.9412673879443586,0.955177743431221,,0.9783616692426584,snv,vaf_bin+lc,0.2,union_hc,shared4,>=20%,False
,296,4,126,0.42567567567567566,0.37065430653670994,0.4826014767927326,0.5135135135135135,0.6326013513513513,296,0.5743243243243243,0.40878378378378377,0.6202214691063281,0.35436571878724615,0.777027027027027,0.46621621621621623,0.6317567567567568,,0.6554054054054054,snv,vaf_bin+lc,0.2,union_hc,shared4,>=20%,True
all,2334,4,359,0.15381319622964867,0.13974683409805594,0.16901724230976917,0.32005141388174807,0.4875749785775493,2334,0.8461868037703514,0.5235646958011997,0.3756476566843267,0.10113015852490147,0.34575835475578404,0.5222793487574978,0.7626392459297343,,0.3196229648671808,indel,all,0.2,union_hc,shared4,,
,633,4,0,0.0,0.0,0.006032048899278254,0.0315955766192733,0.32424960505529227,633,1.0,0.7345971563981043,0.06525489692974089,-0.22989241356530207,0.00631911532385466,0.37282780410742494,0.8799368088467614,,0.037914691943127965,indel,vaf_bin,0.2,union_hc,shared4,<5%,
,898,4,152,0.16926503340757237,0.14615970854149044,0.19518793722237524,0.43875278396436523,0.5503897550111359,898,0.8307349665924276,0.4064587973273942,0.4246427980679787,0.10861553896643193,0.3351893095768374,0.6347438752783965,0.8262806236080178,,0.4053452115812918,indel,vaf_bin,0.2,union_hc,shared4,5-10%,
,572,4,174,0.3041958041958042,0.2679027874229889,0.3431012544555775,0.4982517482517482,0.6018356643356644,572,0.6958041958041958,0.3951048951048951,0.5383136177146607,0.23699712569230372,0.6048951048951049,0.5996503496503497,0.6853146853146853,,0.5174825174825175,indel,vaf_bin,0.2,union_hc,shared4,10-20%,
,231,4,33,0.14285714285714285,0.10356482229202513,0.19383351261620496,0.2077922077922078,0.408008658008658,231,0.8571428571428571,0.7186147186147186,0.3245529372151805,0.08743617222467368,0.6753246753246753,0.30303030303030304,0.3852813852813853,,0.2683982683982684,indel,vaf_bin,0.2,union_hc,shared4,>=20%,
,439,4,0,0.0,0.0,0.008674569067955145,0.04328018223234624,0.35022779043280183,439,1.0,0.642369020501139,0.08372766339431886,-0.21368361799306,0.00683371298405467,0.48519362186788156,0.8587699316628702,,0.05011389521640091,indel,vaf_bin+lc,0.2,union_hc,shared4,<5%,False
,194,4,0,0.0,0.0,0.019416854503563286,0.005154639175257732,0.2654639175257732,194,1.0,0.9432989690721649,0.01743187488006141,-0.3041276329983536,0.005154639175257732,0.11855670103092783,0.9278350515463918,,0.010309278350515464,indel,vaf_bin+lc,0.2,union_hc,shared4,<5%,True
,614,4,144,0.23452768729641693,0.20272791836804901,0.26962862982757874,0.5912052117263844,0.6506514657980456,614,0.7654723127035831,0.22312703583061888,0.5107506176595856,0.09002803621076481,0.4218241042345277,0.7996742671009772,0.8420195439739414,,0.5390879478827362,indel,vaf_bin+lc,0.2,union_hc,shared4,5-10%,False
,284,4,8,0.028169014084507043,0.014341384826445602,0.05459051574821769,0.10915492957746478,0.3336267605633803,284,0.971830985915493,0.8028169014084507,0.1564433857688808,-0.12582533701866738,0.14788732394366197,0.27816901408450706,0.7922535211267606,,0.11619718309859155,indel,vaf_bin+lc,0.2,union_hc,shared4,5-10%,True
,322,4,158,0.4906832298136646,0.43651299769696716,0.5450731392491551,0.7546583850931677,0.7732919254658385,322,0.5093167701863354,0.15217391304347827,0.7047241397277206,0.22941079386037308,0.7639751552795031,0.8322981366459627,0.7546583850931677,,0.7422360248447205,indel,vaf_bin+lc,0.2,union_hc,shared4,10-20%,False
,250,4,16,0.064,0.039774745277095874,0.10142149188293179,0.168,0.381,250,0.936,0.708,0.23009458838049138,-0.03601750911992194,0.4,0.3,0.596,,0.228,indel,vaf_bin+lc,0.2,union_hc,shared4,10-20%,True
,40,4,27,0.675,0.5201774618987768,0.799154977682173,0.75,0.8,40,0.325,0.225,0.8138272585641007,0.4791666666666665,0.875,0.775,0.775,,0.775,indel,vaf_bin+lc,0.2,union_hc,shared4,>=20%,False
,191,4,6,0.031413612565445025,0.014475082091587845,0.06682927128667582,0.09424083769633508,0.32591623036649214,191,0.9685863874345549,0.8219895287958116,0.15337507379550727,-0.1339701849469071,0.6335078534031413,0.20418848167539266,0.3036649214659686,,0.16230366492146597,indel,vaf_bin+lc,0.2,union_hc,shared4,>=20%,True
all,39446,5,1405,0.03561831364396897,0.03383408831466571,0.03749297802495173,0.41788774527201744,0.3675404350250976,21993,0.9361160369208384,0.04697561222937687,0.4754137451900978,0.4672715059159167,0.4799472696851392,0.3809004715307002,0.5351366424986057,0.040257567307204783,0.40146022410383814,snv,all,0.1,truth,native,,
,28029,5,155,0.00552998679938635,0.004727000347989436,0.0064684918849943936,0.27671340397445504,0.2535659495522494,11883,0.9869561558528991,0.054443611973313356,0.4009988352989323,0.46413384602543195,0.33647293874201717,0.25851796353776446,0.40665025509293945,0.006386242819936494,0.25980234756858966,snv,vaf_bin,0.1,truth,native,<5%,
,11262,5,1223,0.10859527614988457,0.10298193486218907,0.11447554204048546,0.7630083466524596,0.6463150417332624,9966,0.8772827613887216,0.028858106908186822,0.5525009144839618,0.21706091671738875,0.8312022731308826,0.6800745871070858,0.8501154324276328,0.12253596164091636,0.747646954359794,snv,vaf_bin,0.1,truth,native,5-10%,
,155,5,27,0.17419354838709677,0.12256670695133356,0.2415791479793217,0.8709677419354839,0.7225806451612903,144,0.8125,0.012903225806451613,0.6090440830437405,0.15033222591362128,0.9032258064516129,0.7741935483870968,0.8838709677419355,0.1870967741935484,0.864516129032258,snv,vaf_bin,0.1,truth,native,10-20%,
,26355,5,147,0.005577689243027889,0.004747783779660299,0.00655170596786898,0.2816922785050275,0.25698349459305636,11243,0.9869251979009162,0.053993549611079494,0.4060926562767624,0.46779825613768994,0.3381900967558338,0.2660595712388541,0.41043445266552836,0.006260671599317018,0.2639726807057484,snv,vaf_bin+lc,0.1,truth,native,<5%,False
,1674,5,8,0.0047789725209080045,0.002423547709307924,0.009402038502299998,0.1983273596176822,0.19976105137395458,640,0.9875,0.061529271206690564,0.30730750980148014,0.38490262036371664,0.3094384707287933,0.13978494623655913,0.34707287933094383,0.008363201911589008,0.19414575866188769,snv,vaf_bin+lc,0.1,truth,native,<5%,True
,10550,5,1154,0.10938388625592417,0.10356960144976522,0.11548252926880857,0.771090047393365,0.6530047393364928,9375,0.8769066666666666,0.026445497630331754,0.5568294069539445,0.21138488808265418,0.8366824644549763,0.6963981042654028,0.8566824644549763,0.1204739336492891,0.7547867298578199,snv,vaf_bin+lc,0.1,truth,native,5-10%,False
,712,5,69,0.09691011235955056,0.07729401143108339,0.12085245951287316,0.6432584269662921,0.547191011235955,591,0.883248730964467,0.06460674157303371,0.48210344248237347,0.2608312400324057,0.75,0.43820224719101125,0.7528089887640449,0.15308988764044945,0.6418539325842697,snv,vaf_bin+lc,0.1,truth,native,5-10%,True
,153,5,27,0.17647058823529413,0.12420935234644842,0.24457999235621863,0.8758169934640523,0.726797385620915,143,0.8111888111888111,0.013071895424836602,0.609153022618852,0.13759423083542743,0.9084967320261438,0.7777777777777778,0.8888888888888888,0.1895424836601307,0.869281045751634,snv,vaf_bin+lc,0.1,truth,native,10-20%,False
,2,5,0,0.0,0.0,0.6576197724933469,0.5,0.4,1,1.0,0.0,0.6,0.5833333333333334,0.5,0.5,0.5,0.0,0.5,snv,vaf_bin+lc,0.1,truth,native,10-20%,True
all,1625,4,66,0.040615384615384616,0.03205148417325707,0.05134610991735837,0.14461538461538462,0.22723076923076924,696,0.9051724137931034,0.13292307692307692,0.33571117037063636,0.3764858585734688,0.06523076923076923,0.2990769230769231,0.3809230769230769,,0.1636923076923077,indel,all,0.1,truth,native,,
,1434,4,50,0.03486750348675035,0.026547180751517865,0.045673200837606745,0.11715481171548117,0.2065899581589958,584,0.9143835616438356,0.1401673640167364,0.3133440070827153,0.3558045850728773,0.059274755927475595,0.2775453277545328,0.36750348675034866,,0.12203626220362622,indel,vaf_bin,0.1,truth,native,<5%,
,191,4,16,0.08376963350785341,0.05221947484070561,0.13173243681931635,0.3507853403141361,0.38219895287958117,112,0.8571428571428571,0.07853403141361257,0.45065555123555456,0.4124100301834223,0.1099476439790576,0.4607329842931937,0.4816753926701571,,0.47643979057591623,indel,vaf_bin,0.1,truth,native,5-10%,
,1142,4,45,0.03940455341506129,0.029578418224177304,0.052319001439164466,0.1339754816112084,0.23598949211908932,531,0.9152542372881356,0.159369527145359,0.3125879272813266,0.33058389284340983,0.06654991243432574,0.3178633975481611,0.4220665499124343,,0.13747810858143608,indel,vaf_bin+lc,0.1,truth,native,<5%,False
,292,4,5,0.017123287671232876,0.0073356595579859435,0.039451085193307554,0.05136986301369863,0.0916095890410959,53,0.9056603773584906,0.06506849315068493,0.32084091046857005,0.44100228726793295,0.030821917808219176,0.11986301369863013,0.1541095890410959,,0.06164383561643835,indel,vaf_bin+lc,0.1,truth,native,<5%,True
,100,4,15,0.15,0.0930598528365663,0.23283559590832364,0.57,0.5775,82,0.8170731707317073,0.05,0.5017868586296771,0.24519924519924532,0.17,0.69,0.77,,0.68,indel,vaf_bin+lc,0.1,truth,native,5-10%,False
,91,4,1,0.01098901098901099,0.0019424713318492125,0.05964935668650616,0.10989010989010989,0.16758241758241757,30,0.9666666666666667,0.10989010989010989,0.28885882635882637,0.3632346841241504,0.04395604395604396,0.2087912087912088,0.16483516483516483,,0.25274725274725274,indel,vaf_bin+lc,0.1,truth,native,5-10%,True
all,39446,4,12317,0.31224965775997565,0.30769500198327254,0.3168408782062245,0.4172793185620849,0.4493611519545708,21990,0.43988176443838106,0.04702631445520458,0.7338648721732007,0.7208603885346052,0.4799472696851392,0.3809004715307002,0.5351366424986057,,0.40146022410383814,snv,all,0.1,truth,shared4,,
,28029,4,5362,0.19130186592457812,0.18673963415110384,0.19594870211974957,0.27671340397445504,0.3153608762353277,11883,0.548767146343516,0.05447928930750294,0.6548132919807195,0.6948100908735743,0.33647293874201717,0.25851796353776446,0.40665025509293945,,0.25980234756858966,snv,vaf_bin,0.1,truth,shared4,<5%,
,11262,4,6845,0.6077961285739656,0.5987435612202602,0.6167751826636222,0.7608772864500088,0.7772598117563487,9963,0.3129579443942588,0.028946901083288935,0.8193661628084582,0.5545597017891498,0.8312022731308826,0.6800745871070858,0.8501154324276328,,0.747646954359794,snv,vaf_bin,0.1,truth,shared4,5-10%,
,155,4,110,0.7096774193548387,0.6338356233026123,0.7753774403558771,0.8709677419354839,0.8564516129032258,144,0.2361111111111111,0.012903225806451613,0.8718281319772622,0.5233359430655181,0.9032258064516129,0.7741935483870968,0.8838709677419355,,0.864516129032258,snv,vaf_bin,0.1,truth,shared4,10-20%,
,26355,4,5212,0.1977613356099412,0.19299670559301513,0.2026140603471978,0.2816922785050275,0.3196642003414912,11243,0.536422662990305,0.053993549611079494,0.6636623464822674,0.7021077739840866,0.3381900967558338,0.2660595712388541,0.41043445266552836,,0.2639726807057484,snv,vaf_bin+lc,0.1,truth,shared4,<5%,False
,1674,4,150,0.08960573476702509,0.07684664354566563,0.10424404128832067,0.1983273596176822,0.24761051373954598,640,0.765625,0.06212664277180406,0.49024041436288607,0.5526917022905774,0.3094384707287933,0.13978494623655913,0.34707287933094383,,0.19414575866188769,snv,vaf_bin+lc,0.1,truth,shared4,<5%,True
,10550,4,6586,0.6242654028436019,0.6149801449289387,0.6334601988293602,0.7696682464454976,0.7861374407582938,9374,0.29741839129507147,0.026445497630331754,0.8284006140357792,0.5612335324091374,0.8366824644549763,0.6963981042654028,0.8566824644549763,,0.7547867298578199,snv,vaf_bin+lc,0.1,truth,shared4,5-10%,False
,712,4,259,0.3637640449438202,0.32924570631395156,0.399744564353518,0.6306179775280899,0.6457162921348315,589,0.5602716468590832,0.06601123595505617,0.6690098244260415,0.44591768159430795,0.75,0.43820224719101125,0.7528089887640449,,0.6418539325842697,snv,vaf_bin+lc,0.1,truth,shared4,5-10%,True
,153,4,109,0.7124183006535948,0.6361868993274075,0.7782443389991244,0.8758169934640523,0.8611111111111112,143,0.23776223776223776,0.013071895424836602,0.8709170611627909,0.5036053130929784,0.9084967320261438,0.7777777777777778,0.8888888888888888,,0.869281045751634,snv,vaf_bin+lc,0.1,truth,shared4,10-20%,False
,2,4,1,0.5,0.09453120573423074,0.9054687942657693,0.5,0.5,1,0.0,0.0,1.0,1.0,0.5,0.5,0.5,,0.5,snv,vaf_bin+lc,0.1,truth,shared4,10-20%,True
all,1625,4,66,0.040615384615384616,0.03205148417325707,0.05134610991735837,0.14461538461538462,0.22723076923076924,696,0.9051724137931034,0.13292307692307692,0.33571117037063636,0.3764858585734688,0.06523076923076923,0.2990769230769231,0.3809230769230769,,0.1636923076923077,indel,all,0.1,truth,shared4,,
,1434,4,50,0.03486750348675035,0.026547180751517865,0.045673200837606745,0.11715481171548117,0.2065899581589958,584,0.9143835616438356,0.1401673640167364,0.3133440070827153,0.3558045850728773,0.059274755927475595,0.2775453277545328,0.36750348675034866,,0.12203626220362622,indel,vaf_bin,0.1,truth,shared4,<5%,
,191,4,16,0.08376963350785341,0.05221947484070561,0.13173243681931635,0.3507853403141361,0.38219895287958117,112,0.8571428571428571,0.07853403141361257,0.45065555123555456,0.4124100301834223,0.1099476439790576,0.4607329842931937,0.4816753926701571,,0.47643979057591623,indel,vaf_bin,0.1,truth,shared4,5-10%,
,1142,4,45,0.03940455341506129,0.029578418224177304,0.052319001439164466,0.1339754816112084,0.23598949211908932,531,0.9152542372881356,0.159369527145359,0.3125879272813266,0.33058389284340983,0.06654991243432574,0.3178633975481611,0.4220665499124343,,0.13747810858143608,indel,vaf_bin+lc,0.1,truth,shared4,<5%,False
,292,4,5,0.017123287671232876,0.0073356595579859435,0.039451085193307554,0.05136986301369863,0.0916095890410959,53,0.9056603773584906,0.06506849315068493,0.32084091046857005,0.44100228726793295,0.030821917808219176,0.11986301369863013,0.1541095890410959,,0.06164383561643835,indel,vaf_bin+lc,0.1,truth,shared4,<5%,True
,100,4,15,0.15,0.0930598528365663,0.23283559590832364,0.57,0.5775,82,0.8170731707317073,0.05,0.5017868586296771,0.24519924519924532,0.17,0.69,0.77,,0.68,indel,vaf_bin+lc,0.1,truth,shared4,5-10%,False
,91,4,1,0.01098901098901099,0.0019424713318492125,0.05964935668650616,0.10989010989010989,0.16758241758241757,30,0.9666666666666667,0.10989010989010989,0.28885882635882637,0.3632346841241504,0.04395604395604396,0.2087912087912088,0.16483516483516483,,0.25274725274725274,indel,vaf_bin+lc,0.1,truth,shared4,5-10%,True
all,132417,5,22431,0.16939667867418837,0.1673859310349958,0.17142660756960718,0.5466594168422484,0.5563047040787814,132417,0.8306033213258116,0.3581715338664975,0.5071279013364764,0.23858614314384194,0.7210630055053354,0.477582183556492,0.5492572705921445,0.46347523354252096,0.5701458271974142,snv,all,0.1,union,native,,
,13967,5,0,0.0,0.0,0.00027496259491719907,0.26591250805470035,0.37879286890527675,13967,1.0,0.5197966635641155,0.21408054430537912,0.008811176867824809,0.6464523519725066,0.30844132598267343,0.6464523519725066,0.036013460299276864,0.25660485429942004,snv,vaf_bin,0.1,union,native,<5%,
,34694,5,6,0.00017294056609211967,7.926254633937061e-05,0.0003772920448012548,0.5557445091370266,0.5235429757306739,34694,0.9998270594339079,0.29863953421340866,0.35325089870804455,0.061688633635567265,0.864184008762322,0.47028304605983745,0.676284083703234,0.0016429353778751369,0.6053208047501009,snv,vaf_bin,0.1,union,native,5-10%,
,55948,5,16085,0.28749910631300496,0.2837634897364813,0.29126390203399194,0.6981840280260242,0.6644562808322013,55948,0.7125008936869951,0.2344319725459355,0.6158571460287756,0.27359965919948787,0.794291127475513,0.5974118824622864,0.5806641881747336,0.6239007649960677,0.7260134410524058,snv,vaf_bin,0.1,union,native,10-20%,
,27808,5,6340,0.22799194476409665,0.2230987255179401,0.23296030522264885,0.37147583429229,0.4687428078250863,27808,0.7720080552359033,0.6002229574223246,0.5649283242390217,0.3577605229118294,0.43264528193325663,0.3305523590333717,0.27876869965477563,0.931602416570771,0.37014528193325663,snv,vaf_bin,0.1,union,native,>=20%,
,11512,5,0,0.0,0.0,0.0003335803844148719,0.3108929812369701,0.40842599027102156,11512,1.0,0.4437977762334955,0.2309593792397498,0.01447536191965061,0.6482800555941626,0.3630993745656706,0.7321056289089646,0.0,0.2986448922863099,snv,vaf_bin+lc,0.1,union,native,<5%,False
,2455,5,0,0.0,0.0,0.0015623043962080256,0.054989816700611,0.23983706720977596,2455,1.0,0.8761710794297353,0.08613632023618156,-0.15375007862990644,0.6378818737270876,0.05213849287169043,0.24480651731160896,0.20488798370672098,0.059470468431771895,snv,vaf_bin+lc,0.1,union,native,<5%,True
,28960,5,6,0.00020718232044198895,9.495686515102931e-05,0.0004519822845890595,0.6384668508287292,0.5706837016574585,28960,0.999792817679558,0.2056975138121547,0.3831208588264196,0.03126155844385031,0.8710635359116022,0.5471339779005525,0.7482389502762431,0.0004143646408839779,0.686567679558011,snv,vaf_bin+lc,0.1,union,native,5-10%,False
,5734,5,0,0.0,0.0,0.0006694954624075071,0.13794907568887338,0.28545517963027556,5734,1.0,0.7680502267178235,0.1352596845030842,-0.0661210862932024,0.8294384373910011,0.08214161144053017,0.31287059644227416,0.007847924659923265,0.1949773282176491,snv,vaf_bin+lc,0.1,union,native,5-10%,True
,42732,5,15541,0.36368529439296077,0.35913662830623627,0.3682584667166222,0.8603856594589535,0.7734671908639895,42732,0.6363147056070392,0.07022840026209866,0.674894181068397,0.15024301573271245,0.9404661611906768,0.7533932415988018,0.7068941308621174,0.586352148272957,0.8802302723953945,snv,vaf_bin+lc,0.1,union,native,10-20%,False
,13216,5,544,0.04116222760290557,0.037906388418249747,0.0446847275358817,0.17372881355932204,0.31198547215496364,13216,0.9588377723970944,0.7653601694915254,0.2783016643518995,0.048724074162461294,0.32165556900726394,0.09306900726392252,0.1725181598062954,0.7453087167070218,0.22737590799031476,snv,vaf_bin+lc,0.1,union,native,10-20%,True
,13365,5,6070,0.45417134306023194,0.4457445637974467,0.4626244595189491,0.7177702955480734,0.7196408529741862,13365,0.545828656939768,0.24848484848484848,0.7262515365927373,0.4208776878021442,0.7578750467639357,0.6555181444070333,0.5239057239057239,0.955331088664422,0.7055742611298167,snv,vaf_bin+lc,0.1,union,native,>=20%,False
,14443,5,270,0.018694177110018695,0.016609853208102984,0.021034462358788298,0.051028179741051026,0.23657134944263655,14443,0.9813058228899814,0.9257079554109257,0.21846751022485383,-0.10631351071472192,0.1316900920861317,0.029841445683029842,0.05192826975005193,0.9096448106349097,0.05975212905905975,snv,vaf_bin+lc,0.1,union,native,>=20%,True
all,9902,4,926,0.09351646132094527,0.08793834117530949,0.09940984792458299,0.2907493435669562,0.4716976368410422,9902,0.9064835386790547,0.49747525752373256,0.3212571790488167,0.019783956319326796,0.3615431226014946,0.4227428802262169,0.5784689961623914,,0.5240355483740659,indel,all,0.1,union,native,,
,1112,4,0,0.0,0.0,0.003442656472680331,0.008992805755395683,0.29114208633093525,1112,1.0,0.8444244604316546,0.035643528628193304,-0.270555753524355,0.0017985611510791368,0.22931654676258992,0.9217625899280576,,0.011690647482014389,indel,vaf_bin,0.1,union,native,<5%,
,2114,4,73,0.03453169347209082,0.027553874292928528,0.04319809734149794,0.19063386944181646,0.4096499526963103,2114,0.9654683065279092,0.586565752128666,0.21305589162120317,-0.074831046070942,0.09035004730368969,0.4815515610217597,0.7540208136234626,,0.31267738883632923,indel,vaf_bin,0.1,union,native,5-10%,
,4578,4,589,0.12865880297072957,0.11927027228680712,0.13867000553434747,0.3888160768894714,0.5342398427260813,4578,0.8713411970292704,0.38051550895587594,0.3838988677188732,0.04730168396734644,0.42988204456094364,0.4746614242027086,0.5220620358235037,,0.7103538663171691,indel,vaf_bin,0.1,union,native,10-20%,
,2098,4,264,0.12583412774070543,0.11232253948571533,0.140713414576729,0.32697807435653004,0.4934461391801716,2098,0.8741658722592945,0.47902764537654907,0.35356797902523657,0.06100803722040435,0.6763584366062917,0.35271687321258344,0.3427073403241182,,0.602001906577693,indel,vaf_bin,0.1,union,native,>=20%,
,692,4,0,0.0,0.0,0.005520594917130398,0.01300578034682081,0.31286127167630057,692,1.0,0.7615606936416185,0.04987551444457295,-0.2502895942765968,0.0,0.342485549132948,0.8916184971098265,,0.017341040462427744,indel,vaf_bin+lc,0.1,union,native,<5%,False
,420,4,0,0.0,0.0,0.009063433368181315,0.002380952380952381,0.25535714285714284,420,1.0,0.9809523809523809,0.012857548654762277,-0.32205657385513486,0.004761904761904762,0.04285714285714286,0.9714285714285714,,0.002380952380952381,indel,vaf_bin+lc,0.1,union,native,<5%,True
,1291,4,70,0.054221533694810226,0.0431388778644577,0.06794920773924312,0.28969790859798605,0.48663826491092177,1291,0.9457784663051898,0.39736638264910923,0.27839468214023555,-0.050840820741073864,0.12238574748257165,0.6909372579395817,0.710302091402014,,0.4229279628195198,indel,vaf_bin+lc,0.1,union,native,5-10%,False
,823,4,3,0.0036452004860267314,0.0012404549053698288,0.010662018919214127,0.03523693803159174,0.28888213851761846,823,0.9963547995139733,0.8833535844471446,0.07788980533834926,-0.24555205646222078,0.040097205346294046,0.15309842041312272,0.8226002430133658,,0.13973268529769137,indel,vaf_bin+lc,0.1,union,native,5-10%,True
,2405,4,530,0.2203742203742204,0.20426149552035017,0.23737880211116064,0.6029106029106029,0.6641372141372142,2405,0.7796257796257796,0.16673596673596675,0.5079746317018843,0.0401526584407066,0.4723492723492724,0.7575883575883576,0.5896049896049896,,0.837006237006237,indel,vaf_bin+lc,0.1,union,native,10-20%,False
,2173,4,59,0.027151403589507593,0.021107663574974775,0.03486400966148675,0.15186378278877127,0.39047399907961344,2173,0.9728485964104924,0.6171191900598251,0.18949107886026603,-0.10276931162765947,0.38288080994017487,0.16152784169351128,0.44730786930510813,,0.5701794753796594,indel,vaf_bin+lc,0.1,union,native,10-20%,True
,634,4,214,0.33753943217665616,0.30180753464935606,0.3752281971124618,0.6971608832807571,0.7160883280757098,634,0.6624605678233438,0.17034700315457413,0.6011558550306082,0.13108174253548685,0.7996845425867508,0.7681388012618297,0.49842271293375395,,0.7981072555205048,indel,vaf_bin+lc,0.1,union,native,>=20%,False
,1464,4,50,0.03415300546448088,0.026001205660412592,0.04474312316112331,0.16666666666666666,0.39702868852459017,1464,0.9658469945355191,0.6127049180327869,0.2038499864064429,-0.08542525039359539,0.6229508196721312,0.17281420765027322,0.27527322404371585,,0.5170765027322405,indel,vaf_bin+lc,0.1,union,native,>=20%,True
all,107529,4,45334,0.42159789452147794,0.4186492015282636,0.42455218912356957,0.6521403528350491,0.713642366245385,107529,0.5784021054785221,0.21916878237498721,0.643732556163958,0.23993398217885145,0.8879558072705968,0.5881204140278437,0.6763849752159883,,0.7021082684671112,snv,all,0.1,union,shared4,,
,13465,4,2065,0.15336056442629037,0.14737322757779894,0.15954563188456825,0.27582621611585595,0.4818046787968808,13465,0.8466394355737096,0.5019680653546231,0.3567662571409818,0.07807110063611658,0.6705532862978091,0.3199405867062755,0.6705532862978091,,0.2661715558856294,snv,vaf_bin,0.1,union,shared4,<5%,
,34653,4,12501,0.36074798718725654,0.3557075786056453,0.36581926591458225,0.5562866129916602,0.6547917929183621,34653,0.6392520128127435,0.2978674285054685,0.5884044680975081,0.2392177808061257,0.8652064756298156,0.4708394655585375,0.6770842351311575,,0.6060369953539376,snv,vaf_bin,0.1,union,shared4,5-10%,
,46733,4,24418,0.5225001604861661,0.5179698746776198,0.5270267475663744,0.8028373954165151,0.8076145336272014,46733,0.4774998395138339,0.09487942139387585,0.7248594541951553,0.1768305136942651,0.9509126313311792,0.7152119487300195,0.6951618770461986,,0.869171677401408,snv,vaf_bin,0.1,union,shared4,10-20%,
,12678,4,6350,0.5008676447389178,0.4921652375935972,0.5095695262473983,0.7583215018141662,0.7743334910869222,12678,0.4991323552610822,0.16185518220539516,0.7090266052924283,0.2478300469368898,0.9489667139927433,0.7250354945575012,0.6114529105537151,,0.8118788452437293,snv,vaf_bin,0.1,union,shared4,>=20%,
,11512,4,2015,0.17503474635163307,0.16820197034794995,0.18208432642378322,0.3108929812369701,0.5105324878387769,11512,0.8249652536483669,0.4437977762334955,0.3849322987329163,0.09286247180329285,0.6482800555941626,0.3630993745656706,0.7321056289089646,,0.2986448922863099,snv,vaf_bin+lc,0.1,union,shared4,<5%,False
,1953,4,50,0.025601638504864313,0.01947325460996276,0.03359259717512514,0.06912442396313365,0.3124679979518689,1953,0.9743983614951357,0.8448540706605223,0.143295983462419,-0.16727649077529613,0.8018433179723502,0.06554019457245264,0.307731694828469,,0.07475678443420379,snv,vaf_bin+lc,0.1,union,shared4,<5%,True
,28960,4,12172,0.42030386740331493,0.41462980153061246,0.42599907338700527,0.6384323204419889,0.7132510359116022,28960,0.5796961325966851,0.20573204419889501,0.63820980625804,0.2279129127674454,0.8710635359116022,0.5471339779005525,0.7482389502762431,,0.686567679558011,snv,vaf_bin+lc,0.1,union,shared4,5-10%,False
,5693,4,329,0.05779026875109784,0.05202168871312256,0.06415522503895899,0.13841559810293344,0.3574126119796241,5693,0.9422097312489022,0.7665554189355349,0.22491283539659734,-0.060098175015054114,0.8354119093623749,0.082733181099596,0.3151238362901809,,0.19638152116634464,snv,vaf_bin+lc,0.1,union,shared4,5-10%,True
,41591,4,23611,0.5676949340001443,0.5629278660461895,0.5724494981294798,0.855449496285254,0.8427484311509702,41591,0.43230506599985574,0.05215070568151763,0.7572150312455029,0.1263720143102671,0.9662667404005675,0.7740616960400086,0.7262869370777332,,0.9043783510855714,snv,vaf_bin+lc,0.1,union,shared4,10-20%,False
,5142,4,807,0.15694282380396732,0.14725716183352583,0.16714068189473102,0.37728510307273433,0.5234344612991054,5142,0.8430571761960327,0.44049008168028003,0.38968768999605036,0.09421147678142017,0.8267211201866977,0.23920653442240372,0.44340723453908987,,0.5844029560482302,snv,vaf_bin+lc,0.1,union,shared4,10-20%,True
,10465,4,6080,0.5809842331581462,0.571503070095851,0.5904059631689378,0.8643096034400383,0.8438127090301003,10465,0.4190157668418538,0.07004300047778309,0.7673874390731692,0.16365279138260203,0.9678929765886287,0.8371715241280459,0.6690874343048256,,0.9010989010989011,snv,vaf_bin+lc,0.1,union,shared4,>=20%,False
,2213,4,270,0.12200632625395391,0.10902118943808128,0.13630147748371318,0.2571170356981473,0.4457749661093538,2213,0.8779936737460461,0.596023497514686,0.3337615186658229,0.0620212107919478,0.859466787166742,0.1947582467239042,0.33890646181653866,,0.38996836873023044,snv,vaf_bin+lc,0.1,union,shared4,>=20%,True
all,9902,4,926,0.09351646132094527,0.08793834117530949,0.09940984792458299,0.2907493435669562,0.4716976368410422,9902,0.9064835386790547,0.49747525752373256,0.3212571790488167,0.019783956319326796,0.3615431226014946,0.4227428802262169,0.5784689961623914,,0.5240355483740659,indel,all,0.1,union,shared4,,
,1112,4,0,0.0,0.0,0.003442656472680331,0.008992805755395683,0.29114208633093525,1112,1.0,0.8444244604316546,0.035643528628193304,-0.270555753524355,0.0017985611510791368,0.22931654676258992,0.9217625899280576,,0.011690647482014389,indel,vaf_bin,0.1,union,shared4,<5%,
,2114,4,73,0.03453169347209082,0.027553874292928528,0.04319809734149794,0.19063386944181646,0.4096499526963103,2114,0.9654683065279092,0.586565752128666,0.21305589162120317,-0.074831046070942,0.09035004730368969,0.4815515610217597,0.7540208136234626,,0.31267738883632923,indel,vaf_bin,0.1,union,shared4,5-10%,
,4578,4,589,0.12865880297072957,0.11927027228680712,0.13867000553434747,0.3888160768894714,0.5342398427260813,4578,0.8713411970292704,0.38051550895587594,0.3838988677188732,0.04730168396734644,0.42988204456094364,0.4746614242027086,0.5220620358235037,,0.7103538663171691,indel,vaf_bin,0.1,union,shared4,10-20%,
,2098,4,264,0.12583412774070543,0.11232253948571533,0.140713414576729,0.32697807435653004,0.4934461391801716,2098,0.8741658722592945,0.47902764537654907,0.35356797902523657,0.06100803722040435,0.6763584366062917,0.35271687321258344,0.3427073403241182,,0.602001906577693,indel,vaf_bin,0.1,union,shared4,>=20%,
,692,4,0,0.0,0.0,0.005520594917130398,0.01300578034682081,0.31286127167630057,692,1.0,0.7615606936416185,0.04987551444457295,-0.2502895942765968,0.0,0.342485549132948,0.8916184971098265,,0.017341040462427744,indel,vaf_bin+lc,0.1,union,shared4,<5%,False
,420,4,0,0.0,0.0,0.009063433368181315,0.002380952380952381,0.25535714285714284,420,1.0,0.9809523809523809,0.012857548654762277,-0.32205657385513486,0.004761904761904762,0.04285714285714286,0.9714285714285714,,0.002380952380952381,indel,vaf_bin+lc,0.1,union,shared4,<5%,True
,1291,4,70,0.054221533694810226,0.0431388778644577,0.06794920773924312,0.28969790859798605,0.48663826491092177,1291,0.9457784663051898,0.39736638264910923,0.27839468214023555,-0.050840820741073864,0.12238574748257165,0.6909372579395817,0.710302091402014,,0.4229279628195198,indel,vaf_bin+lc,0.1,union,shared4,5-10%,False
,823,4,3,0.0036452004860267314,0.0012404549053698288,0.010662018919214127,0.03523693803159174,0.28888213851761846,823,0.9963547995139733,0.8833535844471446,0.07788980533834926,-0.24555205646222078,0.040097205346294046,0.15309842041312272,0.8226002430133658,,0.13973268529769137,indel,vaf_bin+lc,0.1,union,shared4,5-10%,True
,2405,4,530,0.2203742203742204,0.20426149552035017,0.23737880211116064,0.6029106029106029,0.6641372141372142,2405,0.7796257796257796,0.16673596673596675,0.5079746317018843,0.0401526584407066,0.4723492723492724,0.7575883575883576,0.5896049896049896,,0.837006237006237,indel,vaf_bin+lc,0.1,union,shared4,10-20%,False
,2173,4,59,0.027151403589507593,0.021107663574974775,0.03486400966148675,0.15186378278877127,0.39047399907961344,2173,0.9728485964104924,0.6171191900598251,0.18949107886026603,-0.10276931162765947,0.38288080994017487,0.16152784169351128,0.44730786930510813,,0.5701794753796594,indel,vaf_bin+lc,0.1,union,shared4,10-20%,True
,634,4,214,0.33753943217665616,0.30180753464935606,0.3752281971124618,0.6971608832807571,0.7160883280757098,634,0.6624605678233438,0.17034700315457413,0.6011558550306082,0.13108174253548685,0.7996845425867508,0.7681388012618297,0.49842271293375395,,0.7981072555205048,indel,vaf_bin+lc,0.1,union,shared4,>=20%,False
,1464,4,50,0.03415300546448088,0.026001205660412592,0.04474312316112331,0.16666666666666666,0.39702868852459017,1464,0.9658469945355191,0.6127049180327869,0.2038499864064429,-0.08542525039359539,0.6229508196721312,0.17281420765027322,0.27527322404371585,,0.5170765027322405,indel,vaf_bin+lc,0.1,union,shared4,>=20%,True
all,52792,5,1405,0.0266138808910441,0.025274973778609235,0.028021675750414993,0.31292620093953627,0.39428322473101984,52792,0.9733861191089559,0.6045423549022579,0.3536540928165165,0.11825787648191836,0.560293226246401,0.2947984543112593,0.44919684800727383,0.3539930292468556,0.31313456584330956,snv,all,0.1,union_hc,native,,
,12871,5,0,0.0,0.0,0.00029836940773063267,0.282340144510916,0.3884546655271541,12871,1.0,0.4977080257944216,0.21734318500913824,0.013018153615665815,0.6739181104809261,0.3232072100069925,0.6755496853391345,0.0,0.2695983218087173,snv,vaf_bin,0.1,union_hc,native,<5%,
,18012,5,1,5.5518543193426606e-05,9.80045335461296e-06,0.0003144396790891649,0.5323673106817677,0.5101821008216745,18012,0.9999444814568066,0.395236508994004,0.3811745808905212,0.12326510940276277,0.9212747057517211,0.4624139462580502,0.6340217632689318,0.00016655562958027982,0.5330335332000888,snv,vaf_bin,0.1,union_hc,native,5-10%,
,11929,5,1314,0.11015173107553022,0.10465850229956429,0.11589596227645259,0.26708022466258696,0.3804845334898147,11929,0.8898482689244698,0.7170760331964121,0.5115134552842141,0.22773449897373219,0.34613127672059685,0.24796713890518904,0.29088775253583704,0.7395422918937045,0.2778942073937463,snv,vaf_bin,0.1,union_hc,native,10-20%,
,9980,5,90,0.009018036072144289,0.007343017236114272,0.011070882822191517,0.011122244488977955,0.2091182364729459,9980,0.9909819639278558,0.9855711422845691,0.3367871008279543,-0.20043361464134773,0.018236472945891785,0.011623246492985972,0.012925851703406814,0.9882765531062124,0.014529058116232466,snv,vaf_bin,0.1,union_hc,native,>=20%,
,11067,5,0,0.0,0.0,0.00034698887478272413,0.31670732809252733,0.4109876208547935,11067,1.0,0.4407698563296286,0.23380660090635388,0.016746112407111505,0.6530224993223096,0.36550103912532755,0.7353392970091263,0.0,0.3010752688172043,snv,vaf_bin+lc,0.1,union_hc,native,<5%,False
,1804,5,0,0.0,0.0,0.0021248870037530927,0.07150776053215077,0.2502217294900222,1804,1.0,0.8470066518847007,0.0886313307102027,-0.13340257208896408,0.8021064301552107,0.06374722838137473,0.30875831485587585,0.0,0.07649667405764966,snv,vaf_bin+lc,0.1,union_hc,native,<5%,True
,13731,5,1,7.28279076542131e-05,1.285602966691297e-05,0.000412446209038046,0.6665210108513583,0.5871677226713277,13731,0.9999271720923458,0.25730099774233484,0.43030967441028106,0.08581219996359467,0.9386789017551526,0.5859733449857986,0.7514383511761707,0.0001456558153084262,0.659602359624208,snv,vaf_bin+lc,0.1,union_hc,native,5-10%,False
,4281,5,0,0.0,0.0,0.00089652297701381,0.10207895351553375,0.26325624854006074,4281,1.0,0.8376547535622518,0.1317222661097092,-0.08814752776575921,0.8654519971969166,0.06610604998832048,0.2574164914739547,0.000233590282644242,0.12707311375846764,snv,vaf_bin+lc,0.1,union_hc,native,5-10%,True
,4215,5,1244,0.2951364175563464,0.2815586182865978,0.30908729319006767,0.7053380782918149,0.6756346381969157,4215,0.7048635824436537,0.2702253855278766,0.658523139926372,0.3193881536509697,0.7864768683274022,0.66429418742586,0.7217081850533807,0.49869513641755636,0.7069988137603797,snv,vaf_bin+lc,0.1,union_hc,native,10-20%,False
,7714,5,70,0.009074410163339383,0.0071891153809381814,0.011448409060082593,0.027612133782732695,0.21921182266009853,7714,0.9909255898366606,0.9612393051594503,0.18176469349143748,-0.16851097012015717,0.10552242675654654,0.020482240082966036,0.05548353642727508,0.8711433756805808,0.043427534353124186,snv,vaf_bin+lc,0.1,union_hc,native,10-20%,True
,1753,5,83,0.047347404449515115,0.0383568668279818,0.0583174562692786,0.05533371363377068,0.2439247005134056,1753,0.9526525955504849,0.9383913291500285,0.4828610474490552,-0.03650566756203167,0.06731317741015402,0.05818596691386195,0.05419281232173417,0.9817455790074159,0.05818596691386195,snv,vaf_bin+lc,0.1,union_hc,native,>=20%,False
,8227,5,7,0.0008508569344840161,0.0004122218835887901,0.0017554129700231794,0.0017017138689680322,0.201701713868968,8227,0.9991491430655159,0.9956241643369393,0.10093347359865727,-0.2427755358695538,0.007779263400996718,0.0017017138689680322,0.0041327336817795065,0.9896681657955513,0.00522669259754467,snv,vaf_bin+lc,0.1,union_hc,native,>=20%,True
all,2382,4,66,0.027707808564231738,0.021838416914220487,0.03509808166093618,0.10201511335012595,0.3393157010915197,2382,0.9722921914357683,0.7724601175482787,0.1620933749997627,-0.13093414394399286,0.1297229219143577,0.28001679261125106,0.8224181360201511,,0.12510495382031905,indel,all,0.1,union_hc,native,,
,1013,4,0,0.0,0.0,0.0037778345752634323,0.009871668311944718,0.28775913129318853,1013,1.0,0.8588351431391905,0.033737556064750596,-0.2731702543023301,0.0,0.2102665350444225,0.9299111549851925,,0.01085883514313919,indel,vaf_bin,0.1,union_hc,native,<5%,
,937,4,39,0.0416221985058698,0.030595195438564572,0.05639231776400943,0.18996798292422626,0.39167556029882605,937,0.9583778014941302,0.6648879402347919,0.22457635773375395,-0.05634032856892477,0.1248665955176094,0.3852721451440768,0.8388473852721452,,0.21771611526147278,indel,vaf_bin,0.1,union_hc,native,5-10%,
,320,4,27,0.084375,0.05863391629830028,0.11997650323022596,0.16875,0.375,320,0.915625,0.753125,0.25737730204592346,-0.004444444444444666,0.409375,0.259375,0.609375,,0.221875,indel,vaf_bin,0.1,union_hc,native,10-20%,
,112,4,0,0.0,3.469446951953614e-18,0.033161347066943875,0.008928571428571428,0.265625,112,1.0,0.9464285714285714,0.02853089264379587,-0.3006734608737111,0.5446428571428571,0.08928571428571429,0.32142857142857145,,0.10714285714285714,indel,vaf_bin,0.1,union_hc,native,>=20%,
,618,4,0,0.0,4.336808689942018e-19,0.006177553404012898,0.014563106796116505,0.3086569579288026,618,1.0,0.7799352750809061,0.04759934039384622,-0.2518292257396086,0.0,0.31715210355987056,0.901294498381877,,0.016181229773462782,indel,vaf_bin+lc,0.1,union_hc,native,<5%,False
,395,4,0,0.0,0.0,0.009631543400860735,0.002531645569620253,0.25506329113924053,395,1.0,0.9822784810126582,0.01319040849941818,-0.32240987833390616,0.0,0.043037974683544304,0.9746835443037974,,0.002531645569620253,indel,vaf_bin+lc,0.1,union_hc,native,<5%,True
,438,4,36,0.0821917808219178,0.05995822188901449,0.11169035772395415,0.365296803652968,0.5205479452054794,438,0.9178082191780822,0.365296803652968,0.33377310832069096,-0.00931495405179609,0.21232876712328766,0.6689497716894978,0.7968036529680366,,0.4041095890410959,indel,vaf_bin+lc,0.1,union_hc,native,5-10%,False
,499,4,3,0.006012024048096192,0.002046693786263109,0.01752499953388424,0.036072144288577156,0.2785571142284569,499,0.9939879759519038,0.9278557114228457,0.088263229237371,-0.25148880895283793,0.04809619238476954,0.13627254509018036,0.875751503006012,,0.05410821643286573,indel,vaf_bin+lc,0.1,union_hc,native,5-10%,True
,90,4,24,0.26666666666666666,0.18623818738233572,0.36619843788101675,0.5,0.5888888888888889,90,0.7333333333333333,0.4111111111111111,0.525068271605874,0.21213666496685346,0.5888888888888889,0.6222222222222222,0.5888888888888889,,0.5555555555555556,indel,vaf_bin+lc,0.1,union_hc,native,10-20%,False
,230,4,3,0.013043478260869565,0.00444569510489895,0.0376403356200479,0.0391304347826087,0.29130434782608694,230,0.9869565217391304,0.8869565217391304,0.09257304172169713,-0.2250099197265212,0.3391304347826087,0.11739130434782609,0.6173913043478261,,0.09130434782608696,indel,vaf_bin+lc,0.1,union_hc,native,10-20%,True
,5,4,0,0.0,0.0,0.43448246478317476,0.2,0.35,5,1.0,0.8,0.18055555555555555,-0.098901098901099,0.4,0.6,0.2,,0.2,indel,vaf_bin+lc,0.1,union_hc,native,>=20%,False
,107,4,0,0.0,0.0,0.03465723801874867,0.0,0.2616822429906542,107,1.0,0.9532710280373832,0.01721132897603486,-0.3141199517781792,0.5514018691588785,0.06542056074766354,0.32710280373831774,,0.102803738317757,indel,vaf_bin+lc,0.1,union_hc,native,>=20%,True
all,35729,4,12330,0.3450978196982843,0.340185276096008,0.35004366881574334,0.46169778051442806,0.5974628453077332,35729,0.6549021803017157,0.4169442189817795,0.5621675115166096,0.2771809003840094,0.8278709171821209,0.435584539169862,0.6637185479582413,,0.46267737692070865,snv,all,0.1,union_hc,shared4,,
,12871,4,2029,0.15764120891927588,0.15144803902764642,0.16403867759035762,0.282340144510916,0.4855683319089426,12871,0.8423587910807241,0.4977080257944216,0.36223864168189707,0.08356045373902274,0.6739181104809261,0.3232072100069925,0.6755496853391345,,0.2695983218087173,snv,vaf_bin,0.1,union_hc,shared4,<5%,
,18012,4,7452,0.41372418387741505,0.4065509279188971,0.4209342324548751,0.5323117921385743,0.6376859871196979,18012,0.586275816122585,0.39529202753719744,0.6351897376533165,0.33950713173505104,0.9212747057517211,0.4624139462580502,0.6340217632689318,,0.5330335332000888,snv,vaf_bin,0.1,union_hc,shared4,5-10%,
,4591,4,2759,0.6009583968634284,0.5867143642070302,0.6150336195499376,0.6891744717926378,0.755390982356785,4591,0.39904160313657155,0.26856893922892616,0.7648256010452107,0.4410416245138948,0.8993683293400131,0.6443040731866696,0.755826617294707,,0.7220649096057504,snv,vaf_bin,0.1,union_hc,shared4,10-20%,
,255,4,90,0.35294117647058826,0.29686518804921946,0.41338215663154765,0.43137254901960786,0.5607843137254902,255,0.6470588235294118,0.5411764705882353,0.5537479734117188,0.3339473026973026,0.7137254901960784,0.4549019607843137,0.5058823529411764,,0.5686274509803921,snv,vaf_bin,0.1,union_hc,shared4,>=20%,
,11067,4,1981,0.17900063251106893,0.17197018926137136,0.18625384217942836,0.31670732809252733,0.5137345260684919,11067,0.8209993674889311,0.4407698563296286,0.38967766817725646,0.09747869759658026,0.6530224993223096,0.36550103912532755,0.7353392970091263,,0.3010752688172043,snv,vaf_bin+lc,0.1,union_hc,shared4,<5%,False
,1804,4,48,0.026607538802660754,0.020127088577576672,0.035099800004690665,0.07150776053215077,0.31277716186252774,1804,0.9733924611973392,0.8470066518847007,0.1477188845170045,-0.16371883471940013,0.8021064301552107,0.06374722838137473,0.30875831485587585,,0.07649667405764966,snv,vaf_bin+lc,0.1,union_hc,shared4,<5%,True
,13731,4,7230,0.5265457723399607,0.5181882127341185,0.534888482922374,0.6665210108513583,0.7339232393853324,13731,0.4734542276600393,0.25737382564998906,0.7170984431680161,0.3614005213529723,0.9386789017551526,0.5859733449857986,0.7514383511761707,,0.659602359624208,snv,vaf_bin+lc,0.1,union_hc,shared4,5-10%,False
,4281,4,222,0.05185704274702172,0.04560738008923929,0.058910246321132585,0.10184536323288951,0.32901191310441485,4281,0.9481429572529783,0.8376547535622518,0.21934088575794908,-0.09654840235509077,0.8654519971969166,0.06610604998832048,0.2574164914739547,,0.12707311375846764,snv,vaf_bin+lc,0.1,union_hc,shared4,5-10%,True
,3481,4,2625,0.7540936512496409,0.7395135097912166,0.7681136006250625,0.849755817293881,0.8716604424016088,3481,0.2459063487503591,0.11720769893708705,0.8637695087678708,0.4258471457881895,0.9523125538638322,0.8043665613329503,0.8738868141338696,,0.8560758402757829,snv,vaf_bin+lc,0.1,union_hc,shared4,10-20%,False
,1110,4,134,0.12072072072072072,0.10285079426879117,0.14120679280335163,0.18558558558558558,0.39076576576576577,1110,0.8792792792792793,0.7432432432432432,0.2939026920243628,0.05173789598725769,0.7333333333333333,0.14234234234234233,0.3855855855855856,,0.30180180180180183,snv,vaf_bin+lc,0.1,union_hc,shared4,10-20%,True
,137,4,83,0.6058394160583942,0.5221964449261809,0.6837088349738238,0.708029197080292,0.7609489051094891,137,0.39416058394160586,0.27007299270072993,0.7679602399883771,0.44825818734325507,0.8613138686131386,0.7445255474452555,0.6934306569343066,,0.7445255474452555,snv,vaf_bin+lc,0.1,union_hc,shared4,>=20%,False
,118,4,7,0.059322033898305086,0.02902976488109972,0.11740199154550544,0.11016949152542373,0.3283898305084746,118,0.940677966101695,0.8559322033898306,0.1668546223303222,-0.07909501034564644,0.5423728813559322,0.11864406779661017,0.288135593220339,,0.3644067796610169,snv,vaf_bin+lc,0.1,union_hc,shared4,>=20%,True
all,2382,4,66,0.027707808564231738,0.021838416914220487,0.03509808166093618,0.10201511335012595,0.3393157010915197,2382,0.9722921914357683,0.7724601175482787,0.1620933749997627,-0.13093414394399286,0.1297229219143577,0.28001679261125106,0.8224181360201511,,0.12510495382031905,indel,all,0.1,union_hc,shared4,,
,1013,4,0,0.0,0.0,0.0037778345752634323,0.009871668311944718,0.28775913129318853,1013,1.0,0.8588351431391905,0.033737556064750596,-0.2731702543023301,0.0,0.2102665350444225,0.9299111549851925,,0.01085883514313919,indel,vaf_bin,0.1,union_hc,shared4,<5%,
,937,4,39,0.0416221985058698,0.030595195438564572,0.05639231776400943,0.18996798292422626,0.39167556029882605,937,0.9583778014941302,0.6648879402347919,0.22457635773375395,-0.05634032856892477,0.1248665955176094,0.3852721451440768,0.8388473852721452,,0.21771611526147278,indel,vaf_bin,0.1,union_hc,shared4,5-10%,
,320,4,27,0.084375,0.05863391629830028,0.11997650323022596,0.16875,0.375,320,0.915625,0.753125,0.25737730204592346,-0.004444444444444666,0.409375,0.259375,0.609375,,0.221875,indel,vaf_bin,0.1,union_hc,shared4,10-20%,
,112,4,0,0.0,3.469446951953614e-18,0.033161347066943875,0.008928571428571428,0.265625,112,1.0,0.9464285714285714,0.02853089264379587,-0.3006734608737111,0.5446428571428571,0.08928571428571429,0.32142857142857145,,0.10714285714285714,indel,vaf_bin,0.1,union_hc,shared4,>=20%,
,618,4,0,0.0,4.336808689942018e-19,0.006177553404012898,0.014563106796116505,0.3086569579288026,618,1.0,0.7799352750809061,0.04759934039384622,-0.2518292257396086,0.0,0.31715210355987056,0.901294498381877,,0.016181229773462782,indel,vaf_bin+lc,0.1,union_hc,shared4,<5%,False
,395,4,0,0.0,0.0,0.009631543400860735,0.002531645569620253,0.25506329113924053,395,1.0,0.9822784810126582,0.01319040849941818,-0.32240987833390616,0.0,0.043037974683544304,0.9746835443037974,,0.002531645569620253,indel,vaf_bin+lc,0.1,union_hc,shared4,<5%,True
,438,4,36,0.0821917808219178,0.05995822188901449,0.11169035772395415,0.365296803652968,0.5205479452054794,438,0.9178082191780822,0.365296803652968,0.33377310832069096,-0.00931495405179609,0.21232876712328766,0.6689497716894978,0.7968036529680366,,0.4041095890410959,indel,vaf_bin+lc,0.1,union_hc,shared4,5-10%,False
,499,4,3,0.006012024048096192,0.002046693786263109,0.01752499953388424,0.036072144288577156,0.2785571142284569,499,0.9939879759519038,0.9278557114228457,0.088263229237371,-0.25148880895283793,0.04809619238476954,0.13627254509018036,0.875751503006012,,0.05410821643286573,indel,vaf_bin+lc,0.1,union_hc,shared4,5-10%,True
,90,4,24,0.26666666666666666,0.18623818738233572,0.36619843788101675,0.5,0.5888888888888889,90,0.7333333333333333,0.4111111111111111,0.525068271605874,0.21213666496685346,0.5888888888888889,0.6222222222222222,0.5888888888888889,,0.5555555555555556,indel,vaf_bin+lc,0.1,union_hc,shared4,10-20%,False
,230,4,3,0.013043478260869565,0.00444569510489895,0.0376403356200479,0.0391304347826087,0.29130434782608694,230,0.9869565217391304,0.8869565217391304,0.09257304172169713,-0.2250099197265212,0.3391304347826087,0.11739130434782609,0.6173913043478261,,0.09130434782608696,indel,vaf_bin+lc,0.1,union_hc,shared4,10-20%,True
,5,4,0,0.0,0.0,0.43448246478317476,0.2,0.35,5,1.0,0.8,0.18055555555555555,-0.098901098901099,0.4,0.6,0.2,,0.2,indel,vaf_bin+lc,0.1,union_hc,shared4,>=20%,False
,107,4,0,0.0,0.0,0.03465723801874867,0.0,0.2616822429906542,107,1.0,0.9532710280373832,0.01721132897603486,-0.3141199517781792,0.5514018691588785,0.06542056074766354,0.32710280373831774,,0.102803738317757,indel,vaf_bin+lc,0.1,union_hc,shared4,>=20%,True
all,39446,5,93,0.0023576535009886936,0.0019250865766846361,0.00288713704197954,0.1707650965877402,0.15828220858895706,10466,0.9911140836995987,0.02104142371850124,0.38051876995249384,0.5034583051528727,0.23226689651675708,0.15061096182122397,0.25437306697764034,0.0032702935658875426,0.1508898240632764,snv,all,0.05,truth,native,,
,39291,5,92,0.0023415031432134584,0.0019098043061098915,0.0028705040460066038,0.1696317222773663,0.15733374055127128,10373,0.991130820399113,0.021098979410043014,0.3799328024004886,0.5033588959022551,0.23086711969662263,0.14960168995444248,0.25303504619378486,0.003257743503601334,0.1499071034079051,snv,vaf_bin,0.05,truth,native,<5%,
,155,5,1,0.0064516129032258064,0.0011397773831429876,0.03563562662072084,0.45806451612903226,0.39870967741935487,93,0.989247311827957,0.0064516129032258064,0.442985963893186,0.39719710543494857,0.5870967741935483,0.4064516129032258,0.5935483870967742,0.0064516129032258064,0.4,snv,vaf_bin,0.05,truth,native,5-10%,
,36905,5,82,0.0022219211488958136,0.0017905868338377224,0.002756872587449054,0.172632434629454,0.1590841349410649,9784,0.991618969746525,0.020566318926974664,0.38410206208108894,0.5070707720008014,0.23205527706272863,0.15407126405636093,0.2545996477442081,0.0028722395339384906,0.15182224630808833,snv,vaf_bin+lc,0.05,truth,native,<5%,False
,2386,5,10,0.004191114836546521,0.0022781444620792266,0.007698023091922069,0.12321877619446772,0.13025984911986588,589,0.9830220713073005,0.02933780385582565,0.30788746976494247,0.4321444820191929,0.21248952221290862,0.08046940486169321,0.22883487007544007,0.009220452640402346,0.12028499580888516,snv,vaf_bin+lc,0.05,truth,native,<5%,True
,153,5,1,0.006535947712418301,0.0011546884951885508,0.03608966554625311,0.45751633986928103,0.39607843137254906,91,0.989010989010989,0.006535947712418301,0.44416364258488983,0.4016008743731517,0.5816993464052288,0.40522875816993464,0.5882352941176471,0.006535947712418301,0.39869281045751637,snv,vaf_bin+lc,0.05,truth,native,5-10%,False
,2,5,0,0.0,0.0,0.6576197724933469,0.5,0.6,2,1.0,0.0,0.4,-0.041666666666666706,1.0,0.5,1.0,0.0,0.5,snv,vaf_bin+lc,0.05,truth,native,5-10%,True
all,1625,4,11,0.00676923076923077,0.003784020630763635,0.012080911269609123,0.03569230769230769,0.07923076923076923,288,0.9618055555555556,0.08,0.2253718410627518,0.3455591513843944,0.009230769230769232,0.11323076923076923,0.15261538461538462,,0.041846153846153845,indel,all,0.05,truth,native,,
,1625,4,11,0.00676923076923077,0.003784020630763635,0.012080911269609123,0.03569230769230769,0.07923076923076923,288,0.9618055555555556,0.08,0.2253718410627518,0.3455591513843944,0.009230769230769232,0.11323076923076923,0.15261538461538462,,0.041846153846153845,indel,vaf_bin,0.05,truth,native,<5%,
,1242,4,8,0.00644122383252818,0.00326742481843385,0.012658725880930359,0.04106280193236715,0.09400161030595813,262,0.9694656488549618,0.09339774557165861,0.21508908904589755,0.3248266980404539,0.00966183574879227,0.13526570048309178,0.18276972624798712,,0.04830917874396135,indel,vaf_bin+lc,0.05,truth,native,<5%,False
,383,4,3,0.007832898172323759,0.0026673965340403352,0.022773151774034796,0.018276762402088774,0.031331592689295036,26,0.8846153846153846,0.03655352480417755,0.3244359806859807,0.46948936807427205,0.007832898172323759,0.04177545691906005,0.05483028720626632,,0.020887728459530026,indel,vaf_bin+lc,0.05,truth,native,<5%,True
all,39446,4,4258,0.10794503878720275,0.10492085462380721,0.11104557626068803,0.17061298991025706,0.19703518734472444,10466,0.593158799923562,0.0210667748314151,0.6234753729656686,0.7125254942150276,0.23226689651675708,0.15061096182122397,0.25437306697764034,,0.1508898240632764,snv,all,0.05,truth,shared4,,
,39291,4,4206,0.10704741543865007,0.10402867935020936,0.11014298151881675,0.169479015550635,0.19585273981318876,10373,0.5945242456377133,0.021124430531164896,0.622480589186316,0.7120151188879064,0.23086711969662263,0.14960168995444248,0.25303504619378486,,0.1499071034079051,snv,vaf_bin,0.05,truth,shared4,<5%,
,155,4,52,0.33548387096774196,0.265928027805944,0.4129971068620108,0.45806451612903226,0.4967741935483871,93,0.44086021505376344,0.0064516129032258064,0.7293331690990629,0.6903096903096905,0.5870967741935483,0.4064516129032258,0.5935483870967742,,0.4,snv,vaf_bin,0.05,truth,shared4,5-10%,
,36905,4,4072,0.11033735266224089,0.10718128282491635,0.11357453439333107,0.17255114483132367,0.1981371087928465,9784,0.5838103025347506,0.020566318926974664,0.6305765560499881,0.7186938467982074,0.23205527706272863,0.15407126405636093,0.2545996477442081,,0.15182224630808833,snv,vaf_bin+lc,0.05,truth,shared4,<5%,False
,2386,4,134,0.056160938809723386,0.0476162463045702,0.06613249540268878,0.12196144174350378,0.16051969823973178,589,0.7724957555178268,0.029756915339480303,0.4785823625731094,0.5873778540196666,0.21248952221290862,0.08046940486169321,0.22883487007544007,,0.12028499580888516,snv,vaf_bin+lc,0.05,truth,shared4,<5%,True
,153,4,51,0.3333333333333333,0.2635272188335969,0.4113036557102013,0.45751633986928103,0.4934640522875817,91,0.43956043956043955,0.006535947712418301,0.7311278141334321,0.6949369792779324,0.5816993464052288,0.40522875816993464,0.5882352941176471,,0.39869281045751637,snv,vaf_bin+lc,0.05,truth,shared4,5-10%,False
,2,4,1,0.5,0.09453120573423074,0.9054687942657693,0.5,0.75,2,0.5,0.0,0.6666666666666666,0.11111111111111101,1.0,0.5,1.0,,0.5,snv,vaf_bin+lc,0.05,truth,shared4,5-10%,True
all,1625,4,11,0.00676923076923077,0.003784020630763635,0.012080911269609123,0.03569230769230769,0.07923076923076923,288,0.9618055555555556,0.08,0.2253718410627518,0.3455591513843944,0.009230769230769232,0.11323076923076923,0.15261538461538462,,0.041846153846153845,indel,all,0.05,truth,shared4,,
,1625,4,11,0.00676923076923077,0.003784020630763635,0.012080911269609123,0.03569230769230769,0.07923076923076923,288,0.9618055555555556,0.08,0.2253718410627518,0.3455591513843944,0.009230769230769232,0.11323076923076923,0.15261538461538462,,0.041846153846153845,indel,vaf_bin,0.05,truth,shared4,<5%,
,1242,4,8,0.00644122383252818,0.00326742481843385,0.012658725880930359,0.04106280193236715,0.09400161030595813,262,0.9694656488549618,0.09339774557165861,0.21508908904589755,0.3248266980404539,0.00966183574879227,0.13526570048309178,0.18276972624798712,,0.04830917874396135,indel,vaf_bin+lc,0.05,truth,shared4,<5%,False
,383,4,3,0.007832898172323759,0.0026673965340403352,0.022773151774034796,0.018276762402088774,0.031331592689295036,26,0.8846153846153846,0.03655352480417755,0.3244359806859807,0.46948936807427205,0.007832898172323759,0.04177545691906005,0.05483028720626632,,0.020887728459530026,indel,vaf_bin+lc,0.05,truth,shared4,<5%,True
all,98136,5,3934,0.0400872258906008,0.03887781427230304,0.04133264196858773,0.34501100513573,0.41334678405478115,98136,0.9599127741093992,0.530630961115187,0.3336064576390816,0.10226525511007932,0.6466230537213663,0.2856342218961441,0.4267750876334882,0.32810589386157984,0.37959566316132715,snv,all,0.05,union,native,,
,13368,5,0,0.0,2.710505431213761e-20,0.0002872797162996664,0.21813285457809695,0.35213943746259724,13368,1.0,0.5584230999401556,0.18085775273268917,-0.025956710652614456,0.7786505086774387,0.23563734290843807,0.5320915619389587,0.020870736086175942,0.19344703770197486,snv,vaf_bin,0.05,union,native,<5%,
,36310,5,4,0.0001101624896722666,4.284084843006705e-05,0.00028324579911236244,0.4311209033324153,0.45557697603965847,36310,0.9998898375103278,0.39286697879372073,0.2881154544471276,0.04550884811020994,0.8664555218947948,0.34367942715505373,0.5703112090333241,0.0007435968052877995,0.496695125309832,snv,vaf_bin,0.05,union,native,5-10%,
,30275,5,3569,0.11788604459124691,0.11430198080631453,0.12156706552208009,0.4818166804293972,0.49994384805945496,30275,0.8821139554087531,0.43603633360858796,0.4616825205194111,0.20314449862044967,0.6450206440957886,0.38893476465730803,0.43745664739884393,0.5048389760528489,0.5234682080924855,snv,vaf_bin,0.05,union,native,10-20%,
,18183,5,361,0.019853709508881923,0.01792520917085134,0.021985044649976793,0.03855249408788429,0.22983006104603199,18183,0.9801462904911181,0.9428037177583457,0.23417022400493354,-0.12081869542760156,0.11323763955342903,0.034482758620689655,0.04493207941483804,0.9134356266842655,0.0430622009569378,snv,vaf_bin,0.05,union,native,>=20%,
,10570,5,0,0.0,2.710505431213761e-20,0.00036329831836939277,0.26698202459791864,0.3844276253547777,10570,1.0,0.4695364238410596,0.20026474477305095,-0.016624528760413093,0.7727530747398297,0.2901608325449385,0.6248817407757805,0.0,0.23434247871333963,snv,vaf_bin+lc,0.05,union,native,<5%,False
,2798,5,0,0.0,0.0,0.0013710478901654236,0.03359542530378842,0.23016440314510364,2798,1.0,0.8942101501072195,0.06719330961823926,-0.18198988448473746,0.8009292351679771,0.029664045746962117,0.18155825589706934,0.09971408148677627,0.03895639742673338,snv,vaf_bin+lc,0.05,union,native,<5%,True
,29147,5,4,0.00013723539300785674,5.336941754083621e-05,0.00035284385892398574,0.5151473565032422,0.5032764950080626,29147,0.9998627646069922,0.2893265173088139,0.31886868330123724,0.031968586525684795,0.8650289909767729,0.41510275500051463,0.6526915291453665,0.00024016193776374927,0.583319037979895,snv,vaf_bin+lc,0.05,union,native,5-10%,False
,7163,5,0,0.0,0.0,0.0005360044369289339,0.08920843222113639,0.2614826190143794,7163,1.0,0.8141840011168505,0.10482808723127454,-0.11513301649043191,0.8722602261622225,0.05305039787798409,0.23509702638559263,0.0027921262041044254,0.1442133184419936,snv,vaf_bin+lc,0.05,union,native,5-10%,True
,18513,5,3446,0.18613946956192945,0.18059812966300096,0.19181103494297383,0.7458542645708421,0.6623993950197159,18513,0.8138605304380705,0.14822016961054393,0.5396220981174469,0.12743881660278875,0.8995300599578674,0.6152433425160698,0.6521363366283153,0.3568303354399611,0.7882569005563658,snv,vaf_bin+lc,0.05,union,native,10-20%,False
,11762,5,123,0.010457405203196735,0.00877221519466158,0.012462259168699088,0.06623023295357933,0.2442441761605169,11762,0.9895425947968033,0.8890494813807176,0.16039150717574138,-0.11407150248488142,0.2444312191804115,0.032732528481550754,0.09955789831661283,0.7377996939296038,0.10669954089440571,snv,vaf_bin+lc,0.05,union,native,10-20%,True
,3921,5,347,0.08849783218566692,0.08000596189573873,0.09779522221384211,0.15990818668706963,0.3165519000255037,3921,0.9115021678143331,0.8105075235909207,0.4061107254387478,0.13673978368427198,0.23004335628666156,0.14894159653149708,0.12930374904361133,0.9132874266768681,0.16118337158888038,snv,vaf_bin+lc,0.05,union,native,>=20%,False
,14262,5,14,0.000981629504978264,0.0005848473696326855,0.0016471596881077661,0.0051886130977422526,0.2059879399803674,14262,0.9990183704950217,0.9791754312158183,0.052847445157026676,-0.2325473983158823,0.08112466694713225,0.003015004908147525,0.021736081895947272,0.9134763707754873,0.010587575375122704,snv,vaf_bin+lc,0.05,union,native,>=20%,True
all,5116,4,150,0.029319781078967943,0.025038436585186428,0.03430743599007122,0.15129007036747458,0.38017982799061767,5116,0.9706802189210321,0.6598905394839718,0.19257705153072438,-0.09659470182461731,0.14913995308835026,0.36180609851446444,0.6714229867083659,,0.33835027365129006,indel,all,0.05,union,native,,
,879,4,0,0.0,4.336808689942018e-19,0.004351244249251245,0.004550625711035267,0.27957906712172925,879,1.0,0.8862343572241184,0.02370657171885771,-0.2864074180130519,0.0,0.19340159271899887,0.9203640500568828,,0.004550625711035267,indel,vaf_bin,0.05,union,native,<5%,
,1900,4,16,0.008421052631578947,0.00519010788630532,0.013635755293969983,0.10105263157894737,0.35276315789473683,1900,0.991578947368421,0.6984210526315789,0.1293485177371163,-0.15891618027790613,0.024736842105263158,0.4236842105263158,0.7521052631578947,,0.21052631578947367,indel,vaf_bin,0.05,union,native,5-10%,
,1918,4,119,0.06204379562043796,0.05209849353720996,0.07373990885062076,0.2799791449426486,0.4635036496350365,1918,0.9379562043795621,0.4880083420229406,0.2875675839049213,-0.02073210236475529,0.2492179353493222,0.4259645464025026,0.5672575599582899,,0.6115745568300313,indel,vaf_bin,0.05,union,native,10-20%,
,419,4,15,0.03579952267303103,0.021813000761870704,0.05822044466961096,0.09785202863961814,0.3341288782816229,419,0.964200477326969,0.7971360381861575,0.1472832800749487,-0.12276839051032608,0.568019093078759,0.14081145584725538,0.26014319809069214,,0.36754176610978523,indel,vaf_bin,0.05,union,native,>=20%,
,497,4,0,0.0,4.336808689942018e-19,0.007670009646843959,0.008048289738430584,0.2987927565392354,497,1.0,0.8128772635814889,0.03702076505504415,-0.2644538804270989,0.0,0.3118712273641851,0.8752515090543259,,0.008048289738430584,indel,vaf_bin+lc,0.05,union,native,<5%,False
,382,4,0,0.0,0.0,0.009956055091734722,0.0,0.2545811518324607,382,1.0,0.981675392670157,0.003664921465968586,-0.32543392217801054,0.0,0.03926701570680628,0.9790575916230366,,0.0,indel,vaf_bin+lc,0.05,union,native,<5%,True
,1123,4,13,0.01157613535173642,0.006777512250081798,0.019704881157705103,0.15939447907390916,0.40650044523597506,1123,0.9884238646482636,0.5449688334817453,0.17166977938872605,-0.12635661653639055,0.027604630454140695,0.6144256455921638,0.691006233303651,,0.2929652715939448,indel,vaf_bin+lc,0.05,union,native,5-10%,False
,777,4,3,0.003861003861003861,0.0013139399742361588,0.011289718181361387,0.01673101673101673,0.2750965250965251,777,0.9961389961389961,0.9202059202059202,0.051260279163307276,-0.27515800894453957,0.02059202059202059,0.148005148005148,0.8404118404118404,,0.09137709137709138,indel,vaf_bin+lc,0.05,union,native,5-10%,True
,982,4,109,0.1109979633401222,0.09284635156873786,0.13218116866364352,0.4755600814663951,0.5891038696537678,982,0.8890020366598778,0.23014256619144602,0.3982864143151359,-0.019477726048044677,0.26171079429735233,0.7036659877800407,0.620162932790224,,0.7708757637474541,indel,vaf_bin+lc,0.05,union,native,10-20%,False
,936,4,10,0.010683760683760684,0.005813415062487016,0.019554117511155995,0.07478632478632478,0.3317307692307692,936,0.9893162393162394,0.7585470085470085,0.1146547918850741,-0.17832690369443563,0.2361111111111111,0.1346153846153846,0.5117521367521367,,0.4444444444444444,indel,vaf_bin+lc,0.05,union,native,10-20%,True
,54,4,14,0.25925925925925924,0.16118652626020738,0.3893089050428169,0.5,0.6064814814814815,54,0.7407407407407407,0.3333333333333333,0.5051078713659658,0.16587337224966317,0.6111111111111112,0.6851851851851852,0.46296296296296297,,0.6666666666666666,indel,vaf_bin+lc,0.05,union,native,>=20%,False
,365,4,1,0.0027397260273972603,0.0004837927399547878,0.015353523486293652,0.038356164383561646,0.29383561643835615,365,0.9972602739726028,0.8657534246575342,0.061604597792859005,-0.2400510363652939,0.5616438356164384,0.06027397260273973,0.23013698630136986,,0.3232876712328767,indel,vaf_bin+lc,0.05,union,native,>=20%,True
all,72784,4,18755,0.2576802593976698,0.25451574775712094,0.26087034842274626,0.45824631787205977,0.5860560013189712,72784,0.7423197406023302,0.3717025719938448,0.4983896501649922,0.17660551887101092,0.8718537041107935,0.38512585183556824,0.5754286656408002,,0.5118157836887228,snv,all,0.05,union,shared4,,
,13090,4,1350,0.10313216195569137,0.0980380359796338,0.10845915335354282,0.22276546982429335,0.44419404125286477,13090,0.8968678380443086,0.5491214667685256,0.3014139926163016,0.014821893618045033,0.795187165775401,0.24064171122994651,0.5433919022154317,,0.1975553857906799,snv,vaf_bin,0.05,union,shared4,<5%,
,36293,4,8695,0.2395778800319621,0.23521434541335406,0.2439965379510915,0.43124018405753173,0.5695519797206072,36293,0.7604221199680379,0.3926101452070647,0.4799438713160646,0.16469830930244697,0.8668613782272063,0.343840409996418,0.5705783484418483,,0.49692778221695644,snv,vaf_bin,0.05,union,shared4,5-10%,
,20982,4,8349,0.3979124964255076,0.39130886263721815,0.4045535044541256,0.6750071489848442,0.7196048994376132,20982,0.6020875035744925,0.19450004765989895,0.6317411916308767,0.20011237511380908,0.9307025069106853,0.5611953102659423,0.6312077018396721,,0.7553140787341531,snv,vaf_bin,0.05,union,shared4,10-20%,
,2419,4,361,0.14923522116577098,0.1355923116192676,0.1639904184756656,0.2575444398511782,0.4429516329061596,2419,0.8507647788342291,0.6349731293923109,0.3658665270509444,0.10171379628082519,0.8511781727986771,0.25919801570897066,0.33774286895411326,,0.32368747416287724,snv,vaf_bin,0.05,union,shared4,>=20%,
,10570,4,1318,0.12469252601702933,0.11853041989394968,0.13112732928844797,0.26698202459791864,0.4805345316934721,10570,0.8753074739829707,0.4695364238410596,0.3337745746217516,0.0354033823351382,0.7727530747398297,0.2901608325449385,0.6248817407757805,,0.23434247871333963,snv,vaf_bin+lc,0.05,union,shared4,<5%,False
,2520,4,32,0.012698412698412698,0.00900925613363315,0.017870981760705167,0.0373015873015873,0.29176587301587303,2520,0.9873015873015873,0.8829365079365079,0.11192268554210975,-0.226645387489183,0.8892857142857142,0.03293650793650794,0.2015873015873016,,0.04325396825396825,snv,vaf_bin+lc,0.05,union,shared4,<5%,True
,29147,4,8463,0.29035578275637286,0.2851724916081534,0.29559432717257605,0.5151130476549902,0.6290355782756373,29147,0.7096442172436271,0.2893265173088139,0.5312162755850679,0.16988254967064384,0.8650289909767729,0.41510275500051463,0.6526915291453665,,0.583319037979895,snv,vaf_bin+lc,0.05,union,shared4,5-10%,False
,7146,4,232,0.03246571508536244,0.028601095722702728,0.03683272704318844,0.08914077805765463,0.3269311502938707,7146,0.9675342849146376,0.8138818919675342,0.17430600515785555,-0.13596103821015643,0.8743352924713126,0.0531766022949902,0.23565631122306185,,0.1445563951861181,snv,vaf_bin+lc,0.05,union,shared4,5-10%,True
,17464,4,8102,0.46392579019697666,0.4565382593600403,0.471329187629883,0.7714154832798901,0.7831682317911132,17464,0.5360742098030233,0.1026683463124141,0.6863570869749406,0.1490096500456124,0.9535616124599176,0.65219880897847,0.6913078332569857,,0.8356046724690792,snv,vaf_bin+lc,0.05,union,shared4,10-20%,False
,3518,4,247,0.0702103467879477,0.06222780691329485,0.0791304752926846,0.19641841955656622,0.4040648095508812,3518,0.9297896532120523,0.6503695281409893,0.2473329588854192,-0.018350126392196808,0.8172256964184196,0.10943718021603184,0.3328595793064241,,0.3567367822626492,snv,vaf_bin+lc,0.05,union,shared4,10-20%,True
,1029,4,347,0.337220602526725,0.3089878040103751,0.36666425552013077,0.5626822157434402,0.6377551020408163,1029,0.6627793974732751,0.3488824101068999,0.5765066504191024,0.25087949921752734,0.8765792031098154,0.5675413022351797,0.49271137026239065,,0.6141885325558795,snv,vaf_bin+lc,0.05,union,shared4,>=20%,False
,1390,4,14,0.010071942446043165,0.006009053576986624,0.01683533709541786,0.031654676258992806,0.2987410071942446,1390,0.9899280575539569,0.8467625899280575,0.08456435585563843,-0.22969108047638984,0.8323741007194244,0.03093525179856115,0.22302158273381295,,0.10863309352517986,snv,vaf_bin+lc,0.05,union,shared4,>=20%,True
all,5116,4,150,0.029319781078967943,0.025038436585186428,0.03430743599007122,0.15129007036747458,0.38017982799061767,5116,0.9706802189210321,0.6598905394839718,0.19257705153072438,-0.09659470182461731,0.14913995308835026,0.36180609851446444,0.6714229867083659,,0.33835027365129006,indel,all,0.05,union,shared4,,
,879,4,0,0.0,4.336808689942018e-19,0.004351244249251245,0.004550625711035267,0.27957906712172925,879,1.0,0.8862343572241184,0.02370657171885771,-0.2864074180130519,0.0,0.19340159271899887,0.9203640500568828,,0.004550625711035267,indel,vaf_bin,0.05,union,shared4,<5%,
,1900,4,16,0.008421052631578947,0.00519010788630532,0.013635755293969983,0.10105263157894737,0.35276315789473683,1900,0.991578947368421,0.6984210526315789,0.1293485177371163,-0.15891618027790613,0.024736842105263158,0.4236842105263158,0.7521052631578947,,0.21052631578947367,indel,vaf_bin,0.05,union,shared4,5-10%,
,1918,4,119,0.06204379562043796,0.05209849353720996,0.07373990885062076,0.2799791449426486,0.4635036496350365,1918,0.9379562043795621,0.4880083420229406,0.2875675839049213,-0.02073210236475529,0.2492179353493222,0.4259645464025026,0.5672575599582899,,0.6115745568300313,indel,vaf_bin,0.05,union,shared4,10-20%,
,419,4,15,0.03579952267303103,0.021813000761870704,0.05822044466961096,0.09785202863961814,0.3341288782816229,419,0.964200477326969,0.7971360381861575,0.1472832800749487,-0.12276839051032608,0.568019093078759,0.14081145584725538,0.26014319809069214,,0.36754176610978523,indel,vaf_bin,0.05,union,shared4,>=20%,
,497,4,0,0.0,4.336808689942018e-19,0.007670009646843959,0.008048289738430584,0.2987927565392354,497,1.0,0.8128772635814889,0.03702076505504415,-0.2644538804270989,0.0,0.3118712273641851,0.8752515090543259,,0.008048289738430584,indel,vaf_bin+lc,0.05,union,shared4,<5%,False
,382,4,0,0.0,0.0,0.009956055091734722,0.0,0.2545811518324607,382,1.0,0.981675392670157,0.003664921465968586,-0.32543392217801054,0.0,0.03926701570680628,0.9790575916230366,,0.0,indel,vaf_bin+lc,0.05,union,shared4,<5%,True
,1123,4,13,0.01157613535173642,0.006777512250081798,0.019704881157705103,0.15939447907390916,0.40650044523597506,1123,0.9884238646482636,0.5449688334817453,0.17166977938872605,-0.12635661653639055,0.027604630454140695,0.6144256455921638,0.691006233303651,,0.2929652715939448,indel,vaf_bin+lc,0.05,union,shared4,5-10%,False
,777,4,3,0.003861003861003861,0.0013139399742361588,0.011289718181361387,0.01673101673101673,0.2750965250965251,777,0.9961389961389961,0.9202059202059202,0.051260279163307276,-0.27515800894453957,0.02059202059202059,0.148005148005148,0.8404118404118404,,0.09137709137709138,indel,vaf_bin+lc,0.05,union,shared4,5-10%,True
,982,4,109,0.1109979633401222,0.09284635156873786,0.13218116866364352,0.4755600814663951,0.5891038696537678,982,0.8890020366598778,0.23014256619144602,0.3982864143151359,-0.019477726048044677,0.26171079429735233,0.7036659877800407,0.620162932790224,,0.7708757637474541,indel,vaf_bin+lc,0.05,union,shared4,10-20%,False
,936,4,10,0.010683760683760684,0.005813415062487016,0.019554117511155995,0.07478632478632478,0.3317307692307692,936,0.9893162393162394,0.7585470085470085,0.1146547918850741,-0.17832690369443563,0.2361111111111111,0.1346153846153846,0.5117521367521367,,0.4444444444444444,indel,vaf_bin+lc,0.05,union,shared4,10-20%,True
,54,4,14,0.25925925925925924,0.16118652626020738,0.3893089050428169,0.5,0.6064814814814815,54,0.7407407407407407,0.3333333333333333,0.5051078713659658,0.16587337224966317,0.6111111111111112,0.6851851851851852,0.46296296296296297,,0.6666666666666666,indel,vaf_bin+lc,0.05,union,shared4,>=20%,False
,365,4,1,0.0027397260273972603,0.0004837927399547878,0.015353523486293652,0.038356164383561646,0.29383561643835615,365,0.9972602739726028,0.8657534246575342,0.061604597792859005,-0.2400510363652939,0.5616438356164384,0.06027397260273973,0.23013698630136986,,0.3232876712328767,indel,vaf_bin+lc,0.05,union,shared4,>=20%,True
all,48164,5,93,0.0019309027489411179,0.0015765776769613724,0.002364671361216767,0.14168258450294827,0.29208537496885645,48164,0.9980690972510589,0.7725687235279461,0.2150260785398755,-0.03214769447239381,0.523046258616394,0.13456108296653102,0.2704924840129557,0.3868657088281704,0.14546134042023087,snv,all,0.05,union_hc,native,,
,12519,5,0,0.0,0.0,0.00030675616499067974,0.22653566578800224,0.3574406901509705,12519,1.0,0.54501158239476,0.1828509479112011,-0.02287588847162474,0.8009425672977075,0.24386931863567377,0.5458103682402747,0.0,0.19658119658119658,snv,vaf_bin,0.05,union_hc,native,<5%,
,14885,5,0,0.0,2.710505431213761e-20,0.00025800925017025454,0.24366812227074236,0.3476519986563655,14885,1.0,0.6851864292912327,0.25445912943388505,0.05858527439090669,0.9014444071212631,0.20873362445414848,0.36365468592542827,6.718172657037286e-05,0.2643600940544172,snv,vaf_bin,0.05,union_hc,native,5-10%,
,9831,5,91,0.009256433730037636,0.007545799667591327,0.01135043364728496,0.03590682534838775,0.22581629539212694,9831,0.9907435662699624,0.9464957786593429,0.1901921736448335,-0.14663057026281257,0.16824331197233242,0.03183806326925033,0.0743566269962364,0.797985962770827,0.05665751195198861,snv,vaf_bin,0.05,union_hc,native,10-20%,
,10929,5,2,0.00018299935950224174,5.018645956594457e-05,0.0006670524074046892,0.000731997438008967,0.20115289596486413,10929,0.9998170006404977,0.9957910147314485,0.040726094673693,-0.24662231468257517,0.008509470216854241,0.000731997438008967,0.004666483667307164,0.9870070454753408,0.004849483026809406,snv,vaf_bin,0.05,union_hc,native,>=20%,
,10164,5,0,0.0,0.0,0.00037780475199695654,0.27016922471467925,0.3862062180243998,10164,1.0,0.46635182998819363,0.201971629448624,-0.015154851293718375,0.7798110979929161,0.2926013380558835,0.6266233766233766,0.0,0.2319952774498229,snv,vaf_bin+lc,0.05,union_hc,native,<5%,False
,2355,5,0,0.0,0.0,0.001628536248728928,0.03821656050955414,0.2332908704883227,2355,1.0,0.8845010615711253,0.0682581324880723,-0.17560478833879906,0.8921443736730361,0.03354564755838641,0.1970276008492569,0.0,0.04373673036093418,snv,vaf_bin+lc,0.05,union_hc,native,<5%,True
,9509,5,0,0.0,0.0,0.0004038182321573507,0.3634451572194763,0.4164055105689347,9509,1.0,0.553896308760122,0.30955033738699994,0.10554814878334008,0.909243874224419,0.31528026080555266,0.4791250394363235,0.0,0.3783783783783784,snv,vaf_bin+lc,0.05,union_hc,native,5-10%,False
,5376,5,0,0.0,0.0,0.0007140468450786289,0.03180803571428571,0.22604166666666664,5376,1.0,0.9174107142857143,0.06779644057069881,-0.18137508118343076,0.8876488095238095,0.02027529761904762,0.15941220238095238,0.00018601190476190475,0.0626860119047619,snv,vaf_bin+lc,0.05,union_hc,native,5-10%,True
,1603,5,82,0.051154086088583905,0.041401743231923416,0.06305253126997902,0.1952588895820337,0.32950717404865876,1603,0.9488459139114162,0.7685589519650655,0.3505566656935037,0.1130984699635741,0.45165315034310666,0.18091079226450404,0.2663755458515284,0.537117903930131,0.2114784778540237,snv,vaf_bin+lc,0.05,union_hc,native,10-20%,False
,8228,5,9,0.0010938259601361207,0.0005755858844757469,0.0020777036534672206,0.004861448711716091,0.2056149732620321,8228,0.9989061740398639,0.9811618862421001,0.04303769783012204,-0.23264377495678965,0.11302868254739913,0.0027953330092367525,0.03694701020904229,0.8488089450656295,0.026494895478852698,snv,vaf_bin+lc,0.05,union_hc,native,10-20%,True
,1787,5,1,0.0005595970900951316,9.878945807614272e-05,0.003163061998356436,0.0027979854504756574,0.20235030777839955,1787,0.9994404029099049,0.9944040290990487,0.08716568321965154,-0.240161704337612,0.01566871852266368,0.002238388360380526,0.01119194180190263,0.9776161163961947,0.005036373810856184,snv,vaf_bin+lc,0.05,union_hc,native,>=20%,False
,9142,5,1,0.00010938525486764385,1.9309444401268132e-05,0.0006193916359744842,0.00032815576460293154,0.20091883614088818,9142,0.9998906147451324,0.9960621308247648,0.027547594510773144,-0.24789450014223122,0.00711004156639685,0.0004375410194705754,0.003390942900896959,0.9888427040035004,0.004812951214176329,snv,vaf_bin+lc,0.05,union_hc,native,>=20%,True
all,1854,4,11,0.005933117583603021,0.003316190321089985,0.010593209050962765,0.03182308522114347,0.2833063646170442,1854,0.994066882416397,0.9045307443365695,0.06666969290430545,-0.25007748404536095,0.11434735706580366,0.16558791801510248,0.8047464940668824,,0.04854368932038835,indel,all,0.05,union_hc,native,,
,779,4,0,0.0,0.0,0.0049070712561405,0.005134788189987163,0.27439024390243905,779,1.0,0.9075738125802311,0.02169771920160427,-0.29218471014136627,0.0,0.15917843388960207,0.9332477535301669,,0.005134788189987163,indel,vaf_bin,0.05,union_hc,native,<5%,
,677,4,7,0.0103397341211226,0.0050174102074037955,0.02118760211895754,0.07090103397341212,0.30243722304283605,677,0.9896602658788775,0.8714918759231906,0.11198582849328344,-0.19551080059285467,0.04431314623338257,0.21861152141802068,0.8611521418020679,,0.08567208271787297,indel,vaf_bin,0.05,union_hc,native,5-10%,
,271,4,4,0.014760147601476014,0.005754510366714007,0.03733017879009716,0.025830258302583026,0.2730627306273063,271,0.985239852398524,0.948339483394834,0.07238980910250574,-0.2517034801298763,0.3505535055350554,0.12177121771217712,0.5535055350553506,,0.06642066420664207,indel,vaf_bin,0.05,union_hc,native,10-20%,
,127,4,0,0.0,0.0,0.029359645293763368,0.0,0.2578740157480315,127,1.0,0.968503937007874,0.005797101449275362,-0.32005048562037247,0.6850393700787402,0.015748031496062992,0.25196850393700787,,0.07874015748031496,indel,vaf_bin,0.05,union_hc,native,>=20%,
,419,4,0,0.0,0.0,0.009084867958331154,0.00954653937947494,0.29295942720763724,419,1.0,0.837708830548926,0.03473076445089083,-0.26839854368792987,0.0,0.26968973747016706,0.8926014319809069,,0.00954653937947494,indel,vaf_bin+lc,0.05,union_hc,native,<5%,False
,360,4,0,0.0,0.0,0.010558056888693507,0.0,0.25277777777777777,360,1.0,0.9888888888888889,0.0022222222222222222,-0.3284856407532992,0.0,0.030555555555555555,0.9805555555555555,,0.0,indel,vaf_bin+lc,0.05,union_hc,native,<5%,True
,225,4,4,0.017777777777777778,0.006934601592962379,0.04481064982134692,0.18222222222222223,0.3844444444444444,225,0.9822222222222222,0.6622222222222223,0.18066778489401789,-0.09242294609878764,0.06666666666666667,0.4711111111111111,0.7911111111111111,,0.2088888888888889,indel,vaf_bin+lc,0.05,union_hc,native,5-10%,False
,452,4,3,0.00663716814159292,0.0022597511074561316,0.019329901676989867,0.015486725663716814,0.2616150442477876,452,0.9933628318584071,0.9756637168141593,0.06464588393495352,-0.28940726839864556,0.033185840707964605,0.09292035398230089,0.8960176991150443,,0.024336283185840708,indel,vaf_bin+lc,0.05,union_hc,native,5-10%,True
,35,4,4,0.11428571428571428,0.04535179333097357,0.2595146864621381,0.2,0.40714285714285714,35,0.8857142857142857,0.6857142857142857,0.3169610855094726,0.04319030507996887,0.4,0.2857142857142857,0.6285714285714286,,0.3142857142857143,indel,vaf_bin+lc,0.05,union_hc,native,10-20%,False
,236,4,0,0.0,0.0,0.01601665883614395,0.0,0.2531779661016949,236,1.0,0.9872881355932204,0.007792189582591023,-0.3278020119291372,0.3432203389830508,0.09745762711864407,0.5423728813559322,,0.029661016949152543,indel,vaf_bin+lc,0.05,union_hc,native,10-20%,True
,1,4,0,0.0,0.0,0.7934506856227626,0.0,0.25,1,1.0,1.0,0.0,-0.3333333333333333,1.0,0.0,0.0,,0.0,indel,vaf_bin+lc,0.05,union_hc,native,>=20%,False
,126,4,0,0.0,1.734723475976807e-18,0.02958576448219845,0.0,0.25793650793650796,126,1.0,0.9682539682539683,0.005847953216374269,-0.3199506375976965,0.6825396825396826,0.015873015873015872,0.25396825396825395,,0.07936507936507936,indel,vaf_bin+lc,0.05,union_hc,native,>=20%,True
all,29715,4,4275,0.14386673397274105,0.1399224091120376,0.1479031264383017,0.22941275450109372,0.4350243984519603,29715,0.8561332660272589,0.6331818946659936,0.3554023357998579,0.08257205550248786,0.8477873128049807,0.21810533400639406,0.43843176846710413,,0.23577317852936228,snv,all,0.05,union_hc,shared4,,
,12519,4,1323,0.10567936736161035,0.10041455597351286,0.11118609931979755,0.22653566578800224,0.44680086268871316,12519,0.8943206326383897,0.54501158239476,0.30475157985200185,0.01841634114630582,0.8009425672977075,0.24386931863567377,0.5458103682402747,,0.19658119658119658,snv,vaf_bin,0.05,union_hc,shared4,<5%,
,14885,4,2676,0.17977830030231776,0.17369226012473912,0.18602958080115087,0.24360094054417197,0.43454820288881424,14885,0.8202216996976822,0.6851864292912327,0.4240553378573439,0.14132674585766178,0.9014444071212631,0.20873362445414848,0.36365468592542827,,0.2643600940544172,snv,vaf_bin,0.05,union_hc,shared4,5-10%,
,2134,4,274,0.12839737582005623,0.11486869123996249,0.1432615160042681,0.16307403936269915,0.3813261480787254,2134,0.8716026241799437,0.7661668228678538,0.30766937440320474,0.051370994162865335,0.7750702905342081,0.14667291471415184,0.3425492033739456,,0.26101218369259604,snv,vaf_bin,0.05,union_hc,shared4,10-20%,
,177,4,2,0.011299435028248588,0.0031042018316274587,0.04025675572661144,0.03954802259887006,0.2895480225988701,177,0.9887005649717514,0.8926553672316384,0.06707607493689967,-0.22903554284051808,0.5254237288135594,0.04519774011299435,0.288135593220339,,0.2994350282485876,snv,vaf_bin,0.05,union_hc,shared4,>=20%,
,10164,4,1293,0.12721369539551358,0.12087629240999097,0.1338327792557541,0.27016922471467925,0.4827577725304998,10164,0.8727863046044865,0.46635182998819363,0.33661938241437334,0.038243681194289704,0.7798110979929161,0.2926013380558835,0.6266233766233766,,0.2319952774498229,snv,vaf_bin+lc,0.05,union_hc,shared4,<5%,False
,2355,4,30,0.012738853503184714,0.008937695723156763,0.018127056162547225,0.03821656050955414,0.2916135881104034,2355,0.9872611464968153,0.8845010615711253,0.11376355414678717,-0.22597293037577215,0.8921443736730361,0.03354564755838641,0.1970276008492569,,0.04373673036093418,snv,vaf_bin+lc,0.05,union_hc,shared4,<5%,True
,9509,4,2591,0.2724787043853192,0.26362301385658454,0.28151814940880043,0.3634451572194763,0.5205068882111684,9509,0.7275212956146808,0.553896308760122,0.5159172289783333,0.24365358682845878,0.909243874224419,0.31528026080555266,0.4791250394363235,,0.3783783783783784,snv,vaf_bin+lc,0.05,union_hc,shared4,5-10%,False
,5376,4,85,0.015811011904761904,0.012805502218825938,0.019507988829440305,0.03162202380952381,0.28250558035714285,5376,0.9841889880952381,0.9174107142857143,0.11276466480360614,-0.23482604373624902,0.8876488095238095,0.02027529761904762,0.15941220238095238,,0.0626860119047619,snv,vaf_bin+lc,0.05,union_hc,shared4,5-10%,True
,850,4,255,0.3,0.2701490976716716,0.33165051455423267,0.36470588235294116,0.5235294117647059,850,0.7,0.5705882352941176,0.5293358013139461,0.27682988856521934,0.851764705882353,0.3411764705882353,0.5023529411764706,,0.3988235294117647,snv,vaf_bin+lc,0.05,union_hc,shared4,10-20%,False
,1284,4,19,0.014797507788161994,0.009493468734167749,0.022996135117388097,0.029595015576323987,0.28718847352024923,1284,0.985202492211838,0.8956386292834891,0.0697973149730542,-0.23359682220751002,0.7242990654205608,0.01791277258566978,0.2367601246105919,,0.16978193146417445,snv,vaf_bin+lc,0.05,union_hc,shared4,10-20%,True
,47,4,1,0.02127659574468085,0.0037657680385967812,0.11112981041629329,0.10638297872340426,0.324468085106383,47,0.9787234042553191,0.8297872340425532,0.14356971582889874,-0.14057054343616876,0.5957446808510638,0.0851063829787234,0.425531914893617,,0.19148936170212766,snv,vaf_bin+lc,0.05,union_hc,shared4,>=20%,False
,130,4,1,0.007692307692307693,0.0013591742355797132,0.04228543986355276,0.015384615384615385,0.27692307692307694,130,0.9923076923076923,0.9153846153846154,0.045287632188206785,-0.2677304964539003,0.5,0.03076923076923077,0.23846153846153847,,0.3384615384615385,snv,vaf_bin+lc,0.05,union_hc,shared4,>=20%,True
all,1854,4,11,0.005933117583603021,0.003316190321089985,0.010593209050962765,0.03182308522114347,0.2833063646170442,1854,0.994066882416397,0.9045307443365695,0.06666969290430545,-0.25007748404536095,0.11434735706580366,0.16558791801510248,0.8047464940668824,,0.04854368932038835,indel,all,0.05,union_hc,shared4,,
,779,4,0,0.0,0.0,0.0049070712561405,0.005134788189987163,0.27439024390243905,779,1.0,0.9075738125802311,0.02169771920160427,-0.29218471014136627,0.0,0.15917843388960207,0.9332477535301669,,0.005134788189987163,indel,vaf_bin,0.05,union_hc,shared4,<5%,
,677,4,7,0.0103397341211226,0.0050174102074037955,0.02118760211895754,0.07090103397341212,0.30243722304283605,677,0.9896602658788775,0.8714918759231906,0.11198582849328344,-0.19551080059285467,0.04431314623338257,0.21861152141802068,0.8611521418020679,,0.08567208271787297,indel,vaf_bin,0.05,union_hc,shared4,5-10%,
,271,4,4,0.014760147601476014,0.005754510366714007,0.03733017879009716,0.025830258302583026,0.2730627306273063,271,0.985239852398524,0.948339483394834,0.07238980910250574,-0.2517034801298763,0.3505535055350554,0.12177121771217712,0.5535055350553506,,0.06642066420664207,indel,vaf_bin,0.05,union_hc,shared4,10-20%,
,127,4,0,0.0,0.0,0.029359645293763368,0.0,0.2578740157480315,127,1.0,0.968503937007874,0.005797101449275362,-0.32005048562037247,0.6850393700787402,0.015748031496062992,0.25196850393700787,,0.07874015748031496,indel,vaf_bin,0.05,union_hc,shared4,>=20%,
,419,4,0,0.0,0.0,0.009084867958331154,0.00954653937947494,0.29295942720763724,419,1.0,0.837708830548926,0.03473076445089083,-0.26839854368792987,0.0,0.26968973747016706,0.8926014319809069,,0.00954653937947494,indel,vaf_bin+lc,0.05,union_hc,shared4,<5%,False
,360,4,0,0.0,0.0,0.010558056888693507,0.0,0.25277777777777777,360,1.0,0.9888888888888889,0.0022222222222222222,-0.3284856407532992,0.0,0.030555555555555555,0.9805555555555555,,0.0,indel,vaf_bin+lc,0.05,union_hc,shared4,<5%,True
,225,4,4,0.017777777777777778,0.006934601592962379,0.04481064982134692,0.18222222222222223,0.3844444444444444,225,0.9822222222222222,0.6622222222222223,0.18066778489401789,-0.09242294609878764,0.06666666666666667,0.4711111111111111,0.7911111111111111,,0.2088888888888889,indel,vaf_bin+lc,0.05,union_hc,shared4,5-10%,False
,452,4,3,0.00663716814159292,0.0022597511074561316,0.019329901676989867,0.015486725663716814,0.2616150442477876,452,0.9933628318584071,0.9756637168141593,0.06464588393495352,-0.28940726839864556,0.033185840707964605,0.09292035398230089,0.8960176991150443,,0.024336283185840708,indel,vaf_bin+lc,0.05,union_hc,shared4,5-10%,True
,35,4,4,0.11428571428571428,0.04535179333097357,0.2595146864621381,0.2,0.40714285714285714,35,0.8857142857142857,0.6857142857142857,0.3169610855094726,0.04319030507996887,0.4,0.2857142857142857,0.6285714285714286,,0.3142857142857143,indel,vaf_bin+lc,0.05,union_hc,shared4,10-20%,False
,236,4,0,0.0,0.0,0.01601665883614395,0.0,0.2531779661016949,236,1.0,0.9872881355932204,0.007792189582591023,-0.3278020119291372,0.3432203389830508,0.09745762711864407,0.5423728813559322,,0.029661016949152543,indel,vaf_bin+lc,0.05,union_hc,shared4,10-20%,True
,1,4,0,0.0,0.0,0.7934506856227626,0.0,0.25,1,1.0,1.0,0.0,-0.3333333333333333,1.0,0.0,0.0,,0.0,indel,vaf_bin+lc,0.05,union_hc,shared4,>=20%,False
,126,4,0,0.0,1.734723475976807e-18,0.02958576448219845,0.0,0.25793650793650796,126,1.0,0.9682539682539683,0.005847953216374269,-0.3199506375976965,0.6825396825396826,0.015873015873015872,0.25396825396825395,,0.07936507936507936,indel,vaf_bin+lc,0.05,union_hc,shared4,>=20%,True
